[10-Aug-2026 15:04:55 America/Mexico_City] 📋 Datos empresa - Plan: premium, Org ID: 6986242e7c56a2008bcd3869, Timbres: 497
[10-Aug-2026 15:04:55 America/Mexico_City] 🔑 Obteniendo API Key de prueba para organización: 6986242e7c56a2008bcd3869
[10-Aug-2026 15:04:55 America/Mexico_City] ✅ API Key de prueba obtenida correctamente
[10-Aug-2026 15:04:55 America/Mexico_City] 💾 API Key de prueba guardada en sistema_config
[10-Aug-2026 15:04:55 America/Mexico_City] ✅ Configuración de Facturapi cargada - Plan: premium, API Key disponible: SÍ
[10-Aug-2026 15:04:55 America/Mexico_City] ✅ Caja encontrada por ID de sesión - ID: 8
[10-Aug-2026 15:04:58 America/Mexico_City] 📋 Datos empresa - Plan: premium, Org ID: 6986242e7c56a2008bcd3869, Timbres: 497
[10-Aug-2026 15:04:58 America/Mexico_City] 🔑 Obteniendo API Key de prueba para organización: 6986242e7c56a2008bcd3869
[10-Aug-2026 15:04:58 America/Mexico_City] ✅ API Key de prueba obtenida correctamente
[10-Aug-2026 15:04:58 America/Mexico_City] 💾 API Key de prueba guardada en sistema_config
[10-Aug-2026 15:04:58 America/Mexico_City] ✅ Configuración de Facturapi cargada - Plan: premium, API Key disponible: SÍ
[10-Aug-2026 15:04:58 America/Mexico_City] ✅ Caja encontrada por ID de sesión - ID: 8
[10-Aug-2026 15:04:58 America/Mexico_City] === INICIO PROCESAR PAGO ===
[10-Aug-2026 15:04:58 America/Mexico_City] Plan de empresa: premium
[10-Aug-2026 15:04:58 America/Mexico_City] Timbres disponibles: 497
[10-Aug-2026 15:04:58 America/Mexico_City] ✅ Venta insertada - ID: 175, Código: 20260810150458
[10-Aug-2026 15:04:58 America/Mexico_City] ✅ STOCK ACTUALIZADO - Producto: Pagina Integracion api (Copia), Cantidad descontada: 1
[10-Aug-2026 15:04:58 America/Mexico_City] ✅ Caja actualizada correctamente
[10-Aug-2026 15:04:58 America/Mexico_City] 🎯 Plan Premium detectado - Generando recibo Facturapi
[10-Aug-2026 15:04:58 America/Mexico_City] 🔑 Usando API Key: sk_test_J6...
[10-Aug-2026 15:04:58 America/Mexico_City] 📦 Producto agregado a Facturapi: ID 103, Producto Facturapi: 6a7a3937566d2c82d9609ed3
[10-Aug-2026 15:04:58 America/Mexico_City] 📝 Creando recibo Facturapi con datos: {
    "folio_number": 20260810150458,
    "payment_form": "01",
    "items": [
        {
            "quantity": 1,
            "product": "6a7a3937566d2c82d9609ed3"
        }
    ]
}
[10-Aug-2026 15:04:59 America/Mexico_City] PHP Warning:  Undefined property: stdClass::$id in /home2/juanc141/public_html/caja.php on line 1757
[10-Aug-2026 15:04:59 America/Mexico_City] ✅ Recibo Facturapi creado: 
[10-Aug-2026 15:04:59 America/Mexico_City] 🔗 URL de facturación: 
[10-Aug-2026 15:04:59 America/Mexico_City] ✅ Venta actualizada con facturapi_receipt_id y urlfacturacion
[10-Aug-2026 15:04:59 America/Mexico_City] 📋 Datos empresa - Plan: premium, Org ID: 6986242e7c56a2008bcd3869, Timbres: 497
[10-Aug-2026 15:04:59 America/Mexico_City] 🔑 Obteniendo API Key de prueba para organización: 6986242e7c56a2008bcd3869
[10-Aug-2026 15:04:59 America/Mexico_City] ✅ API Key de prueba obtenida correctamente
[10-Aug-2026 15:04:59 America/Mexico_City] 💾 API Key de prueba guardada en sistema_config
[10-Aug-2026 15:04:59 America/Mexico_City] ✅ Configuración de Facturapi cargada - Plan: premium, API Key disponible: SÍ
[10-Aug-2026 15:04:59 America/Mexico_City] ✅ Caja encontrada por ID de sesión - ID: 8
[10-Aug-2026 15:07:17 America/Mexico_City] 📋 Datos empresa - Plan: premium, Org ID: 6986242e7c56a2008bcd3869, Timbres: 497
[10-Aug-2026 15:07:17 America/Mexico_City] 🔑 Obteniendo API Key de prueba para organización: 6986242e7c56a2008bcd3869
[10-Aug-2026 15:07:18 America/Mexico_City] ✅ API Key de prueba obtenida correctamente
[10-Aug-2026 15:07:18 America/Mexico_City] 💾 API Key de prueba guardada en sistema_config
[10-Aug-2026 15:07:18 America/Mexico_City] ✅ Configuración de Facturapi cargada - Plan: premium, API Key disponible: SÍ
[10-Aug-2026 15:07:18 America/Mexico_City] ✅ Caja encontrada por ID de sesión - ID: 8
[10-Aug-2026 15:07:19 America/Mexico_City] 📋 Datos empresa - Plan: premium, Org ID: 6986242e7c56a2008bcd3869, Timbres: 497
[10-Aug-2026 15:07:19 America/Mexico_City] 🔑 Obteniendo API Key de prueba para organización: 6986242e7c56a2008bcd3869
[10-Aug-2026 15:07:19 America/Mexico_City] ✅ API Key de prueba obtenida correctamente
[10-Aug-2026 15:07:20 America/Mexico_City] 💾 API Key de prueba guardada en sistema_config
[10-Aug-2026 15:07:20 America/Mexico_City] ✅ Configuración de Facturapi cargada - Plan: premium, API Key disponible: SÍ
[10-Aug-2026 15:07:20 America/Mexico_City] ✅ Caja encontrada por ID de sesión - ID: 8
[10-Aug-2026 15:07:22 America/Mexico_City] 📋 Datos empresa - Plan: premium, Org ID: 6986242e7c56a2008bcd3869, Timbres: 497
[10-Aug-2026 15:07:22 America/Mexico_City] 🔑 Obteniendo API Key de prueba para organización: 6986242e7c56a2008bcd3869
[10-Aug-2026 15:07:22 America/Mexico_City] ✅ API Key de prueba obtenida correctamente
[10-Aug-2026 15:07:22 America/Mexico_City] 💾 API Key de prueba guardada en sistema_config
[10-Aug-2026 15:07:22 America/Mexico_City] ✅ Configuración de Facturapi cargada - Plan: premium, API Key disponible: SÍ
[10-Aug-2026 15:07:22 America/Mexico_City] ✅ Caja encontrada por ID de sesión - ID: 8
[10-Aug-2026 15:07:22 America/Mexico_City] === INICIO PROCESAR PAGO ===
[10-Aug-2026 15:07:22 America/Mexico_City] Plan de empresa: premium
[10-Aug-2026 15:07:22 America/Mexico_City] Timbres disponibles: 497
[10-Aug-2026 15:07:22 America/Mexico_City] ✅ Venta insertada - ID: 176, Código: 20260810150722
[10-Aug-2026 15:07:22 America/Mexico_City] ✅ STOCK ACTUALIZADO - Producto: Pagina Integracion api (Copia), Cantidad descontada: 1
[10-Aug-2026 15:07:22 America/Mexico_City] ✅ Caja actualizada correctamente
[10-Aug-2026 15:07:22 America/Mexico_City] 🎯 Plan Premium detectado - Generando recibo Facturapi
[10-Aug-2026 15:07:22 America/Mexico_City] 🔑 Usando API Key: sk_test_J6...
[10-Aug-2026 15:07:22 America/Mexico_City] 📦 Producto agregado a Facturapi: ID 103, Producto Facturapi: 6a7a3937566d2c82d9609ed3
[10-Aug-2026 15:07:22 America/Mexico_City] 👤 Cliente encontrado para Facturapi: Adilia Garcia Tercero
[10-Aug-2026 15:07:22 America/Mexico_City] 📝 Creando recibo Facturapi con datos: {
    "folio_number": 20260810150722,
    "payment_form": "01",
    "items": [
        {
            "quantity": 1,
            "product": "6a7a3937566d2c82d9609ed3"
        }
    ],
    "customer": {
        "legal_name": "Adilia Garcia Tercero",
        "tax_id": "GATE981005454",
        "email": "asanchez@crmregistroventas.online",
        "phone": "2311564578"
    }
}
[10-Aug-2026 15:07:23 America/Mexico_City] PHP Warning:  Undefined property: stdClass::$id in /home2/juanc141/public_html/caja.php on line 1757
[10-Aug-2026 15:07:23 America/Mexico_City] ✅ Recibo Facturapi creado: 
[10-Aug-2026 15:07:23 America/Mexico_City] 🔗 URL de facturación: 
[10-Aug-2026 15:07:23 America/Mexico_City] ✅ Venta actualizada con facturapi_receipt_id y urlfacturacion
[10-Aug-2026 15:07:23 America/Mexico_City] 📋 Datos empresa - Plan: premium, Org ID: 6986242e7c56a2008bcd3869, Timbres: 497
[10-Aug-2026 15:07:23 America/Mexico_City] 🔑 Obteniendo API Key de prueba para organización: 6986242e7c56a2008bcd3869
[10-Aug-2026 15:07:23 America/Mexico_City] ✅ API Key de prueba obtenida correctamente
[10-Aug-2026 15:07:23 America/Mexico_City] 💾 API Key de prueba guardada en sistema_config
[10-Aug-2026 15:07:23 America/Mexico_City] ✅ Configuración de Facturapi cargada - Plan: premium, API Key disponible: SÍ
[10-Aug-2026 15:07:23 America/Mexico_City] ✅ Caja encontrada por ID de sesión - ID: 8
[10-Aug-2026 15:13:16 America/Mexico_City] 📋 Datos empresa - Plan: premium, Org ID: 6986242e7c56a2008bcd3869, Timbres: 497
[10-Aug-2026 15:13:16 America/Mexico_City] 🔑 Obteniendo API Key de prueba para organización: 6986242e7c56a2008bcd3869
[10-Aug-2026 15:13:16 America/Mexico_City] ✅ API Key de prueba obtenida correctamente
[10-Aug-2026 15:13:16 America/Mexico_City] 💾 API Key de prueba guardada en sistema_config
[10-Aug-2026 15:13:16 America/Mexico_City] ✅ Configuración de Facturapi cargada - Plan: premium, API Key disponible: SÍ
[10-Aug-2026 15:13:16 America/Mexico_City] ✅ Caja encontrada por ID de sesión - ID: 8
[10-Aug-2026 15:13:21 America/Mexico_City] 📋 Datos empresa - Plan: premium, Org ID: 6986242e7c56a2008bcd3869, Timbres: 497
[10-Aug-2026 15:13:21 America/Mexico_City] 🔑 Obteniendo API Key de prueba para organización: 6986242e7c56a2008bcd3869
[10-Aug-2026 15:13:22 America/Mexico_City] ✅ API Key de prueba obtenida correctamente
[10-Aug-2026 15:13:22 America/Mexico_City] 💾 API Key de prueba guardada en sistema_config
[10-Aug-2026 15:13:22 America/Mexico_City] ✅ Configuración de Facturapi cargada - Plan: premium, API Key disponible: SÍ
[10-Aug-2026 15:13:22 America/Mexico_City] ✅ Caja encontrada por ID de sesión - ID: 8
[10-Aug-2026 15:13:24 America/Mexico_City] 📋 Datos empresa - Plan: premium, Org ID: 6986242e7c56a2008bcd3869, Timbres: 497
[10-Aug-2026 15:13:24 America/Mexico_City] 🔑 Obteniendo API Key de prueba para organización: 6986242e7c56a2008bcd3869
[10-Aug-2026 15:13:24 America/Mexico_City] ✅ API Key de prueba obtenida correctamente
[10-Aug-2026 15:13:24 America/Mexico_City] 💾 API Key de prueba guardada en sistema_config
[10-Aug-2026 15:13:24 America/Mexico_City] ✅ Configuración de Facturapi cargada - Plan: premium, API Key disponible: SÍ
[10-Aug-2026 15:13:24 America/Mexico_City] ✅ Caja encontrada por ID de sesión - ID: 8
[10-Aug-2026 15:13:24 America/Mexico_City] === INICIO PROCESAR PAGO ===
[10-Aug-2026 15:13:24 America/Mexico_City] Plan de empresa: premium
[10-Aug-2026 15:13:24 America/Mexico_City] Timbres disponibles: 497
[10-Aug-2026 15:13:24 America/Mexico_City] ✅ Venta insertada - ID: 177, Código: 20260810151324
[10-Aug-2026 15:13:24 America/Mexico_City] ✅ STOCK ACTUALIZADO - Producto: Pagina Integracion api (Copia), Cantidad descontada: 1
[10-Aug-2026 15:13:24 America/Mexico_City] ✅ Caja actualizada correctamente
[10-Aug-2026 15:13:24 America/Mexico_City] 🎯 Plan Premium detectado - Generando recibo Facturapi
[10-Aug-2026 15:13:24 America/Mexico_City] 🔑 Usando API Key: sk_test_J6...
[10-Aug-2026 15:13:24 America/Mexico_City] 📦 Producto agregado a Facturapi: ID 103, Producto Facturapi: 6a7a3937566d2c82d9609ed3
[10-Aug-2026 15:13:24 America/Mexico_City] 👤 Cliente general - RFC genérico asignado
[10-Aug-2026 15:13:24 America/Mexico_City] 📝 Creando recibo Facturapi con datos: {
    "folio_number": 20260810151324,
    "payment_form": "01",
    "items": [
        {
            "quantity": 1,
            "product": "6a7a3937566d2c82d9609ed3"
        }
    ],
    "customer": {
        "legal_name": "P\u00fablico en General",
        "tax_id": "XAXX010101000"
    }
}
[10-Aug-2026 15:13:25 America/Mexico_City] ❌ Error al crear recibo Facturapi: Respuesta inesperada de Facturapi: {"message":"Esta funcionalidad no est\u00e1 disponible para tu organizaci\u00f3n. Contacta a soporte para m\u00e1s informaci\u00f3n.","status":400,"code":"feature_not_available","ok":false}
[10-Aug-2026 15:13:25 America/Mexico_City] 📦 Payload enviado: {"folio_number":20260810151324,"payment_form":"01","items":[{"quantity":1,"product":"6a7a3937566d2c82d9609ed3"}],"customer":{"legal_name":"P\u00fablico en General","tax_id":"XAXX010101000"}}
[10-Aug-2026 15:13:25 America/Mexico_City] 📋 Datos empresa - Plan: premium, Org ID: 6986242e7c56a2008bcd3869, Timbres: 497
[10-Aug-2026 15:13:25 America/Mexico_City] 🔑 Obteniendo API Key de prueba para organización: 6986242e7c56a2008bcd3869
[10-Aug-2026 15:13:25 America/Mexico_City] ✅ API Key de prueba obtenida correctamente
[10-Aug-2026 15:13:25 America/Mexico_City] 💾 API Key de prueba guardada en sistema_config
[10-Aug-2026 15:13:25 America/Mexico_City] ✅ Configuración de Facturapi cargada - Plan: premium, API Key disponible: SÍ
[10-Aug-2026 15:13:25 America/Mexico_City] ✅ Caja encontrada por ID de sesión - ID: 8
[12-Aug-2026 16:48:41 America/Mexico_City] 📋 Datos empresa - Plan: premium, Org ID: 6986242e7c56a2008bcd3869, Timbres: 497
[12-Aug-2026 16:48:41 America/Mexico_City] 🔑 Obteniendo API Key de prueba para organización: 6986242e7c56a2008bcd3869
[12-Aug-2026 16:48:42 America/Mexico_City] ✅ API Key de prueba obtenida correctamente
[12-Aug-2026 16:48:42 America/Mexico_City] 💾 API Key de prueba guardada en sistema_config
[12-Aug-2026 16:48:42 America/Mexico_City] ✅ Configuración de Facturapi cargada - Plan: premium, API Key disponible: SÍ
[12-Aug-2026 16:48:42 America/Mexico_City] Buscando caja por usuario/sucursal...
[12-Aug-2026 16:48:42 America/Mexico_City] ✅ Caja encontrada por usuario/sucursal - ID: 8
[12-Aug-2026 16:48:50 America/Mexico_City] 📋 Datos empresa - Plan: premium, Org ID: 6986242e7c56a2008bcd3869, Timbres: 497
[12-Aug-2026 16:48:50 America/Mexico_City] 🔑 Obteniendo API Key de prueba para organización: 6986242e7c56a2008bcd3869
[12-Aug-2026 16:48:51 America/Mexico_City] ✅ API Key de prueba obtenida correctamente
[12-Aug-2026 16:48:51 America/Mexico_City] 💾 API Key de prueba guardada en sistema_config
[12-Aug-2026 16:48:51 America/Mexico_City] ✅ Configuración de Facturapi cargada - Plan: premium, API Key disponible: SÍ
[12-Aug-2026 16:48:51 America/Mexico_City] ✅ Caja encontrada por ID de sesión - ID: 8
[12-Aug-2026 16:48:51 America/Mexico_City] 📋 Datos empresa - Plan: premium, Org ID: 6986242e7c56a2008bcd3869, Timbres: 497
[12-Aug-2026 16:48:51 America/Mexico_City] 🔑 Obteniendo API Key de prueba para organización: 6986242e7c56a2008bcd3869
[12-Aug-2026 16:48:51 America/Mexico_City] ✅ API Key de prueba obtenida correctamente
[12-Aug-2026 16:48:51 America/Mexico_City] 💾 API Key de prueba guardada en sistema_config
[12-Aug-2026 16:48:51 America/Mexico_City] ✅ Configuración de Facturapi cargada - Plan: premium, API Key disponible: SÍ
[12-Aug-2026 16:48:51 America/Mexico_City] ✅ Caja encontrada por ID de sesión - ID: 8
[12-Aug-2026 16:48:59 America/Mexico_City] 📋 Datos empresa - Plan: premium, Org ID: 6986242e7c56a2008bcd3869, Timbres: 497
[12-Aug-2026 16:48:59 America/Mexico_City] 🔑 Obteniendo API Key de prueba para organización: 6986242e7c56a2008bcd3869
[12-Aug-2026 16:49:00 America/Mexico_City] ✅ API Key de prueba obtenida correctamente
[12-Aug-2026 16:49:00 America/Mexico_City] 💾 API Key de prueba guardada en sistema_config
[12-Aug-2026 16:49:00 America/Mexico_City] ✅ Configuración de Facturapi cargada - Plan: premium, API Key disponible: SÍ
[12-Aug-2026 16:49:00 America/Mexico_City] ✅ Caja encontrada por ID de sesión - ID: 8
[12-Aug-2026 16:49:00 America/Mexico_City] 📋 Datos empresa - Plan: premium, Org ID: 6986242e7c56a2008bcd3869, Timbres: 497
[12-Aug-2026 16:49:00 America/Mexico_City] 🔑 Obteniendo API Key de prueba para organización: 6986242e7c56a2008bcd3869
[12-Aug-2026 16:49:00 America/Mexico_City] ✅ API Key de prueba obtenida correctamente
[12-Aug-2026 16:49:00 America/Mexico_City] 💾 API Key de prueba guardada en sistema_config
[12-Aug-2026 16:49:00 America/Mexico_City] ✅ Configuración de Facturapi cargada - Plan: premium, API Key disponible: SÍ
[12-Aug-2026 16:49:00 America/Mexico_City] ✅ Caja encontrada por ID de sesión - ID: 8
[17-Aug-2026 10:59:42 America/Mexico_City] 📋 Datos empresa - Plan: premium, Org ID: 6986242e7c56a2008bcd3869, Timbres: 497
[17-Aug-2026 10:59:42 America/Mexico_City] 🔑 Obteniendo API Key de prueba para organización: 6986242e7c56a2008bcd3869
[17-Aug-2026 10:59:42 America/Mexico_City] ✅ API Key de prueba obtenida correctamente
[17-Aug-2026 10:59:42 America/Mexico_City] 💾 API Key de prueba guardada en sistema_config
[17-Aug-2026 10:59:42 America/Mexico_City] ✅ Configuración de Facturapi cargada - Plan: premium, API Key disponible: SÍ
[17-Aug-2026 10:59:42 America/Mexico_City] Buscando caja por usuario/sucursal...
[17-Aug-2026 10:59:42 America/Mexico_City] ✅ Caja encontrada por usuario/sucursal - ID: 8
[17-Aug-2026 10:59:44 America/Mexico_City] 📋 Datos empresa - Plan: premium, Org ID: 6986242e7c56a2008bcd3869, Timbres: 497
[17-Aug-2026 10:59:44 America/Mexico_City] 🔑 Obteniendo API Key de prueba para organización: 6986242e7c56a2008bcd3869
[17-Aug-2026 10:59:45 America/Mexico_City] ✅ API Key de prueba obtenida correctamente
[17-Aug-2026 10:59:45 America/Mexico_City] 💾 API Key de prueba guardada en sistema_config
[17-Aug-2026 10:59:45 America/Mexico_City] ✅ Configuración de Facturapi cargada - Plan: premium, API Key disponible: SÍ
[17-Aug-2026 10:59:45 America/Mexico_City] ✅ Caja encontrada por ID de sesión - ID: 8
[17-Aug-2026 11:00:13 America/Mexico_City] 📋 Datos empresa - Plan: premium, Org ID: 6986242e7c56a2008bcd3869, Timbres: 497
[17-Aug-2026 11:00:13 America/Mexico_City] 🔑 Obteniendo API Key de prueba para organización: 6986242e7c56a2008bcd3869
[17-Aug-2026 11:00:13 America/Mexico_City] ✅ API Key de prueba obtenida correctamente
[17-Aug-2026 11:00:13 America/Mexico_City] 💾 API Key de prueba guardada en sistema_config
[17-Aug-2026 11:00:13 America/Mexico_City] ✅ Configuración de Facturapi cargada - Plan: premium, API Key disponible: SÍ
[17-Aug-2026 11:00:13 America/Mexico_City] ✅ Caja encontrada por ID de sesión - ID: 8
[17-Aug-2026 11:00:21 America/Mexico_City] 📋 Datos empresa - Plan: premium, Org ID: 6986242e7c56a2008bcd3869, Timbres: 497
[17-Aug-2026 11:00:21 America/Mexico_City] 🔑 Obteniendo API Key de prueba para organización: 6986242e7c56a2008bcd3869
[17-Aug-2026 11:00:22 America/Mexico_City] ✅ API Key de prueba obtenida correctamente
[17-Aug-2026 11:00:22 America/Mexico_City] 💾 API Key de prueba guardada en sistema_config
[17-Aug-2026 11:00:22 America/Mexico_City] ✅ Configuración de Facturapi cargada - Plan: premium, API Key disponible: SÍ
[17-Aug-2026 11:00:22 America/Mexico_City] ✅ Caja encontrada por ID de sesión - ID: 8
[17-Aug-2026 11:00:22 America/Mexico_City] === INICIO PROCESAR PAGO ===
[17-Aug-2026 11:00:22 America/Mexico_City] Plan de empresa: premium
[17-Aug-2026 11:00:22 America/Mexico_City] Timbres disponibles: 497
[17-Aug-2026 11:00:22 America/Mexico_City] ✅ Venta insertada - ID: 178, Código: 20260817110022
[17-Aug-2026 11:00:22 America/Mexico_City] ✅ STOCK ACTUALIZADO - Producto: Coca cola lata, Cantidad descontada: 1
[17-Aug-2026 11:00:22 America/Mexico_City] ✅ Caja actualizada correctamente
[17-Aug-2026 11:00:22 America/Mexico_City] ✅ Gasto automático registrado para la venta 178 - Monto: 20
[17-Aug-2026 11:00:22 America/Mexico_City] 🎯 Plan Premium detectado - Generando recibo Facturapi
[17-Aug-2026 11:00:22 America/Mexico_City] 🔑 Usando API Key: sk_test_J6...
[17-Aug-2026 11:00:22 America/Mexico_City] ⚠️ Producto ID 15 no tiene facturapi_producto_id
[17-Aug-2026 11:00:22 America/Mexico_City] ❌ Error al crear recibo Facturapi: No se encontraron productos válidos para Facturapi.
[17-Aug-2026 11:00:22 America/Mexico_City] 📋 Datos empresa - Plan: premium, Org ID: 6986242e7c56a2008bcd3869, Timbres: 497
[17-Aug-2026 11:00:22 America/Mexico_City] 🔑 Obteniendo API Key de prueba para organización: 6986242e7c56a2008bcd3869
[17-Aug-2026 11:00:22 America/Mexico_City] ✅ API Key de prueba obtenida correctamente
[17-Aug-2026 11:00:22 America/Mexico_City] 💾 API Key de prueba guardada en sistema_config
[17-Aug-2026 11:00:22 America/Mexico_City] ✅ Configuración de Facturapi cargada - Plan: premium, API Key disponible: SÍ
[17-Aug-2026 11:00:22 America/Mexico_City] ✅ Caja encontrada por ID de sesión - ID: 8
[17-Aug-2026 11:01:20 America/Mexico_City] 📋 Datos empresa - Plan: premium, Org ID: 6986242e7c56a2008bcd3869, Timbres: 497
[17-Aug-2026 11:01:20 America/Mexico_City] 🔑 Obteniendo API Key de prueba para organización: 6986242e7c56a2008bcd3869
[17-Aug-2026 11:01:21 America/Mexico_City] ✅ API Key de prueba obtenida correctamente
[17-Aug-2026 11:01:21 America/Mexico_City] 💾 API Key de prueba guardada en sistema_config
[17-Aug-2026 11:01:21 America/Mexico_City] ✅ Configuración de Facturapi cargada - Plan: premium, API Key disponible: SÍ
[17-Aug-2026 11:01:21 America/Mexico_City] ✅ Caja encontrada por ID de sesión - ID: 8
[17-Aug-2026 11:01:22 America/Mexico_City] 📋 Datos empresa - Plan: premium, Org ID: 6986242e7c56a2008bcd3869, Timbres: 497
[17-Aug-2026 11:01:22 America/Mexico_City] 🔑 Obteniendo API Key de prueba para organización: 6986242e7c56a2008bcd3869
[17-Aug-2026 11:01:23 America/Mexico_City] ✅ API Key de prueba obtenida correctamente
[17-Aug-2026 11:01:23 America/Mexico_City] 💾 API Key de prueba guardada en sistema_config
[17-Aug-2026 11:01:23 America/Mexico_City] ✅ Configuración de Facturapi cargada - Plan: premium, API Key disponible: SÍ
[17-Aug-2026 11:01:23 America/Mexico_City] ✅ Caja encontrada por ID de sesión - ID: 8
[17-Aug-2026 11:02:49 America/Mexico_City] 📋 Datos empresa - Plan: premium, Org ID: 6986242e7c56a2008bcd3869, Timbres: 497
[17-Aug-2026 11:02:49 America/Mexico_City] 🔑 Obteniendo API Key de prueba para organización: 6986242e7c56a2008bcd3869
[17-Aug-2026 11:02:49 America/Mexico_City] ✅ API Key de prueba obtenida correctamente
[17-Aug-2026 11:02:49 America/Mexico_City] 💾 API Key de prueba guardada en sistema_config
[17-Aug-2026 11:02:49 America/Mexico_City] ✅ Configuración de Facturapi cargada - Plan: premium, API Key disponible: SÍ
[17-Aug-2026 11:02:49 America/Mexico_City] ✅ Caja encontrada por ID de sesión - ID: 8
[17-Aug-2026 11:02:52 America/Mexico_City] 📋 Datos empresa - Plan: premium, Org ID: 6986242e7c56a2008bcd3869, Timbres: 497
[17-Aug-2026 11:02:52 America/Mexico_City] 🔑 Obteniendo API Key de prueba para organización: 6986242e7c56a2008bcd3869
[17-Aug-2026 11:02:53 America/Mexico_City] ✅ API Key de prueba obtenida correctamente
[17-Aug-2026 11:02:53 America/Mexico_City] 💾 API Key de prueba guardada en sistema_config
[17-Aug-2026 11:02:53 America/Mexico_City] ✅ Configuración de Facturapi cargada - Plan: premium, API Key disponible: SÍ
[17-Aug-2026 11:02:53 America/Mexico_City] ✅ Caja encontrada por ID de sesión - ID: 8
[17-Aug-2026 11:02:55 America/Mexico_City] 📋 Datos empresa - Plan: premium, Org ID: 6986242e7c56a2008bcd3869, Timbres: 497
[17-Aug-2026 11:02:55 America/Mexico_City] 🔑 Obteniendo API Key de prueba para organización: 6986242e7c56a2008bcd3869
[17-Aug-2026 11:02:56 America/Mexico_City] ✅ API Key de prueba obtenida correctamente
[17-Aug-2026 11:02:56 America/Mexico_City] 💾 API Key de prueba guardada en sistema_config
[17-Aug-2026 11:02:56 America/Mexico_City] ✅ Configuración de Facturapi cargada - Plan: premium, API Key disponible: SÍ
[17-Aug-2026 11:02:56 America/Mexico_City] ✅ Caja encontrada por ID de sesión - ID: 8
[17-Aug-2026 11:02:58 America/Mexico_City] 📋 Datos empresa - Plan: premium, Org ID: 6986242e7c56a2008bcd3869, Timbres: 497
[17-Aug-2026 11:02:58 America/Mexico_City] 🔑 Obteniendo API Key de prueba para organización: 6986242e7c56a2008bcd3869
[17-Aug-2026 11:02:58 America/Mexico_City] ✅ API Key de prueba obtenida correctamente
[17-Aug-2026 11:02:58 America/Mexico_City] 💾 API Key de prueba guardada en sistema_config
[17-Aug-2026 11:02:58 America/Mexico_City] ✅ Configuración de Facturapi cargada - Plan: premium, API Key disponible: SÍ
[17-Aug-2026 11:02:58 America/Mexico_City] ✅ Caja encontrada por ID de sesión - ID: 8
[17-Aug-2026 11:03:22 America/Mexico_City] 📋 Datos empresa - Plan: premium, Org ID: 6986242e7c56a2008bcd3869, Timbres: 497
[17-Aug-2026 11:03:22 America/Mexico_City] 🔑 Obteniendo API Key de prueba para organización: 6986242e7c56a2008bcd3869
[17-Aug-2026 11:03:23 America/Mexico_City] ✅ API Key de prueba obtenida correctamente
[17-Aug-2026 11:03:23 America/Mexico_City] 💾 API Key de prueba guardada en sistema_config
[17-Aug-2026 11:03:23 America/Mexico_City] ✅ Configuración de Facturapi cargada - Plan: premium, API Key disponible: SÍ
[17-Aug-2026 11:03:23 America/Mexico_City] ✅ Caja encontrada por ID de sesión - ID: 8
[17-Aug-2026 11:03:35 America/Mexico_City] 📋 Datos empresa - Plan: premium, Org ID: 6986242e7c56a2008bcd3869, Timbres: 497
[17-Aug-2026 11:03:35 America/Mexico_City] 🔑 Obteniendo API Key de prueba para organización: 6986242e7c56a2008bcd3869
[17-Aug-2026 11:03:35 America/Mexico_City] ✅ API Key de prueba obtenida correctamente
[17-Aug-2026 11:03:35 America/Mexico_City] 💾 API Key de prueba guardada en sistema_config
[17-Aug-2026 11:03:35 America/Mexico_City] ✅ Configuración de Facturapi cargada - Plan: premium, API Key disponible: SÍ
[17-Aug-2026 11:03:35 America/Mexico_City] ✅ Caja encontrada por ID de sesión - ID: 8
[17-Aug-2026 11:03:35 America/Mexico_City] === INICIO PROCESAR PAGO ===
[17-Aug-2026 11:03:35 America/Mexico_City] Plan de empresa: premium
[17-Aug-2026 11:03:35 America/Mexico_City] Timbres disponibles: 497
[17-Aug-2026 11:03:35 America/Mexico_City] ✅ Venta insertada - ID: 179, Código: 20260817110335
[17-Aug-2026 11:03:35 America/Mexico_City] ✅ STOCK ACTUALIZADO - Producto: Coca cola lata, Cantidad descontada: 4
[17-Aug-2026 11:03:35 America/Mexico_City] ✅ Caja actualizada correctamente
[17-Aug-2026 11:03:35 America/Mexico_City] ✅ Gasto automático registrado para la venta 179 - Monto: 80
[17-Aug-2026 11:03:35 America/Mexico_City] 🎯 Plan Premium detectado - Generando recibo Facturapi
[17-Aug-2026 11:03:35 America/Mexico_City] 🔑 Usando API Key: sk_test_J6...
[17-Aug-2026 11:03:35 America/Mexico_City] ⚠️ Producto ID 15 no tiene facturapi_producto_id
[17-Aug-2026 11:03:35 America/Mexico_City] ❌ Error al crear recibo Facturapi: No se encontraron productos válidos para Facturapi.
[17-Aug-2026 11:03:36 America/Mexico_City] 📋 Datos empresa - Plan: premium, Org ID: 6986242e7c56a2008bcd3869, Timbres: 497
[17-Aug-2026 11:03:36 America/Mexico_City] 🔑 Obteniendo API Key de prueba para organización: 6986242e7c56a2008bcd3869
[17-Aug-2026 11:03:36 America/Mexico_City] ✅ API Key de prueba obtenida correctamente
[17-Aug-2026 11:03:36 America/Mexico_City] 💾 API Key de prueba guardada en sistema_config
[17-Aug-2026 11:03:36 America/Mexico_City] ✅ Configuración de Facturapi cargada - Plan: premium, API Key disponible: SÍ
[17-Aug-2026 11:03:36 America/Mexico_City] ✅ Caja encontrada por ID de sesión - ID: 8
[17-Aug-2026 11:15:46 America/Mexico_City] 📋 Datos empresa - Plan: premium, Org ID: 6986242e7c56a2008bcd3869, Timbres: 497
[17-Aug-2026 11:15:46 America/Mexico_City] 🔑 Obteniendo API Key de prueba para organización: 6986242e7c56a2008bcd3869
[17-Aug-2026 11:15:46 America/Mexico_City] ✅ API Key de prueba obtenida correctamente
[17-Aug-2026 11:15:46 America/Mexico_City] 💾 API Key de prueba guardada en sistema_config
[17-Aug-2026 11:15:46 America/Mexico_City] ✅ Configuración de Facturapi cargada - Plan: premium, API Key disponible: SÍ
[17-Aug-2026 11:15:46 America/Mexico_City] ✅ Caja encontrada por ID de sesión - ID: 8
[17-Aug-2026 11:15:48 America/Mexico_City] 📋 Datos empresa - Plan: premium, Org ID: 6986242e7c56a2008bcd3869, Timbres: 497
[17-Aug-2026 11:15:48 America/Mexico_City] 🔑 Obteniendo API Key de prueba para organización: 6986242e7c56a2008bcd3869
[17-Aug-2026 11:15:49 America/Mexico_City] ✅ API Key de prueba obtenida correctamente
[17-Aug-2026 11:15:49 America/Mexico_City] 💾 API Key de prueba guardada en sistema_config
[17-Aug-2026 11:15:49 America/Mexico_City] ✅ Configuración de Facturapi cargada - Plan: premium, API Key disponible: SÍ
[17-Aug-2026 11:15:49 America/Mexico_City] ✅ Caja encontrada por ID de sesión - ID: 8
[17-Aug-2026 11:16:04 America/Mexico_City] 📋 Datos empresa - Plan: premium, Org ID: 6986242e7c56a2008bcd3869, Timbres: 497
[17-Aug-2026 11:16:04 America/Mexico_City] 🔑 Obteniendo API Key de prueba para organización: 6986242e7c56a2008bcd3869
[17-Aug-2026 11:16:04 America/Mexico_City] ✅ API Key de prueba obtenida correctamente
[17-Aug-2026 11:16:04 America/Mexico_City] 💾 API Key de prueba guardada en sistema_config
[17-Aug-2026 11:16:04 America/Mexico_City] ✅ Configuración de Facturapi cargada - Plan: premium, API Key disponible: SÍ
[17-Aug-2026 11:16:04 America/Mexico_City] ✅ Caja encontrada por ID de sesión - ID: 8
[17-Aug-2026 11:17:48 America/Mexico_City] 📋 Datos empresa - Plan: premium, Org ID: 6986242e7c56a2008bcd3869, Timbres: 497
[17-Aug-2026 11:17:48 America/Mexico_City] 🔑 Obteniendo API Key de prueba para organización: 6986242e7c56a2008bcd3869
[17-Aug-2026 11:17:48 America/Mexico_City] ✅ API Key de prueba obtenida correctamente
[17-Aug-2026 11:17:48 America/Mexico_City] 💾 API Key de prueba guardada en sistema_config
[17-Aug-2026 11:17:48 America/Mexico_City] ✅ Configuración de Facturapi cargada - Plan: premium, API Key disponible: SÍ
[17-Aug-2026 11:17:48 America/Mexico_City] ✅ Caja encontrada por ID de sesión - ID: 8
[17-Aug-2026 11:17:48 America/Mexico_City] 📋 Datos empresa - Plan: premium, Org ID: 6986242e7c56a2008bcd3869, Timbres: 497
[17-Aug-2026 11:17:48 America/Mexico_City] 🔑 Obteniendo API Key de prueba para organización: 6986242e7c56a2008bcd3869
[17-Aug-2026 11:17:49 America/Mexico_City] ✅ API Key de prueba obtenida correctamente
[17-Aug-2026 11:17:49 America/Mexico_City] 💾 API Key de prueba guardada en sistema_config
[17-Aug-2026 11:17:49 America/Mexico_City] ✅ Configuración de Facturapi cargada - Plan: premium, API Key disponible: SÍ
[17-Aug-2026 11:17:49 America/Mexico_City] ✅ Caja encontrada por ID de sesión - ID: 8
[17-Aug-2026 11:17:59 America/Mexico_City] 📋 Datos empresa - Plan: premium, Org ID: 6986242e7c56a2008bcd3869, Timbres: 497
[17-Aug-2026 11:17:59 America/Mexico_City] 🔑 Obteniendo API Key de prueba para organización: 6986242e7c56a2008bcd3869
[17-Aug-2026 11:17:59 America/Mexico_City] ✅ API Key de prueba obtenida correctamente
[17-Aug-2026 11:17:59 America/Mexico_City] 💾 API Key de prueba guardada en sistema_config
[17-Aug-2026 11:17:59 America/Mexico_City] ✅ Configuración de Facturapi cargada - Plan: premium, API Key disponible: SÍ
[17-Aug-2026 11:17:59 America/Mexico_City] ✅ Caja encontrada por ID de sesión - ID: 8
[17-Aug-2026 11:17:59 America/Mexico_City] === INICIO PROCESAR PAGO ===
[17-Aug-2026 11:17:59 America/Mexico_City] Plan de empresa: premium
[17-Aug-2026 11:17:59 America/Mexico_City] Timbres disponibles: 497
[17-Aug-2026 11:17:59 America/Mexico_City] ✅ Venta insertada - ID: 180, Código: 20260817111759
[17-Aug-2026 11:17:59 America/Mexico_City] ✅ STOCK ACTUALIZADO - Producto: cscsw2cs, Cantidad descontada: 1
[17-Aug-2026 11:17:59 America/Mexico_City] ✅ Caja actualizada correctamente
[17-Aug-2026 11:17:59 America/Mexico_City] 🎯 Plan Premium detectado - Generando recibo Facturapi
[17-Aug-2026 11:17:59 America/Mexico_City] 🔑 Usando API Key: sk_test_J6...
[17-Aug-2026 11:17:59 America/Mexico_City] ⚠️ Producto ID 66 no tiene facturapi_producto_id
[17-Aug-2026 11:17:59 America/Mexico_City] ❌ Error al crear recibo Facturapi: No se encontraron productos válidos para Facturapi.
[17-Aug-2026 11:17:59 America/Mexico_City] 📋 Datos empresa - Plan: premium, Org ID: 6986242e7c56a2008bcd3869, Timbres: 497
[17-Aug-2026 11:17:59 America/Mexico_City] 🔑 Obteniendo API Key de prueba para organización: 6986242e7c56a2008bcd3869
[17-Aug-2026 11:18:00 America/Mexico_City] ✅ API Key de prueba obtenida correctamente
[17-Aug-2026 11:18:00 America/Mexico_City] 💾 API Key de prueba guardada en sistema_config
[17-Aug-2026 11:18:00 America/Mexico_City] ✅ Configuración de Facturapi cargada - Plan: premium, API Key disponible: SÍ
[17-Aug-2026 11:18:00 America/Mexico_City] ✅ Caja encontrada por ID de sesión - ID: 8
[17-Aug-2026 11:19:08 America/Mexico_City] 📋 Datos empresa - Plan: premium, Org ID: 6986242e7c56a2008bcd3869, Timbres: 497
[17-Aug-2026 11:19:08 America/Mexico_City] 🔑 Obteniendo API Key de prueba para organización: 6986242e7c56a2008bcd3869
[17-Aug-2026 11:19:09 America/Mexico_City] ✅ API Key de prueba obtenida correctamente
[17-Aug-2026 11:19:09 America/Mexico_City] 💾 API Key de prueba guardada en sistema_config
[17-Aug-2026 11:19:09 America/Mexico_City] ✅ Configuración de Facturapi cargada - Plan: premium, API Key disponible: SÍ
[17-Aug-2026 11:19:09 America/Mexico_City] ✅ Caja encontrada por ID de sesión - ID: 8
[17-Aug-2026 16:12:51 America/Mexico_City] 📋 Datos empresa - Plan: premium, Org ID: 6986242e7c56a2008bcd3869, Timbres: 497
[17-Aug-2026 16:12:51 America/Mexico_City] 🔑 Obteniendo API Key de prueba para organización: 6986242e7c56a2008bcd3869
[17-Aug-2026 16:12:51 America/Mexico_City] ✅ API Key de prueba obtenida correctamente
[17-Aug-2026 16:12:51 America/Mexico_City] 💾 API Key de prueba guardada en sistema_config
[17-Aug-2026 16:12:51 America/Mexico_City] ✅ Configuración de Facturapi cargada - Plan: premium, API Key disponible: SÍ
[17-Aug-2026 16:12:51 America/Mexico_City] Buscando caja por usuario/sucursal...
[17-Aug-2026 16:12:51 America/Mexico_City] ✅ Caja encontrada por usuario/sucursal - ID: 8
[17-Aug-2026 16:12:53 America/Mexico_City] 📋 Datos empresa - Plan: premium, Org ID: 6986242e7c56a2008bcd3869, Timbres: 497
[17-Aug-2026 16:12:53 America/Mexico_City] 🔑 Obteniendo API Key de prueba para organización: 6986242e7c56a2008bcd3869
[17-Aug-2026 16:12:53 America/Mexico_City] ✅ API Key de prueba obtenida correctamente
[17-Aug-2026 16:12:53 America/Mexico_City] 💾 API Key de prueba guardada en sistema_config
[17-Aug-2026 16:12:53 America/Mexico_City] ✅ Configuración de Facturapi cargada - Plan: premium, API Key disponible: SÍ
[17-Aug-2026 16:12:53 America/Mexico_City] ✅ Caja encontrada por ID de sesión - ID: 8
[17-Aug-2026 16:12:58 America/Mexico_City] 📋 Datos empresa - Plan: premium, Org ID: 6986242e7c56a2008bcd3869, Timbres: 497
[17-Aug-2026 16:12:58 America/Mexico_City] 🔑 Obteniendo API Key de prueba para organización: 6986242e7c56a2008bcd3869
[17-Aug-2026 16:12:58 America/Mexico_City] ✅ API Key de prueba obtenida correctamente
[17-Aug-2026 16:12:58 America/Mexico_City] 💾 API Key de prueba guardada en sistema_config
[17-Aug-2026 16:12:58 America/Mexico_City] ✅ Configuración de Facturapi cargada - Plan: premium, API Key disponible: SÍ
[17-Aug-2026 16:12:58 America/Mexico_City] ✅ Caja encontrada por ID de sesión - ID: 8
[17-Aug-2026 18:00:09 America/Mexico_City] 📋 Datos empresa - Plan: premium, Org ID: 6986242e7c56a2008bcd3869, Timbres: 497
[17-Aug-2026 18:00:09 America/Mexico_City] 🔑 Obteniendo API Key de prueba para organización: 6986242e7c56a2008bcd3869
[17-Aug-2026 18:00:10 America/Mexico_City] ✅ API Key de prueba obtenida correctamente
[17-Aug-2026 18:00:10 America/Mexico_City] 💾 API Key de prueba guardada en sistema_config
[17-Aug-2026 18:00:10 America/Mexico_City] ✅ Configuración de Facturapi cargada - Plan: premium, API Key disponible: SÍ
[17-Aug-2026 18:00:10 America/Mexico_City] Buscando caja por usuario/sucursal...
[17-Aug-2026 18:00:10 America/Mexico_City] ✅ Caja encontrada por usuario/sucursal - ID: 8
[18-Aug-2026 09:59:34 America/Mexico_City] 📋 Datos empresa - Plan: premium, Org ID: 6986242e7c56a2008bcd3869, Timbres: 497
[18-Aug-2026 09:59:34 America/Mexico_City] 🔑 Obteniendo API Key de prueba para organización: 6986242e7c56a2008bcd3869
[18-Aug-2026 09:59:35 America/Mexico_City] ✅ API Key de prueba obtenida correctamente
[18-Aug-2026 09:59:39 America/Mexico_City] 💾 API Key de prueba guardada en sistema_config
[18-Aug-2026 09:59:39 America/Mexico_City] ✅ Configuración de Facturapi cargada - Plan: premium, API Key disponible: SÍ
[18-Aug-2026 09:59:39 America/Mexico_City] Buscando caja por usuario/sucursal...
[18-Aug-2026 09:59:39 America/Mexico_City] ✅ Caja encontrada por usuario/sucursal - ID: 8
[18-Aug-2026 10:03:16 America/Mexico_City] 📋 Datos empresa - Plan: premium, Org ID: 6986242e7c56a2008bcd3869, Timbres: 497
[18-Aug-2026 10:03:16 America/Mexico_City] 🔑 Obteniendo API Key de prueba para organización: 6986242e7c56a2008bcd3869
[18-Aug-2026 10:03:17 America/Mexico_City] ✅ API Key de prueba obtenida correctamente
[18-Aug-2026 10:03:18 America/Mexico_City] 💾 API Key de prueba guardada en sistema_config
[18-Aug-2026 10:03:18 America/Mexico_City] ✅ Configuración de Facturapi cargada - Plan: premium, API Key disponible: SÍ
[18-Aug-2026 10:03:19 America/Mexico_City] Buscando caja por usuario/sucursal...
[18-Aug-2026 10:03:19 America/Mexico_City] ✅ Caja encontrada por usuario/sucursal - ID: 8
[18-Aug-2026 10:03:49 America/Mexico_City] 📋 Datos empresa - Plan: premium, Org ID: 6986242e7c56a2008bcd3869, Timbres: 497
[18-Aug-2026 10:03:49 America/Mexico_City] 🔑 Obteniendo API Key de prueba para organización: 6986242e7c56a2008bcd3869
[18-Aug-2026 10:03:51 America/Mexico_City] ✅ API Key de prueba obtenida correctamente
[18-Aug-2026 10:03:55 America/Mexico_City] 💾 API Key de prueba guardada en sistema_config
[18-Aug-2026 10:03:55 America/Mexico_City] ✅ Configuración de Facturapi cargada - Plan: premium, API Key disponible: SÍ
[18-Aug-2026 10:03:57 America/Mexico_City] ✅ Caja encontrada por ID de sesión - ID: 8
[18-Aug-2026 10:04:35 America/Mexico_City] 📋 Datos empresa - Plan: premium, Org ID: 6986242e7c56a2008bcd3869, Timbres: 497
[18-Aug-2026 10:04:35 America/Mexico_City] 🔑 Obteniendo API Key de prueba para organización: 6986242e7c56a2008bcd3869
[18-Aug-2026 10:04:35 America/Mexico_City] ✅ API Key de prueba obtenida correctamente
[18-Aug-2026 10:04:36 America/Mexico_City] 💾 API Key de prueba guardada en sistema_config
[18-Aug-2026 10:04:36 America/Mexico_City] ✅ Configuración de Facturapi cargada - Plan: premium, API Key disponible: SÍ
[18-Aug-2026 10:04:40 America/Mexico_City] ✅ Caja encontrada por ID de sesión - ID: 8
[18-Aug-2026 10:11:00 America/Mexico_City] 📋 Datos empresa - Plan: premium, Org ID: 6986242e7c56a2008bcd3869, Timbres: 497
[18-Aug-2026 10:11:00 America/Mexico_City] 🔑 Obteniendo API Key de prueba para organización: 6986242e7c56a2008bcd3869
[18-Aug-2026 10:11:01 America/Mexico_City] ✅ API Key de prueba obtenida correctamente
[18-Aug-2026 10:11:01 America/Mexico_City] 💾 API Key de prueba guardada en sistema_config
[18-Aug-2026 10:11:01 America/Mexico_City] ✅ Configuración de Facturapi cargada - Plan: premium, API Key disponible: SÍ
[18-Aug-2026 10:11:02 America/Mexico_City] ✅ Caja encontrada por ID de sesión - ID: 8
[18-Aug-2026 10:11:16 America/Mexico_City] 📋 Datos empresa - Plan: premium, Org ID: 6986242e7c56a2008bcd3869, Timbres: 497
[18-Aug-2026 10:11:16 America/Mexico_City] 🔑 Obteniendo API Key de prueba para organización: 6986242e7c56a2008bcd3869
[18-Aug-2026 10:11:17 America/Mexico_City] ✅ API Key de prueba obtenida correctamente
[18-Aug-2026 10:11:20 America/Mexico_City] 💾 API Key de prueba guardada en sistema_config
[18-Aug-2026 10:11:20 America/Mexico_City] ✅ Configuración de Facturapi cargada - Plan: premium, API Key disponible: SÍ
[18-Aug-2026 10:11:21 America/Mexico_City] ✅ Caja encontrada por ID de sesión - ID: 8
[18-Aug-2026 10:11:28 America/Mexico_City] 📋 Datos empresa - Plan: premium, Org ID: 6986242e7c56a2008bcd3869, Timbres: 497
[18-Aug-2026 10:11:28 America/Mexico_City] 🔑 Obteniendo API Key de prueba para organización: 6986242e7c56a2008bcd3869
[18-Aug-2026 10:11:29 America/Mexico_City] ✅ API Key de prueba obtenida correctamente
[18-Aug-2026 10:11:30 America/Mexico_City] 💾 API Key de prueba guardada en sistema_config
[18-Aug-2026 10:11:30 America/Mexico_City] ✅ Configuración de Facturapi cargada - Plan: premium, API Key disponible: SÍ
[18-Aug-2026 10:11:32 America/Mexico_City] ✅ Caja encontrada por ID de sesión - ID: 8
[18-Aug-2026 10:11:40 America/Mexico_City] 📋 Datos empresa - Plan: premium, Org ID: 6986242e7c56a2008bcd3869, Timbres: 497
[18-Aug-2026 10:11:40 America/Mexico_City] 🔑 Obteniendo API Key de prueba para organización: 6986242e7c56a2008bcd3869
[18-Aug-2026 10:11:41 America/Mexico_City] ✅ API Key de prueba obtenida correctamente
[18-Aug-2026 10:11:42 America/Mexico_City] 💾 API Key de prueba guardada en sistema_config
[18-Aug-2026 10:11:42 America/Mexico_City] ✅ Configuración de Facturapi cargada - Plan: premium, API Key disponible: SÍ
[18-Aug-2026 10:11:45 America/Mexico_City] ✅ Caja encontrada por ID de sesión - ID: 8
[18-Aug-2026 10:36:33 America/Mexico_City] 📋 Datos empresa - Plan: premium, Org ID: 6986242e7c56a2008bcd3869, Timbres: 497
[18-Aug-2026 10:36:33 America/Mexico_City] 🔑 Obteniendo API Key de prueba para organización: 6986242e7c56a2008bcd3869
[18-Aug-2026 10:36:34 America/Mexico_City] ✅ API Key de prueba obtenida correctamente
[18-Aug-2026 10:36:34 America/Mexico_City] 💾 API Key de prueba guardada en sistema_config
[18-Aug-2026 10:36:34 America/Mexico_City] ✅ Configuración de Facturapi cargada - Plan: premium, API Key disponible: SÍ
[18-Aug-2026 10:36:34 America/Mexico_City] ✅ Caja encontrada por ID de sesión - ID: 8
[18-Aug-2026 10:36:37 America/Mexico_City] 📋 Datos empresa - Plan: premium, Org ID: 6986242e7c56a2008bcd3869, Timbres: 497
[18-Aug-2026 10:36:37 America/Mexico_City] 🔑 Obteniendo API Key de prueba para organización: 6986242e7c56a2008bcd3869
[18-Aug-2026 10:36:37 America/Mexico_City] ✅ API Key de prueba obtenida correctamente
[18-Aug-2026 10:36:37 America/Mexico_City] 💾 API Key de prueba guardada en sistema_config
[18-Aug-2026 10:36:37 America/Mexico_City] ✅ Configuración de Facturapi cargada - Plan: premium, API Key disponible: SÍ
[18-Aug-2026 10:36:37 America/Mexico_City] ✅ Caja encontrada por ID de sesión - ID: 8
[18-Aug-2026 10:36:39 America/Mexico_City] 📋 Datos empresa - Plan: premium, Org ID: 6986242e7c56a2008bcd3869, Timbres: 497
[18-Aug-2026 10:36:39 America/Mexico_City] 🔑 Obteniendo API Key de prueba para organización: 6986242e7c56a2008bcd3869
[18-Aug-2026 10:36:40 America/Mexico_City] ✅ API Key de prueba obtenida correctamente
[18-Aug-2026 10:36:40 America/Mexico_City] 💾 API Key de prueba guardada en sistema_config
[18-Aug-2026 10:36:40 America/Mexico_City] ✅ Configuración de Facturapi cargada - Plan: premium, API Key disponible: SÍ
[18-Aug-2026 10:36:40 America/Mexico_City] ✅ Caja encontrada por ID de sesión - ID: 8
[18-Aug-2026 10:36:41 America/Mexico_City] 📋 Datos empresa - Plan: premium, Org ID: 6986242e7c56a2008bcd3869, Timbres: 497
[18-Aug-2026 10:36:41 America/Mexico_City] 🔑 Obteniendo API Key de prueba para organización: 6986242e7c56a2008bcd3869
[18-Aug-2026 10:36:42 America/Mexico_City] ✅ API Key de prueba obtenida correctamente
[18-Aug-2026 10:36:42 America/Mexico_City] 💾 API Key de prueba guardada en sistema_config
[18-Aug-2026 10:36:42 America/Mexico_City] ✅ Configuración de Facturapi cargada - Plan: premium, API Key disponible: SÍ
[18-Aug-2026 10:36:42 America/Mexico_City] ✅ Caja encontrada por ID de sesión - ID: 8
[18-Aug-2026 14:04:38 America/Mexico_City] 📋 Datos empresa - Plan: premium, Org ID: 6986242e7c56a2008bcd3869, Timbres: 497
[18-Aug-2026 14:04:38 America/Mexico_City] 🔑 Obteniendo API Key de prueba para organización: 6986242e7c56a2008bcd3869
[18-Aug-2026 14:04:39 America/Mexico_City] ✅ API Key de prueba obtenida correctamente
[18-Aug-2026 14:04:39 America/Mexico_City] 💾 API Key de prueba guardada en sistema_config
[18-Aug-2026 14:04:39 America/Mexico_City] ✅ Configuración de Facturapi cargada - Plan: premium, API Key disponible: SÍ
[18-Aug-2026 14:04:39 America/Mexico_City] Buscando caja por usuario/sucursal...
[18-Aug-2026 14:04:39 America/Mexico_City] ✅ Caja encontrada por usuario/sucursal - ID: 8
[18-Aug-2026 14:04:42 America/Mexico_City] 📋 Datos empresa - Plan: premium, Org ID: 6986242e7c56a2008bcd3869, Timbres: 497
[18-Aug-2026 14:04:42 America/Mexico_City] 🔑 Obteniendo API Key de prueba para organización: 6986242e7c56a2008bcd3869
[18-Aug-2026 14:04:43 America/Mexico_City] ✅ API Key de prueba obtenida correctamente
[18-Aug-2026 14:04:43 America/Mexico_City] 💾 API Key de prueba guardada en sistema_config
[18-Aug-2026 14:04:43 America/Mexico_City] ✅ Configuración de Facturapi cargada - Plan: premium, API Key disponible: SÍ
[18-Aug-2026 14:04:43 America/Mexico_City] ✅ Caja encontrada por ID de sesión - ID: 8
[18-Aug-2026 14:04:45 America/Mexico_City] 📋 Datos empresa - Plan: premium, Org ID: 6986242e7c56a2008bcd3869, Timbres: 497
[18-Aug-2026 14:04:45 America/Mexico_City] 🔑 Obteniendo API Key de prueba para organización: 6986242e7c56a2008bcd3869
[18-Aug-2026 14:04:45 America/Mexico_City] ✅ API Key de prueba obtenida correctamente
[18-Aug-2026 14:04:45 America/Mexico_City] 💾 API Key de prueba guardada en sistema_config
[18-Aug-2026 14:04:45 America/Mexico_City] ✅ Configuración de Facturapi cargada - Plan: premium, API Key disponible: SÍ
[18-Aug-2026 14:04:45 America/Mexico_City] ✅ Caja encontrada por ID de sesión - ID: 8
[18-Aug-2026 14:04:47 America/Mexico_City] 📋 Datos empresa - Plan: premium, Org ID: 6986242e7c56a2008bcd3869, Timbres: 497
[18-Aug-2026 14:04:47 America/Mexico_City] 🔑 Obteniendo API Key de prueba para organización: 6986242e7c56a2008bcd3869
[18-Aug-2026 14:04:47 America/Mexico_City] ✅ API Key de prueba obtenida correctamente
[18-Aug-2026 14:04:47 America/Mexico_City] 💾 API Key de prueba guardada en sistema_config
[18-Aug-2026 14:04:47 America/Mexico_City] ✅ Configuración de Facturapi cargada - Plan: premium, API Key disponible: SÍ
[18-Aug-2026 14:04:47 America/Mexico_City] ✅ Caja encontrada por ID de sesión - ID: 8
[18-Aug-2026 14:04:48 America/Mexico_City] 📋 Datos empresa - Plan: premium, Org ID: 6986242e7c56a2008bcd3869, Timbres: 497
[18-Aug-2026 14:04:48 America/Mexico_City] 🔑 Obteniendo API Key de prueba para organización: 6986242e7c56a2008bcd3869
[18-Aug-2026 14:04:48 America/Mexico_City] ✅ API Key de prueba obtenida correctamente
[18-Aug-2026 14:04:48 America/Mexico_City] 💾 API Key de prueba guardada en sistema_config
[18-Aug-2026 14:04:48 America/Mexico_City] ✅ Configuración de Facturapi cargada - Plan: premium, API Key disponible: SÍ
[18-Aug-2026 14:04:48 America/Mexico_City] ✅ Caja encontrada por ID de sesión - ID: 8
[18-Aug-2026 14:04:58 America/Mexico_City] 📋 Datos empresa - Plan: premium, Org ID: 6986242e7c56a2008bcd3869, Timbres: 497
[18-Aug-2026 14:04:58 America/Mexico_City] 🔑 Obteniendo API Key de prueba para organización: 6986242e7c56a2008bcd3869
[18-Aug-2026 14:04:58 America/Mexico_City] ✅ API Key de prueba obtenida correctamente
[18-Aug-2026 14:04:58 America/Mexico_City] 💾 API Key de prueba guardada en sistema_config
[18-Aug-2026 14:04:58 America/Mexico_City] ✅ Configuración de Facturapi cargada - Plan: premium, API Key disponible: SÍ
[18-Aug-2026 14:04:58 America/Mexico_City] ✅ Caja encontrada por ID de sesión - ID: 8
[18-Aug-2026 14:08:00 America/Mexico_City] 📋 Datos empresa - Plan: premium, Org ID: 6986242e7c56a2008bcd3869, Timbres: 497
[18-Aug-2026 14:08:00 America/Mexico_City] 🔑 Obteniendo API Key de prueba para organización: 6986242e7c56a2008bcd3869
[18-Aug-2026 14:08:01 America/Mexico_City] ✅ API Key de prueba obtenida correctamente
[18-Aug-2026 14:08:01 America/Mexico_City] 💾 API Key de prueba guardada en sistema_config
[18-Aug-2026 14:08:01 America/Mexico_City] ✅ Configuración de Facturapi cargada - Plan: premium, API Key disponible: SÍ
[18-Aug-2026 14:08:01 America/Mexico_City] ✅ Caja encontrada por ID de sesión - ID: 8
[18-Aug-2026 14:11:52 America/Mexico_City] 📋 Datos empresa - Plan: premium, Org ID: 6986242e7c56a2008bcd3869, Timbres: 497
[18-Aug-2026 14:11:52 America/Mexico_City] 🔑 Obteniendo API Key de prueba para organización: 6986242e7c56a2008bcd3869
[18-Aug-2026 14:11:53 America/Mexico_City] ✅ API Key de prueba obtenida correctamente
[18-Aug-2026 14:11:53 America/Mexico_City] 💾 API Key de prueba guardada en sistema_config
[18-Aug-2026 14:11:53 America/Mexico_City] ✅ Configuración de Facturapi cargada - Plan: premium, API Key disponible: SÍ
[18-Aug-2026 14:11:53 America/Mexico_City] ✅ Caja encontrada por ID de sesión - ID: 8
[18-Aug-2026 16:30:15 America/Mexico_City] 📋 Datos empresa - Plan: premium, Org ID: 6986242e7c56a2008bcd3869, Timbres: 497
[18-Aug-2026 16:30:15 America/Mexico_City] 🔑 Obteniendo API Key de prueba para organización: 6986242e7c56a2008bcd3869
[18-Aug-2026 16:30:15 America/Mexico_City] ✅ API Key de prueba obtenida correctamente
[18-Aug-2026 16:30:16 America/Mexico_City] 💾 API Key de prueba guardada en sistema_config
[18-Aug-2026 16:30:16 America/Mexico_City] ✅ Configuración de Facturapi cargada - Plan: premium, API Key disponible: SÍ
[18-Aug-2026 16:30:16 America/Mexico_City] ✅ Caja encontrada por ID de sesión - ID: 8
[18-Aug-2026 16:30:34 America/Mexico_City] 📋 Datos empresa - Plan: premium, Org ID: 6986242e7c56a2008bcd3869, Timbres: 497
[18-Aug-2026 16:30:34 America/Mexico_City] 🔑 Obteniendo API Key de prueba para organización: 6986242e7c56a2008bcd3869
[18-Aug-2026 16:30:34 America/Mexico_City] ✅ API Key de prueba obtenida correctamente
[18-Aug-2026 16:30:34 America/Mexico_City] 💾 API Key de prueba guardada en sistema_config
[18-Aug-2026 16:30:34 America/Mexico_City] ✅ Configuración de Facturapi cargada - Plan: premium, API Key disponible: SÍ
[18-Aug-2026 16:30:34 America/Mexico_City] ✅ Caja encontrada por ID de sesión - ID: 8
[18-Aug-2026 16:30:40 America/Mexico_City] 📋 Datos empresa - Plan: premium, Org ID: 6986242e7c56a2008bcd3869, Timbres: 497
[18-Aug-2026 16:30:40 America/Mexico_City] 🔑 Obteniendo API Key de prueba para organización: 6986242e7c56a2008bcd3869
[18-Aug-2026 16:30:41 America/Mexico_City] ✅ API Key de prueba obtenida correctamente
[18-Aug-2026 16:30:41 America/Mexico_City] 💾 API Key de prueba guardada en sistema_config
[18-Aug-2026 16:30:41 America/Mexico_City] ✅ Configuración de Facturapi cargada - Plan: premium, API Key disponible: SÍ
[18-Aug-2026 16:30:41 America/Mexico_City] ✅ Caja encontrada por ID de sesión - ID: 8
[18-Aug-2026 16:30:43 America/Mexico_City] 📋 Datos empresa - Plan: premium, Org ID: 6986242e7c56a2008bcd3869, Timbres: 497
[18-Aug-2026 16:30:43 America/Mexico_City] 🔑 Obteniendo API Key de prueba para organización: 6986242e7c56a2008bcd3869
[18-Aug-2026 16:30:43 America/Mexico_City] ✅ API Key de prueba obtenida correctamente
[18-Aug-2026 16:30:43 America/Mexico_City] 💾 API Key de prueba guardada en sistema_config
[18-Aug-2026 16:30:43 America/Mexico_City] ✅ Configuración de Facturapi cargada - Plan: premium, API Key disponible: SÍ
[18-Aug-2026 16:30:43 America/Mexico_City] ✅ Caja encontrada por ID de sesión - ID: 8
[18-Aug-2026 16:30:50 America/Mexico_City] 📋 Datos empresa - Plan: premium, Org ID: 6986242e7c56a2008bcd3869, Timbres: 497
[18-Aug-2026 16:30:50 America/Mexico_City] 🔑 Obteniendo API Key de prueba para organización: 6986242e7c56a2008bcd3869
[18-Aug-2026 16:30:50 America/Mexico_City] ✅ API Key de prueba obtenida correctamente
[18-Aug-2026 16:30:50 America/Mexico_City] 💾 API Key de prueba guardada en sistema_config
[18-Aug-2026 16:30:50 America/Mexico_City] ✅ Configuración de Facturapi cargada - Plan: premium, API Key disponible: SÍ
[18-Aug-2026 16:30:50 America/Mexico_City] ✅ Caja encontrada por ID de sesión - ID: 8
[18-Aug-2026 16:30:58 America/Mexico_City] 📋 Datos empresa - Plan: premium, Org ID: 6986242e7c56a2008bcd3869, Timbres: 497
[18-Aug-2026 16:30:58 America/Mexico_City] 🔑 Obteniendo API Key de prueba para organización: 6986242e7c56a2008bcd3869
[18-Aug-2026 16:30:59 America/Mexico_City] ✅ API Key de prueba obtenida correctamente
[18-Aug-2026 16:30:59 America/Mexico_City] 💾 API Key de prueba guardada en sistema_config
[18-Aug-2026 16:30:59 America/Mexico_City] ✅ Configuración de Facturapi cargada - Plan: premium, API Key disponible: SÍ
[18-Aug-2026 16:30:59 America/Mexico_City] ✅ Caja encontrada por ID de sesión - ID: 8
[18-Aug-2026 16:36:47 America/Mexico_City] 📋 Datos empresa - Plan: premium, Org ID: 6986242e7c56a2008bcd3869, Timbres: 497
[18-Aug-2026 16:36:47 America/Mexico_City] 🔑 Obteniendo API Key de prueba para organización: 6986242e7c56a2008bcd3869
[18-Aug-2026 16:36:48 America/Mexico_City] ✅ API Key de prueba obtenida correctamente
[18-Aug-2026 16:36:48 America/Mexico_City] 💾 API Key de prueba guardada en sistema_config
[18-Aug-2026 16:36:48 America/Mexico_City] ✅ Configuración de Facturapi cargada - Plan: premium, API Key disponible: SÍ
[18-Aug-2026 16:36:48 America/Mexico_City] Buscando caja por usuario/sucursal...
[18-Aug-2026 16:36:48 America/Mexico_City] ✅ Caja encontrada por usuario/sucursal - ID: 8
[21-Aug-2026 13:40:53 America/Mexico_City] 📋 Datos empresa - Plan: premium, Org ID: 6986242e7c56a2008bcd3869, Timbres: 497
[21-Aug-2026 13:40:53 America/Mexico_City] 🔑 Obteniendo API Key de prueba para organización: 6986242e7c56a2008bcd3869
[21-Aug-2026 13:40:54 America/Mexico_City] ✅ API Key de prueba obtenida correctamente
[21-Aug-2026 13:40:54 America/Mexico_City] 💾 API Key de prueba guardada en sistema_config
[21-Aug-2026 13:40:54 America/Mexico_City] ✅ Configuración de Facturapi cargada - Plan: premium, API Key disponible: SÍ
[21-Aug-2026 13:40:54 America/Mexico_City] Buscando caja por usuario/sucursal...
[21-Aug-2026 13:40:54 America/Mexico_City] ✅ Caja encontrada por usuario/sucursal - ID: 8
[21-Aug-2026 13:40:57 America/Mexico_City] 📋 Datos empresa - Plan: premium, Org ID: 6986242e7c56a2008bcd3869, Timbres: 497
[21-Aug-2026 13:40:57 America/Mexico_City] 🔑 Obteniendo API Key de prueba para organización: 6986242e7c56a2008bcd3869
[21-Aug-2026 13:40:57 America/Mexico_City] ✅ API Key de prueba obtenida correctamente
[21-Aug-2026 13:40:57 America/Mexico_City] 💾 API Key de prueba guardada en sistema_config
[21-Aug-2026 13:40:57 America/Mexico_City] ✅ Configuración de Facturapi cargada - Plan: premium, API Key disponible: SÍ
[21-Aug-2026 13:40:57 America/Mexico_City] ✅ Caja encontrada por ID de sesión - ID: 8
[21-Aug-2026 13:41:00 America/Mexico_City] 📋 Datos empresa - Plan: premium, Org ID: 6986242e7c56a2008bcd3869, Timbres: 497
[21-Aug-2026 13:41:00 America/Mexico_City] 🔑 Obteniendo API Key de prueba para organización: 6986242e7c56a2008bcd3869
[21-Aug-2026 13:41:00 America/Mexico_City] ✅ API Key de prueba obtenida correctamente
[21-Aug-2026 13:41:00 America/Mexico_City] 💾 API Key de prueba guardada en sistema_config
[21-Aug-2026 13:41:00 America/Mexico_City] ✅ Configuración de Facturapi cargada - Plan: premium, API Key disponible: SÍ
[21-Aug-2026 13:41:00 America/Mexico_City] ✅ Caja encontrada por ID de sesión - ID: 8
[21-Aug-2026 13:41:09 America/Mexico_City] 📋 Datos empresa - Plan: premium, Org ID: 6986242e7c56a2008bcd3869, Timbres: 497
[21-Aug-2026 13:41:09 America/Mexico_City] 🔑 Obteniendo API Key de prueba para organización: 6986242e7c56a2008bcd3869
[21-Aug-2026 13:41:10 America/Mexico_City] ✅ API Key de prueba obtenida correctamente
[21-Aug-2026 13:41:10 America/Mexico_City] 💾 API Key de prueba guardada en sistema_config
[21-Aug-2026 13:41:10 America/Mexico_City] ✅ Configuración de Facturapi cargada - Plan: premium, API Key disponible: SÍ
[21-Aug-2026 13:41:10 America/Mexico_City] ✅ Caja encontrada por ID de sesión - ID: 8
[21-Aug-2026 13:41:13 America/Mexico_City] 📋 Datos empresa - Plan: premium, Org ID: 6986242e7c56a2008bcd3869, Timbres: 497
[21-Aug-2026 13:41:13 America/Mexico_City] 🔑 Obteniendo API Key de prueba para organización: 6986242e7c56a2008bcd3869
[21-Aug-2026 13:41:14 America/Mexico_City] ✅ API Key de prueba obtenida correctamente
[21-Aug-2026 13:41:14 America/Mexico_City] 💾 API Key de prueba guardada en sistema_config
[21-Aug-2026 13:41:14 America/Mexico_City] ✅ Configuración de Facturapi cargada - Plan: premium, API Key disponible: SÍ
[21-Aug-2026 13:41:14 America/Mexico_City] ✅ Caja encontrada por ID de sesión - ID: 8
[21-Aug-2026 13:41:14 America/Mexico_City] === INICIO PROCESAR PAGO ===
[21-Aug-2026 13:41:14 America/Mexico_City] Plan de empresa: premium
[21-Aug-2026 13:41:14 America/Mexico_City] Timbres disponibles: 497
[21-Aug-2026 13:41:14 America/Mexico_City] ✅ Venta insertada - ID: 181, Código: 20260821134114
[21-Aug-2026 13:41:14 America/Mexico_City] ✅ STOCK ACTUALIZADO - Producto: Coca cola lata, Cantidad descontada: 1
[21-Aug-2026 13:41:14 America/Mexico_City] ✅ Caja actualizada correctamente
[21-Aug-2026 13:41:14 America/Mexico_City] ✅ Gasto automático registrado para la venta 181 - Monto: 20
[21-Aug-2026 13:41:14 America/Mexico_City] 🎯 Plan Premium detectado - Generando recibo Facturapi
[21-Aug-2026 13:41:14 America/Mexico_City] 🔑 Usando API Key: sk_test_J6...
[21-Aug-2026 13:41:14 America/Mexico_City] ⚠️ Producto ID 15 no tiene facturapi_producto_id
[21-Aug-2026 13:41:14 America/Mexico_City] ❌ Error al crear recibo Facturapi: No se encontraron productos válidos para Facturapi.
[21-Aug-2026 13:41:14 America/Mexico_City] 📋 Datos empresa - Plan: premium, Org ID: 6986242e7c56a2008bcd3869, Timbres: 497
[21-Aug-2026 13:41:14 America/Mexico_City] 🔑 Obteniendo API Key de prueba para organización: 6986242e7c56a2008bcd3869
[21-Aug-2026 13:41:14 America/Mexico_City] ✅ API Key de prueba obtenida correctamente
[21-Aug-2026 13:41:14 America/Mexico_City] 💾 API Key de prueba guardada en sistema_config
[21-Aug-2026 13:41:14 America/Mexico_City] ✅ Configuración de Facturapi cargada - Plan: premium, API Key disponible: SÍ
[21-Aug-2026 13:41:14 America/Mexico_City] ✅ Caja encontrada por ID de sesión - ID: 8
[21-Aug-2026 14:05:04 America/Mexico_City] 📋 Datos empresa - Plan: premium, Org ID: 6986242e7c56a2008bcd3869, Timbres: 497
[21-Aug-2026 14:05:04 America/Mexico_City] 🔑 Obteniendo API Key de prueba para organización: 6986242e7c56a2008bcd3869
[21-Aug-2026 14:05:04 America/Mexico_City] ✅ API Key de prueba obtenida correctamente
[21-Aug-2026 14:05:04 America/Mexico_City] 💾 API Key de prueba guardada en sistema_config
[21-Aug-2026 14:05:04 America/Mexico_City] ✅ Configuración de Facturapi cargada - Plan: premium, API Key disponible: SÍ
[21-Aug-2026 14:05:04 America/Mexico_City] ✅ Caja encontrada por ID de sesión - ID: 8
[21-Aug-2026 14:14:15 America/Mexico_City] 📋 Datos empresa - Plan: premium, Org ID: 6986242e7c56a2008bcd3869, Timbres: 497
[21-Aug-2026 14:14:15 America/Mexico_City] 🔑 Obteniendo API Key de prueba para organización: 6986242e7c56a2008bcd3869
[21-Aug-2026 14:14:15 America/Mexico_City] ✅ API Key de prueba obtenida correctamente
[21-Aug-2026 14:14:15 America/Mexico_City] 💾 API Key de prueba guardada en sistema_config
[21-Aug-2026 14:14:15 America/Mexico_City] ✅ Configuración de Facturapi cargada - Plan: premium, API Key disponible: SÍ
[21-Aug-2026 14:14:15 America/Mexico_City] Buscando caja por usuario/sucursal...
[21-Aug-2026 14:14:15 America/Mexico_City] ✅ Caja encontrada por usuario/sucursal - ID: 8
[21-Aug-2026 14:14:17 America/Mexico_City] 📋 Datos empresa - Plan: premium, Org ID: 6986242e7c56a2008bcd3869, Timbres: 497
[21-Aug-2026 14:14:17 America/Mexico_City] 🔑 Obteniendo API Key de prueba para organización: 6986242e7c56a2008bcd3869
[21-Aug-2026 14:14:17 America/Mexico_City] ✅ API Key de prueba obtenida correctamente
[21-Aug-2026 14:14:17 America/Mexico_City] 💾 API Key de prueba guardada en sistema_config
[21-Aug-2026 14:14:17 America/Mexico_City] ✅ Configuración de Facturapi cargada - Plan: premium, API Key disponible: SÍ
[21-Aug-2026 14:14:17 America/Mexico_City] ✅ Caja encontrada por ID de sesión - ID: 8
[21-Aug-2026 14:14:49 America/Mexico_City] 📋 Datos empresa - Plan: premium, Org ID: 6986242e7c56a2008bcd3869, Timbres: 497
[21-Aug-2026 14:14:49 America/Mexico_City] 🔑 Obteniendo API Key de prueba para organización: 6986242e7c56a2008bcd3869
[21-Aug-2026 14:14:49 America/Mexico_City] ✅ API Key de prueba obtenida correctamente
[21-Aug-2026 14:14:49 America/Mexico_City] 💾 API Key de prueba guardada en sistema_config
[21-Aug-2026 14:14:49 America/Mexico_City] ✅ Configuración de Facturapi cargada - Plan: premium, API Key disponible: SÍ
[21-Aug-2026 14:14:49 America/Mexico_City] ✅ Caja encontrada por ID de sesión - ID: 8
[21-Aug-2026 14:14:53 America/Mexico_City] 📋 Datos empresa - Plan: premium, Org ID: 6986242e7c56a2008bcd3869, Timbres: 497
[21-Aug-2026 14:14:53 America/Mexico_City] 🔑 Obteniendo API Key de prueba para organización: 6986242e7c56a2008bcd3869
[21-Aug-2026 14:14:54 America/Mexico_City] ✅ API Key de prueba obtenida correctamente
[21-Aug-2026 14:14:54 America/Mexico_City] 💾 API Key de prueba guardada en sistema_config
[21-Aug-2026 14:14:54 America/Mexico_City] ✅ Configuración de Facturapi cargada - Plan: premium, API Key disponible: SÍ
[21-Aug-2026 14:14:54 America/Mexico_City] ✅ Caja encontrada por ID de sesión - ID: 8
[21-Aug-2026 14:14:57 America/Mexico_City] 📋 Datos empresa - Plan: premium, Org ID: 6986242e7c56a2008bcd3869, Timbres: 497
[21-Aug-2026 14:14:57 America/Mexico_City] 🔑 Obteniendo API Key de prueba para organización: 6986242e7c56a2008bcd3869
[21-Aug-2026 14:14:57 America/Mexico_City] ✅ API Key de prueba obtenida correctamente
[21-Aug-2026 14:14:57 America/Mexico_City] 💾 API Key de prueba guardada en sistema_config
[21-Aug-2026 14:14:57 America/Mexico_City] ✅ Configuración de Facturapi cargada - Plan: premium, API Key disponible: SÍ
[21-Aug-2026 14:14:57 America/Mexico_City] ✅ Caja encontrada por ID de sesión - ID: 8
[21-Aug-2026 14:14:57 America/Mexico_City] === INICIO PROCESAR PAGO ===
[21-Aug-2026 14:14:57 America/Mexico_City] Plan de empresa: premium
[21-Aug-2026 14:14:57 America/Mexico_City] Timbres disponibles: 497
[21-Aug-2026 14:14:57 America/Mexico_City] ✅ Venta insertada - ID: 182, Código: 20260821141457
[21-Aug-2026 14:14:57 America/Mexico_City] ✅ STOCK ACTUALIZADO - Producto: Bordados, Cantidad descontada: 1
[21-Aug-2026 14:14:57 America/Mexico_City] ✅ Caja actualizada correctamente
[21-Aug-2026 14:14:57 America/Mexico_City] ✅ Gasto automático registrado para la venta 182 - Monto: 950
[21-Aug-2026 14:14:57 America/Mexico_City] 🎯 Plan Premium detectado - Generando recibo Facturapi
[21-Aug-2026 14:14:57 America/Mexico_City] 🔑 Usando API Key: sk_test_J6...
[21-Aug-2026 14:14:57 America/Mexico_City] ⚠️ Producto ID 7 no tiene facturapi_producto_id
[21-Aug-2026 14:14:57 America/Mexico_City] ❌ Error al crear recibo Facturapi: No se encontraron productos válidos para Facturapi.
[21-Aug-2026 14:14:58 America/Mexico_City] 📋 Datos empresa - Plan: premium, Org ID: 6986242e7c56a2008bcd3869, Timbres: 497
[21-Aug-2026 14:14:58 America/Mexico_City] 🔑 Obteniendo API Key de prueba para organización: 6986242e7c56a2008bcd3869
[21-Aug-2026 14:14:58 America/Mexico_City] ✅ API Key de prueba obtenida correctamente
[21-Aug-2026 14:14:58 America/Mexico_City] 💾 API Key de prueba guardada en sistema_config
[21-Aug-2026 14:14:58 America/Mexico_City] ✅ Configuración de Facturapi cargada - Plan: premium, API Key disponible: SÍ
[21-Aug-2026 14:14:58 America/Mexico_City] ✅ Caja encontrada por ID de sesión - ID: 8
[21-Aug-2026 14:16:17 America/Mexico_City] 📋 Datos empresa - Plan: premium, Org ID: 6986242e7c56a2008bcd3869, Timbres: 497
[21-Aug-2026 14:16:17 America/Mexico_City] 🔑 Obteniendo API Key de prueba para organización: 6986242e7c56a2008bcd3869
[21-Aug-2026 14:16:17 America/Mexico_City] ✅ API Key de prueba obtenida correctamente
[21-Aug-2026 14:16:17 America/Mexico_City] 💾 API Key de prueba guardada en sistema_config
[21-Aug-2026 14:16:17 America/Mexico_City] ✅ Configuración de Facturapi cargada - Plan: premium, API Key disponible: SÍ
[21-Aug-2026 14:16:17 America/Mexico_City] ✅ Caja encontrada por ID de sesión - ID: 8
[21-Aug-2026 14:16:19 America/Mexico_City] 📋 Datos empresa - Plan: premium, Org ID: 6986242e7c56a2008bcd3869, Timbres: 497
[21-Aug-2026 14:16:19 America/Mexico_City] 🔑 Obteniendo API Key de prueba para organización: 6986242e7c56a2008bcd3869
[21-Aug-2026 14:16:20 America/Mexico_City] ✅ API Key de prueba obtenida correctamente
[21-Aug-2026 14:16:20 America/Mexico_City] 💾 API Key de prueba guardada en sistema_config
[21-Aug-2026 14:16:20 America/Mexico_City] ✅ Configuración de Facturapi cargada - Plan: premium, API Key disponible: SÍ
[21-Aug-2026 14:16:20 America/Mexico_City] ✅ Caja encontrada por ID de sesión - ID: 8
[21-Aug-2026 14:16:55 America/Mexico_City] 📋 Datos empresa - Plan: premium, Org ID: 6986242e7c56a2008bcd3869, Timbres: 497
[21-Aug-2026 14:16:55 America/Mexico_City] 🔑 Obteniendo API Key de prueba para organización: 6986242e7c56a2008bcd3869
[21-Aug-2026 14:16:55 America/Mexico_City] ✅ API Key de prueba obtenida correctamente
[21-Aug-2026 14:16:55 America/Mexico_City] 💾 API Key de prueba guardada en sistema_config
[21-Aug-2026 14:16:55 America/Mexico_City] ✅ Configuración de Facturapi cargada - Plan: premium, API Key disponible: SÍ
[21-Aug-2026 14:16:55 America/Mexico_City] ✅ Caja encontrada por ID de sesión - ID: 8
[21-Aug-2026 14:17:02 America/Mexico_City] 📋 Datos empresa - Plan: premium, Org ID: 6986242e7c56a2008bcd3869, Timbres: 497
[21-Aug-2026 14:17:02 America/Mexico_City] 🔑 Obteniendo API Key de prueba para organización: 6986242e7c56a2008bcd3869
[21-Aug-2026 14:17:02 America/Mexico_City] ✅ API Key de prueba obtenida correctamente
[21-Aug-2026 14:17:02 America/Mexico_City] 💾 API Key de prueba guardada en sistema_config
[21-Aug-2026 14:17:02 America/Mexico_City] ✅ Configuración de Facturapi cargada - Plan: premium, API Key disponible: SÍ
[21-Aug-2026 14:17:03 America/Mexico_City] ✅ Caja encontrada por ID de sesión - ID: 8
[21-Aug-2026 14:17:03 America/Mexico_City] === INICIO PROCESAR PAGO ===
[21-Aug-2026 14:17:03 America/Mexico_City] Plan de empresa: premium
[21-Aug-2026 14:17:03 America/Mexico_City] Timbres disponibles: 497
[21-Aug-2026 14:17:03 America/Mexico_City] ✅ Venta insertada - ID: 183, Código: 20260821141703
[21-Aug-2026 14:17:03 America/Mexico_City] ✅ STOCK ACTUALIZADO - Producto: Bordados, Cantidad descontada: 1
[21-Aug-2026 14:17:03 America/Mexico_City] ✅ Caja actualizada correctamente
[21-Aug-2026 14:17:03 America/Mexico_City] ✅ Gasto automático registrado para la venta 183 - Monto: 950
[21-Aug-2026 14:17:03 America/Mexico_City] 🎯 Plan Premium detectado - Generando recibo Facturapi
[21-Aug-2026 14:17:03 America/Mexico_City] 🔑 Usando API Key: sk_test_J6...
[21-Aug-2026 14:17:03 America/Mexico_City] ⚠️ Producto ID 7 no tiene facturapi_producto_id
[21-Aug-2026 14:17:03 America/Mexico_City] ❌ Error al crear recibo Facturapi: No se encontraron productos válidos para Facturapi.
[21-Aug-2026 14:17:03 America/Mexico_City] 📋 Datos empresa - Plan: premium, Org ID: 6986242e7c56a2008bcd3869, Timbres: 497
[21-Aug-2026 14:17:03 America/Mexico_City] 🔑 Obteniendo API Key de prueba para organización: 6986242e7c56a2008bcd3869
[21-Aug-2026 14:17:04 America/Mexico_City] ✅ API Key de prueba obtenida correctamente
[21-Aug-2026 14:17:04 America/Mexico_City] 💾 API Key de prueba guardada en sistema_config
[21-Aug-2026 14:17:04 America/Mexico_City] ✅ Configuración de Facturapi cargada - Plan: premium, API Key disponible: SÍ
[21-Aug-2026 14:17:04 America/Mexico_City] ✅ Caja encontrada por ID de sesión - ID: 8
[21-Aug-2026 14:22:29 America/Mexico_City] 📋 Datos empresa - Plan: premium, Org ID: 6986242e7c56a2008bcd3869, Timbres: 497
[21-Aug-2026 14:22:29 America/Mexico_City] 🔑 Obteniendo API Key de prueba para organización: 6986242e7c56a2008bcd3869
[21-Aug-2026 14:22:30 America/Mexico_City] ✅ API Key de prueba obtenida correctamente
[21-Aug-2026 14:22:30 America/Mexico_City] 💾 API Key de prueba guardada en sistema_config
[21-Aug-2026 14:22:30 America/Mexico_City] ✅ Configuración de Facturapi cargada - Plan: premium, API Key disponible: SÍ
[21-Aug-2026 14:22:30 America/Mexico_City] ✅ Caja encontrada por ID de sesión - ID: 8
[21-Aug-2026 14:22:34 America/Mexico_City] 📋 Datos empresa - Plan: premium, Org ID: 6986242e7c56a2008bcd3869, Timbres: 497
[21-Aug-2026 14:22:34 America/Mexico_City] 🔑 Obteniendo API Key de prueba para organización: 6986242e7c56a2008bcd3869
[21-Aug-2026 14:22:35 America/Mexico_City] ✅ API Key de prueba obtenida correctamente
[21-Aug-2026 14:22:35 America/Mexico_City] 💾 API Key de prueba guardada en sistema_config
[21-Aug-2026 14:22:35 America/Mexico_City] ✅ Configuración de Facturapi cargada - Plan: premium, API Key disponible: SÍ
[21-Aug-2026 14:22:35 America/Mexico_City] ✅ Caja encontrada por ID de sesión - ID: 8
[21-Aug-2026 14:22:37 America/Mexico_City] 📋 Datos empresa - Plan: premium, Org ID: 6986242e7c56a2008bcd3869, Timbres: 497
[21-Aug-2026 14:22:37 America/Mexico_City] 🔑 Obteniendo API Key de prueba para organización: 6986242e7c56a2008bcd3869
[21-Aug-2026 14:22:37 America/Mexico_City] ✅ API Key de prueba obtenida correctamente
[21-Aug-2026 14:22:37 America/Mexico_City] 💾 API Key de prueba guardada en sistema_config
[21-Aug-2026 14:22:37 America/Mexico_City] ✅ Configuración de Facturapi cargada - Plan: premium, API Key disponible: SÍ
[21-Aug-2026 14:22:38 America/Mexico_City] ✅ Caja encontrada por ID de sesión - ID: 8
[21-Aug-2026 14:22:41 America/Mexico_City] 📋 Datos empresa - Plan: premium, Org ID: 6986242e7c56a2008bcd3869, Timbres: 497
[21-Aug-2026 14:22:41 America/Mexico_City] 🔑 Obteniendo API Key de prueba para organización: 6986242e7c56a2008bcd3869
[21-Aug-2026 14:22:41 America/Mexico_City] ✅ API Key de prueba obtenida correctamente
[21-Aug-2026 14:22:41 America/Mexico_City] 💾 API Key de prueba guardada en sistema_config
[21-Aug-2026 14:22:41 America/Mexico_City] ✅ Configuración de Facturapi cargada - Plan: premium, API Key disponible: SÍ
[21-Aug-2026 14:22:41 America/Mexico_City] ✅ Caja encontrada por ID de sesión - ID: 8
[21-Aug-2026 14:22:44 America/Mexico_City] 📋 Datos empresa - Plan: premium, Org ID: 6986242e7c56a2008bcd3869, Timbres: 497
[21-Aug-2026 14:22:44 America/Mexico_City] 🔑 Obteniendo API Key de prueba para organización: 6986242e7c56a2008bcd3869
[21-Aug-2026 14:22:44 America/Mexico_City] ✅ API Key de prueba obtenida correctamente
[21-Aug-2026 14:22:44 America/Mexico_City] 💾 API Key de prueba guardada en sistema_config
[21-Aug-2026 14:22:44 America/Mexico_City] ✅ Configuración de Facturapi cargada - Plan: premium, API Key disponible: SÍ
[21-Aug-2026 14:22:44 America/Mexico_City] ✅ Caja encontrada por ID de sesión - ID: 8
[21-Aug-2026 14:22:44 America/Mexico_City] === INICIO PROCESAR PAGO ===
[21-Aug-2026 14:22:44 America/Mexico_City] Plan de empresa: premium
[21-Aug-2026 14:22:44 America/Mexico_City] Timbres disponibles: 497
[21-Aug-2026 14:22:44 America/Mexico_City] ✅ Venta insertada - ID: 184, Código: 20260821142244
[21-Aug-2026 14:22:44 America/Mexico_City] ✅ STOCK ACTUALIZADO - Producto: Bordados, Cantidad descontada: 1
[21-Aug-2026 14:22:44 America/Mexico_City] ✅ Caja actualizada correctamente
[21-Aug-2026 14:22:44 America/Mexico_City] ✅ Gasto automático registrado para la venta 184 - Monto: 950
[21-Aug-2026 14:22:44 America/Mexico_City] 🎯 Plan Premium detectado - Generando recibo Facturapi
[21-Aug-2026 14:22:44 America/Mexico_City] 🔑 Usando API Key: sk_test_J6...
[21-Aug-2026 14:22:44 America/Mexico_City] ⚠️ Producto ID 7 no tiene facturapi_producto_id
[21-Aug-2026 14:22:44 America/Mexico_City] ❌ Error al crear recibo Facturapi: No se encontraron productos válidos para Facturapi.
[21-Aug-2026 14:22:45 America/Mexico_City] 📋 Datos empresa - Plan: premium, Org ID: 6986242e7c56a2008bcd3869, Timbres: 497
[21-Aug-2026 14:22:45 America/Mexico_City] 🔑 Obteniendo API Key de prueba para organización: 6986242e7c56a2008bcd3869
[21-Aug-2026 14:22:45 America/Mexico_City] ✅ API Key de prueba obtenida correctamente
[21-Aug-2026 14:22:45 America/Mexico_City] 💾 API Key de prueba guardada en sistema_config
[21-Aug-2026 14:22:45 America/Mexico_City] ✅ Configuración de Facturapi cargada - Plan: premium, API Key disponible: SÍ
[21-Aug-2026 14:22:45 America/Mexico_City] ✅ Caja encontrada por ID de sesión - ID: 8
[24-Aug-2026 16:34:25 America/Mexico_City] 📋 Datos empresa - Plan: premium, Org ID: , Timbres: 500
[24-Aug-2026 16:34:25 America/Mexico_City] ⚠️ No se puede obtener API Key - Org ID: 
[24-Aug-2026 16:34:25 America/Mexico_City] ✅ Configuración de Facturapi cargada - Plan: premium, API Key disponible: SÍ
[24-Aug-2026 16:34:25 America/Mexico_City] Error al obtener configuración: SQLSTATE[42S22]: Column not found: 1054 Unknown column 'paypal_client_id' in 'field list'
[24-Aug-2026 16:34:25 America/Mexico_City] Buscando caja por usuario/sucursal...
[24-Aug-2026 16:34:25 America/Mexico_City] ❌ Caja NO encontrada por usuario/sucursal
[24-Aug-2026 16:34:34 America/Mexico_City] 📋 Datos empresa - Plan: premium, Org ID: , Timbres: 500
[24-Aug-2026 16:34:34 America/Mexico_City] ⚠️ No se puede obtener API Key - Org ID: 
[24-Aug-2026 16:34:34 America/Mexico_City] ✅ Configuración de Facturapi cargada - Plan: premium, API Key disponible: SÍ
[24-Aug-2026 16:34:34 America/Mexico_City] Error al obtener configuración: SQLSTATE[42S22]: Column not found: 1054 Unknown column 'paypal_client_id' in 'field list'
[24-Aug-2026 16:34:34 America/Mexico_City] Buscando caja por usuario/sucursal...
[24-Aug-2026 16:34:34 America/Mexico_City] ✅ Caja encontrada por usuario/sucursal - ID: 6
[24-Aug-2026 16:35:38 America/Mexico_City] 📋 Datos empresa - Plan: premium, Org ID: , Timbres: 500
[24-Aug-2026 16:35:38 America/Mexico_City] ⚠️ No se puede obtener API Key - Org ID: 
[24-Aug-2026 16:35:38 America/Mexico_City] ✅ Configuración de Facturapi cargada - Plan: premium, API Key disponible: SÍ
[24-Aug-2026 16:35:38 America/Mexico_City] Error al obtener configuración: SQLSTATE[42S22]: Column not found: 1054 Unknown column 'paypal_client_id' in 'field list'
[24-Aug-2026 16:35:38 America/Mexico_City] ✅ Caja encontrada por ID de sesión - ID: 6
[24-Aug-2026 16:38:18 America/Mexico_City] 📋 Datos empresa - Plan: premium, Org ID: , Timbres: 500
[24-Aug-2026 16:38:18 America/Mexico_City] ⚠️ No se puede obtener API Key - Org ID: 
[24-Aug-2026 16:38:18 America/Mexico_City] ✅ Configuración de Facturapi cargada - Plan: premium, API Key disponible: SÍ
[24-Aug-2026 16:38:18 America/Mexico_City] Error al obtener configuración: SQLSTATE[42S22]: Column not found: 1054 Unknown column 'paypal_client_id' in 'field list'
[24-Aug-2026 16:38:18 America/Mexico_City] ✅ Caja encontrada por ID de sesión - ID: 6
[24-Aug-2026 16:40:09 America/Mexico_City] 📋 Datos empresa - Plan: premium, Org ID: , Timbres: 500
[24-Aug-2026 16:40:09 America/Mexico_City] ⚠️ No se puede obtener API Key - Org ID: 
[24-Aug-2026 16:40:09 America/Mexico_City] ✅ Configuración de Facturapi cargada - Plan: premium, API Key disponible: SÍ
[24-Aug-2026 16:40:09 America/Mexico_City] Error al obtener configuración: SQLSTATE[42S22]: Column not found: 1054 Unknown column 'paypal_client_id' in 'field list'
[24-Aug-2026 16:40:09 America/Mexico_City] ✅ Caja encontrada por ID de sesión - ID: 6
[24-Aug-2026 16:40:21 America/Mexico_City] 📋 Datos empresa - Plan: premium, Org ID: , Timbres: 500
[24-Aug-2026 16:40:21 America/Mexico_City] ⚠️ No se puede obtener API Key - Org ID: 
[24-Aug-2026 16:40:21 America/Mexico_City] ✅ Configuración de Facturapi cargada - Plan: premium, API Key disponible: SÍ
[24-Aug-2026 16:40:21 America/Mexico_City] Error al obtener configuración: SQLSTATE[42S22]: Column not found: 1054 Unknown column 'paypal_client_id' in 'field list'
[24-Aug-2026 16:40:21 America/Mexico_City] ✅ Caja encontrada por ID de sesión - ID: 6
[24-Aug-2026 16:41:07 America/Mexico_City] 📋 Datos empresa - Plan: premium, Org ID: , Timbres: 500
[24-Aug-2026 16:41:07 America/Mexico_City] ⚠️ No se puede obtener API Key - Org ID: 
[24-Aug-2026 16:41:07 America/Mexico_City] ✅ Configuración de Facturapi cargada - Plan: premium, API Key disponible: SÍ
[24-Aug-2026 16:41:07 America/Mexico_City] Error al obtener configuración: SQLSTATE[42S22]: Column not found: 1054 Unknown column 'paypal_client_id' in 'field list'
[24-Aug-2026 16:41:07 America/Mexico_City] ✅ Caja encontrada por ID de sesión - ID: 6
[24-Aug-2026 16:41:09 America/Mexico_City] 📋 Datos empresa - Plan: premium, Org ID: , Timbres: 500
[24-Aug-2026 16:41:09 America/Mexico_City] ⚠️ No se puede obtener API Key - Org ID: 
[24-Aug-2026 16:41:09 America/Mexico_City] ✅ Configuración de Facturapi cargada - Plan: premium, API Key disponible: SÍ
[24-Aug-2026 16:41:09 America/Mexico_City] Error al obtener configuración: SQLSTATE[42S22]: Column not found: 1054 Unknown column 'paypal_client_id' in 'field list'
[24-Aug-2026 16:41:09 America/Mexico_City] ✅ Caja encontrada por ID de sesión - ID: 6
[24-Aug-2026 16:44:55 America/Mexico_City] 📋 Datos empresa - Plan: premium, Org ID: , Timbres: 500
[24-Aug-2026 16:44:55 America/Mexico_City] ⚠️ No se puede obtener API Key - Org ID: 
[24-Aug-2026 16:44:55 America/Mexico_City] ✅ Configuración de Facturapi cargada - Plan: premium, API Key disponible: SÍ
[24-Aug-2026 16:44:55 America/Mexico_City] Error al obtener configuración: SQLSTATE[42S22]: Column not found: 1054 Unknown column 'paypal_client_id' in 'field list'
[24-Aug-2026 16:44:55 America/Mexico_City] ✅ Caja encontrada por ID de sesión - ID: 6
[24-Aug-2026 16:44:55 America/Mexico_City] === INICIO PROCESAR PAGO ===
[24-Aug-2026 16:44:55 America/Mexico_City] Plan de empresa: premium
[24-Aug-2026 16:44:55 America/Mexico_City] Timbres disponibles: 500
[24-Aug-2026 16:44:55 America/Mexico_City] ✅ Venta insertada - ID: 64, Código: 20260824164455
[24-Aug-2026 16:44:55 America/Mexico_City] ✅ STOCK ACTUALIZADO - Producto: TRABAJO FINANCIERO ESPECIFICO, Cantidad descontada: 1
[24-Aug-2026 16:44:55 America/Mexico_City] ✅ Caja actualizada correctamente
[24-Aug-2026 16:44:55 America/Mexico_City] 🎯 Plan Premium detectado - Generando recibo Facturapi
[24-Aug-2026 16:44:55 America/Mexico_City] 🔑 Usando API Key: sk_test_3N...
[24-Aug-2026 16:44:55 America/Mexico_City] ⚠️ Producto ID 139 no tiene facturapi_producto_id
[24-Aug-2026 16:44:55 America/Mexico_City] ❌ Error al crear recibo Facturapi: No se encontraron productos válidos para Facturapi.
[24-Aug-2026 16:44:55 America/Mexico_City] 📋 Datos empresa - Plan: premium, Org ID: , Timbres: 500
[24-Aug-2026 16:44:55 America/Mexico_City] ⚠️ No se puede obtener API Key - Org ID: 
[24-Aug-2026 16:44:55 America/Mexico_City] ✅ Configuración de Facturapi cargada - Plan: premium, API Key disponible: SÍ
[24-Aug-2026 16:44:55 America/Mexico_City] Error al obtener configuración: SQLSTATE[42S22]: Column not found: 1054 Unknown column 'paypal_client_id' in 'field list'
[24-Aug-2026 16:44:55 America/Mexico_City] ✅ Caja encontrada por ID de sesión - ID: 6
[24-Aug-2026 16:45:17 America/Mexico_City] 📋 Datos empresa - Plan: premium, Org ID: , Timbres: 500
[24-Aug-2026 16:45:17 America/Mexico_City] ⚠️ No se puede obtener API Key - Org ID: 
[24-Aug-2026 16:45:17 America/Mexico_City] ✅ Configuración de Facturapi cargada - Plan: premium, API Key disponible: SÍ
[24-Aug-2026 16:45:17 America/Mexico_City] Error al obtener configuración: SQLSTATE[42S22]: Column not found: 1054 Unknown column 'paypal_client_id' in 'field list'
[24-Aug-2026 16:45:17 America/Mexico_City] ✅ Caja encontrada por ID de sesión - ID: 6
[24-Aug-2026 16:45:29 America/Mexico_City] 📋 Datos empresa - Plan: premium, Org ID: , Timbres: 500
[24-Aug-2026 16:45:29 America/Mexico_City] ⚠️ No se puede obtener API Key - Org ID: 
[24-Aug-2026 16:45:29 America/Mexico_City] ✅ Configuración de Facturapi cargada - Plan: premium, API Key disponible: SÍ
[24-Aug-2026 16:45:29 America/Mexico_City] Error al obtener configuración: SQLSTATE[42S22]: Column not found: 1054 Unknown column 'paypal_client_id' in 'field list'
[24-Aug-2026 16:45:29 America/Mexico_City] ✅ Caja encontrada por ID de sesión - ID: 6
[24-Aug-2026 16:45:45 America/Mexico_City] 📋 Datos empresa - Plan: premium, Org ID: , Timbres: 500
[24-Aug-2026 16:45:45 America/Mexico_City] ⚠️ No se puede obtener API Key - Org ID: 
[24-Aug-2026 16:45:45 America/Mexico_City] ✅ Configuración de Facturapi cargada - Plan: premium, API Key disponible: SÍ
[24-Aug-2026 16:45:45 America/Mexico_City] Error al obtener configuración: SQLSTATE[42S22]: Column not found: 1054 Unknown column 'paypal_client_id' in 'field list'
[24-Aug-2026 16:45:45 America/Mexico_City] ✅ Caja encontrada por ID de sesión - ID: 6
[24-Aug-2026 16:45:46 America/Mexico_City] 📋 Datos empresa - Plan: premium, Org ID: , Timbres: 500
[24-Aug-2026 16:45:46 America/Mexico_City] ⚠️ No se puede obtener API Key - Org ID: 
[24-Aug-2026 16:45:46 America/Mexico_City] ✅ Configuración de Facturapi cargada - Plan: premium, API Key disponible: SÍ
[24-Aug-2026 16:45:46 America/Mexico_City] Error al obtener configuración: SQLSTATE[42S22]: Column not found: 1054 Unknown column 'paypal_client_id' in 'field list'
[24-Aug-2026 16:45:46 America/Mexico_City] ✅ Caja encontrada por ID de sesión - ID: 6
[24-Aug-2026 16:46:09 America/Mexico_City] 📋 Datos empresa - Plan: premium, Org ID: , Timbres: 500
[24-Aug-2026 16:46:09 America/Mexico_City] ⚠️ No se puede obtener API Key - Org ID: 
[24-Aug-2026 16:46:09 America/Mexico_City] ✅ Configuración de Facturapi cargada - Plan: premium, API Key disponible: SÍ
[24-Aug-2026 16:46:09 America/Mexico_City] Error al obtener configuración: SQLSTATE[42S22]: Column not found: 1054 Unknown column 'paypal_client_id' in 'field list'
[24-Aug-2026 16:46:09 America/Mexico_City] ✅ Caja encontrada por ID de sesión - ID: 6
[24-Aug-2026 16:46:09 America/Mexico_City] === INICIO PROCESAR PAGO ===
[24-Aug-2026 16:46:09 America/Mexico_City] Plan de empresa: premium
[24-Aug-2026 16:46:09 America/Mexico_City] Timbres disponibles: 500
[24-Aug-2026 16:46:09 America/Mexico_City] ✅ Venta insertada - ID: 65, Código: 20260824164609
[24-Aug-2026 16:46:09 America/Mexico_City] ✅ STOCK ACTUALIZADO - Producto: TRABAJO FINANCIERO ESPECIFICO, Cantidad descontada: 1
[24-Aug-2026 16:46:09 America/Mexico_City] ✅ Caja actualizada correctamente
[24-Aug-2026 16:46:09 America/Mexico_City] 🎯 Plan Premium detectado - Generando recibo Facturapi
[24-Aug-2026 16:46:09 America/Mexico_City] 🔑 Usando API Key: sk_test_3N...
[24-Aug-2026 16:46:09 America/Mexico_City] ⚠️ Producto ID 139 no tiene facturapi_producto_id
[24-Aug-2026 16:46:09 America/Mexico_City] ❌ Error al crear recibo Facturapi: No se encontraron productos válidos para Facturapi.
[24-Aug-2026 16:46:09 America/Mexico_City] 📋 Datos empresa - Plan: premium, Org ID: , Timbres: 500
[24-Aug-2026 16:46:09 America/Mexico_City] ⚠️ No se puede obtener API Key - Org ID: 
[24-Aug-2026 16:46:09 America/Mexico_City] ✅ Configuración de Facturapi cargada - Plan: premium, API Key disponible: SÍ
[24-Aug-2026 16:46:09 America/Mexico_City] Error al obtener configuración: SQLSTATE[42S22]: Column not found: 1054 Unknown column 'paypal_client_id' in 'field list'
[24-Aug-2026 16:46:09 America/Mexico_City] ✅ Caja encontrada por ID de sesión - ID: 6
[24-Aug-2026 16:48:19 America/Mexico_City] 📋 Datos empresa - Plan: premium, Org ID: , Timbres: 500
[24-Aug-2026 16:48:19 America/Mexico_City] ⚠️ No se puede obtener API Key - Org ID: 
[24-Aug-2026 16:48:19 America/Mexico_City] ✅ Configuración de Facturapi cargada - Plan: premium, API Key disponible: SÍ
[24-Aug-2026 16:48:19 America/Mexico_City] Error al obtener configuración: SQLSTATE[42S22]: Column not found: 1054 Unknown column 'paypal_client_id' in 'field list'
[24-Aug-2026 16:48:19 America/Mexico_City] ✅ Caja encontrada por ID de sesión - ID: 6
[24-Aug-2026 16:48:25 America/Mexico_City] 📋 Datos empresa - Plan: premium, Org ID: , Timbres: 500
[24-Aug-2026 16:48:25 America/Mexico_City] ⚠️ No se puede obtener API Key - Org ID: 
[24-Aug-2026 16:48:25 America/Mexico_City] ✅ Configuración de Facturapi cargada - Plan: premium, API Key disponible: SÍ
[24-Aug-2026 16:48:25 America/Mexico_City] Error al obtener configuración: SQLSTATE[42S22]: Column not found: 1054 Unknown column 'paypal_client_id' in 'field list'
[24-Aug-2026 16:48:25 America/Mexico_City] ✅ Caja encontrada por ID de sesión - ID: 6
[24-Aug-2026 16:48:38 America/Mexico_City] 📋 Datos empresa - Plan: premium, Org ID: , Timbres: 500
[24-Aug-2026 16:48:38 America/Mexico_City] ⚠️ No se puede obtener API Key - Org ID: 
[24-Aug-2026 16:48:38 America/Mexico_City] ✅ Configuración de Facturapi cargada - Plan: premium, API Key disponible: SÍ
[24-Aug-2026 16:48:38 America/Mexico_City] Error al obtener configuración: SQLSTATE[42S22]: Column not found: 1054 Unknown column 'paypal_client_id' in 'field list'
[24-Aug-2026 16:48:38 America/Mexico_City] ✅ Caja encontrada por ID de sesión - ID: 6
[24-Aug-2026 16:48:39 America/Mexico_City] 📋 Datos empresa - Plan: premium, Org ID: , Timbres: 500
[24-Aug-2026 16:48:39 America/Mexico_City] ⚠️ No se puede obtener API Key - Org ID: 
[24-Aug-2026 16:48:39 America/Mexico_City] ✅ Configuración de Facturapi cargada - Plan: premium, API Key disponible: SÍ
[24-Aug-2026 16:48:39 America/Mexico_City] Error al obtener configuración: SQLSTATE[42S22]: Column not found: 1054 Unknown column 'paypal_client_id' in 'field list'
[24-Aug-2026 16:48:39 America/Mexico_City] ✅ Caja encontrada por ID de sesión - ID: 6
[24-Aug-2026 17:12:41 America/Mexico_City] 📋 Datos empresa - Plan: premium, Org ID: , Timbres: 500
[24-Aug-2026 17:12:41 America/Mexico_City] ⚠️ No se puede obtener API Key - Org ID: 
[24-Aug-2026 17:12:41 America/Mexico_City] ✅ Configuración de Facturapi cargada - Plan: premium, API Key disponible: SÍ
[24-Aug-2026 17:12:41 America/Mexico_City] Error al obtener configuración: SQLSTATE[42S22]: Column not found: 1054 Unknown column 'paypal_client_id' in 'field list'
[24-Aug-2026 17:12:41 America/Mexico_City] Buscando caja por usuario/sucursal...
[24-Aug-2026 17:12:41 America/Mexico_City] ✅ Caja encontrada por usuario/sucursal - ID: 6
[24-Aug-2026 17:21:36 America/Mexico_City] 📋 Datos empresa - Plan: premium, Org ID: , Timbres: 500
[24-Aug-2026 17:21:36 America/Mexico_City] ⚠️ No se puede obtener API Key - Org ID: 
[24-Aug-2026 17:21:36 America/Mexico_City] ✅ Configuración de Facturapi cargada - Plan: premium, API Key disponible: SÍ
[24-Aug-2026 17:21:36 America/Mexico_City] Error al obtener configuración: SQLSTATE[42S22]: Column not found: 1054 Unknown column 'paypal_client_id' in 'field list'
[24-Aug-2026 17:21:36 America/Mexico_City] ✅ Caja encontrada por ID de sesión - ID: 6
[24-Aug-2026 17:26:23 America/Mexico_City] 📋 Datos empresa - Plan: premium, Org ID: , Timbres: 500
[24-Aug-2026 17:26:23 America/Mexico_City] ⚠️ No se puede obtener API Key - Org ID: 
[24-Aug-2026 17:26:23 America/Mexico_City] ✅ Configuración de Facturapi cargada - Plan: premium, API Key disponible: SÍ
[24-Aug-2026 17:26:23 America/Mexico_City] Error al obtener configuración: SQLSTATE[42S22]: Column not found: 1054 Unknown column 'paypal_client_id' in 'field list'
[24-Aug-2026 17:26:23 America/Mexico_City] ✅ Caja encontrada por ID de sesión - ID: 6
[24-Aug-2026 17:26:41 America/Mexico_City] 📋 Datos empresa - Plan: premium, Org ID: , Timbres: 500
[24-Aug-2026 17:26:41 America/Mexico_City] ⚠️ No se puede obtener API Key - Org ID: 
[24-Aug-2026 17:26:41 America/Mexico_City] ✅ Configuración de Facturapi cargada - Plan: premium, API Key disponible: SÍ
[24-Aug-2026 17:26:41 America/Mexico_City] Error al obtener configuración: SQLSTATE[42S22]: Column not found: 1054 Unknown column 'paypal_client_id' in 'field list'
[24-Aug-2026 17:26:41 America/Mexico_City] ✅ Caja encontrada por ID de sesión - ID: 6
[24-Aug-2026 17:27:21 America/Mexico_City] 📋 Datos empresa - Plan: premium, Org ID: , Timbres: 500
[24-Aug-2026 17:27:21 America/Mexico_City] ⚠️ No se puede obtener API Key - Org ID: 
[24-Aug-2026 17:27:21 America/Mexico_City] ✅ Configuración de Facturapi cargada - Plan: premium, API Key disponible: SÍ
[24-Aug-2026 17:27:21 America/Mexico_City] Error al obtener configuración: SQLSTATE[42S22]: Column not found: 1054 Unknown column 'paypal_client_id' in 'field list'
[24-Aug-2026 17:27:21 America/Mexico_City] ✅ Caja encontrada por ID de sesión - ID: 6
[24-Aug-2026 17:27:22 America/Mexico_City] 📋 Datos empresa - Plan: premium, Org ID: , Timbres: 500
[24-Aug-2026 17:27:22 America/Mexico_City] ⚠️ No se puede obtener API Key - Org ID: 
[24-Aug-2026 17:27:22 America/Mexico_City] ✅ Configuración de Facturapi cargada - Plan: premium, API Key disponible: SÍ
[24-Aug-2026 17:27:22 America/Mexico_City] Error al obtener configuración: SQLSTATE[42S22]: Column not found: 1054 Unknown column 'paypal_client_id' in 'field list'
[24-Aug-2026 17:27:22 America/Mexico_City] ✅ Caja encontrada por ID de sesión - ID: 6
[24-Aug-2026 17:27:59 America/Mexico_City] 📋 Datos empresa - Plan: premium, Org ID: , Timbres: 500
[24-Aug-2026 17:27:59 America/Mexico_City] ⚠️ No se puede obtener API Key - Org ID: 
[24-Aug-2026 17:27:59 America/Mexico_City] ✅ Configuración de Facturapi cargada - Plan: premium, API Key disponible: SÍ
[24-Aug-2026 17:27:59 America/Mexico_City] Error al obtener configuración: SQLSTATE[42S22]: Column not found: 1054 Unknown column 'paypal_client_id' in 'field list'
[24-Aug-2026 17:27:59 America/Mexico_City] ✅ Caja encontrada por ID de sesión - ID: 6
[24-Aug-2026 17:27:59 America/Mexico_City] === INICIO PROCESAR PAGO ===
[24-Aug-2026 17:27:59 America/Mexico_City] Plan de empresa: premium
[24-Aug-2026 17:27:59 America/Mexico_City] Timbres disponibles: 500
[24-Aug-2026 17:27:59 America/Mexico_City] ✅ Venta insertada - ID: 66, Código: 20260824172759
[24-Aug-2026 17:27:59 America/Mexico_City] ✅ STOCK ACTUALIZADO - Producto: TRABAJO FINANCIERO ESPECIFICO, Cantidad descontada: 1
[24-Aug-2026 17:27:59 America/Mexico_City] ✅ Caja actualizada correctamente
[24-Aug-2026 17:27:59 America/Mexico_City] 🎯 Plan Premium detectado - Generando recibo Facturapi
[24-Aug-2026 17:27:59 America/Mexico_City] 🔑 Usando API Key: sk_test_3N...
[24-Aug-2026 17:27:59 America/Mexico_City] ⚠️ Producto ID 139 no tiene facturapi_producto_id
[24-Aug-2026 17:27:59 America/Mexico_City] ❌ Error al crear recibo Facturapi: No se encontraron productos válidos para Facturapi.
[24-Aug-2026 17:28:00 America/Mexico_City] 📋 Datos empresa - Plan: premium, Org ID: , Timbres: 500
[24-Aug-2026 17:28:00 America/Mexico_City] ⚠️ No se puede obtener API Key - Org ID: 
[24-Aug-2026 17:28:00 America/Mexico_City] ✅ Configuración de Facturapi cargada - Plan: premium, API Key disponible: SÍ
[24-Aug-2026 17:28:00 America/Mexico_City] Error al obtener configuración: SQLSTATE[42S22]: Column not found: 1054 Unknown column 'paypal_client_id' in 'field list'
[24-Aug-2026 17:28:00 America/Mexico_City] ✅ Caja encontrada por ID de sesión - ID: 6
[24-Aug-2026 17:28:24 America/Mexico_City] 📋 Datos empresa - Plan: premium, Org ID: , Timbres: 500
[24-Aug-2026 17:28:24 America/Mexico_City] ⚠️ No se puede obtener API Key - Org ID: 
[24-Aug-2026 17:28:24 America/Mexico_City] ✅ Configuración de Facturapi cargada - Plan: premium, API Key disponible: SÍ
[24-Aug-2026 17:28:24 America/Mexico_City] Error al obtener configuración: SQLSTATE[42S22]: Column not found: 1054 Unknown column 'paypal_client_id' in 'field list'
[24-Aug-2026 17:28:24 America/Mexico_City] ✅ Caja encontrada por ID de sesión - ID: 6
[24-Aug-2026 17:28:24 America/Mexico_City] === INICIO PROCESAR PAGO ===
[24-Aug-2026 17:28:24 America/Mexico_City] Plan de empresa: premium
[24-Aug-2026 17:28:24 America/Mexico_City] Timbres disponibles: 500
[24-Aug-2026 17:28:25 America/Mexico_City] 📋 Datos empresa - Plan: premium, Org ID: , Timbres: 500
[24-Aug-2026 17:28:25 America/Mexico_City] ⚠️ No se puede obtener API Key - Org ID: 
[24-Aug-2026 17:28:25 America/Mexico_City] ✅ Configuración de Facturapi cargada - Plan: premium, API Key disponible: SÍ
[24-Aug-2026 17:28:25 America/Mexico_City] Error al obtener configuración: SQLSTATE[42S22]: Column not found: 1054 Unknown column 'paypal_client_id' in 'field list'
[24-Aug-2026 17:28:25 America/Mexico_City] ✅ Caja encontrada por ID de sesión - ID: 6
[24-Aug-2026 17:34:07 America/Mexico_City] 📋 Datos empresa - Plan: premium, Org ID: , Timbres: 500
[24-Aug-2026 17:34:07 America/Mexico_City] ⚠️ No se puede obtener API Key - Org ID: 
[24-Aug-2026 17:34:07 America/Mexico_City] ✅ Configuración de Facturapi cargada - Plan: premium, API Key disponible: SÍ
[24-Aug-2026 17:34:07 America/Mexico_City] Error al obtener configuración: SQLSTATE[42S22]: Column not found: 1054 Unknown column 'paypal_client_id' in 'field list'
[24-Aug-2026 17:34:07 America/Mexico_City] ✅ Caja encontrada por ID de sesión - ID: 6
[24-Aug-2026 17:34:07 America/Mexico_City] 📋 Datos empresa - Plan: premium, Org ID: , Timbres: 500
[24-Aug-2026 17:34:07 America/Mexico_City] ⚠️ No se puede obtener API Key - Org ID: 
[24-Aug-2026 17:34:07 America/Mexico_City] ✅ Configuración de Facturapi cargada - Plan: premium, API Key disponible: SÍ
[24-Aug-2026 17:34:07 America/Mexico_City] Error al obtener configuración: SQLSTATE[42S22]: Column not found: 1054 Unknown column 'paypal_client_id' in 'field list'
[24-Aug-2026 17:34:07 America/Mexico_City] ✅ Caja encontrada por ID de sesión - ID: 6
[24-Aug-2026 17:36:32 America/Mexico_City] 📋 Datos empresa - Plan: premium, Org ID: , Timbres: 500
[24-Aug-2026 17:36:32 America/Mexico_City] ⚠️ No se puede obtener API Key - Org ID: 
[24-Aug-2026 17:36:32 America/Mexico_City] ✅ Configuración de Facturapi cargada - Plan: premium, API Key disponible: SÍ
[24-Aug-2026 17:36:32 America/Mexico_City] Error al obtener configuración: SQLSTATE[42S22]: Column not found: 1054 Unknown column 'paypal_client_id' in 'field list'
[24-Aug-2026 17:36:32 America/Mexico_City] ✅ Caja encontrada por ID de sesión - ID: 6
[24-Aug-2026 17:36:33 America/Mexico_City] 📋 Datos empresa - Plan: premium, Org ID: , Timbres: 500
[24-Aug-2026 17:36:33 America/Mexico_City] ⚠️ No se puede obtener API Key - Org ID: 
[24-Aug-2026 17:36:33 America/Mexico_City] ✅ Configuración de Facturapi cargada - Plan: premium, API Key disponible: SÍ
[24-Aug-2026 17:36:33 America/Mexico_City] Error al obtener configuración: SQLSTATE[42S22]: Column not found: 1054 Unknown column 'paypal_client_id' in 'field list'
[24-Aug-2026 17:36:33 America/Mexico_City] ✅ Caja encontrada por ID de sesión - ID: 6
[24-Aug-2026 17:36:39 America/Mexico_City] 📋 Datos empresa - Plan: premium, Org ID: , Timbres: 500
[24-Aug-2026 17:36:39 America/Mexico_City] ⚠️ No se puede obtener API Key - Org ID: 
[24-Aug-2026 17:36:39 America/Mexico_City] ✅ Configuración de Facturapi cargada - Plan: premium, API Key disponible: SÍ
[24-Aug-2026 17:36:39 America/Mexico_City] Error al obtener configuración: SQLSTATE[42S22]: Column not found: 1054 Unknown column 'paypal_client_id' in 'field list'
[24-Aug-2026 17:36:39 America/Mexico_City] ✅ Caja encontrada por ID de sesión - ID: 6
[24-Aug-2026 17:37:01 America/Mexico_City] 📋 Datos empresa - Plan: premium, Org ID: , Timbres: 500
[24-Aug-2026 17:37:01 America/Mexico_City] ⚠️ No se puede obtener API Key - Org ID: 
[24-Aug-2026 17:37:01 America/Mexico_City] ✅ Configuración de Facturapi cargada - Plan: premium, API Key disponible: SÍ
[24-Aug-2026 17:37:01 America/Mexico_City] Error al obtener configuración: SQLSTATE[42S22]: Column not found: 1054 Unknown column 'paypal_client_id' in 'field list'
[24-Aug-2026 17:37:01 America/Mexico_City] ✅ Caja encontrada por ID de sesión - ID: 6
[24-Aug-2026 17:37:02 America/Mexico_City] 📋 Datos empresa - Plan: premium, Org ID: , Timbres: 500
[24-Aug-2026 17:37:02 America/Mexico_City] ⚠️ No se puede obtener API Key - Org ID: 
[24-Aug-2026 17:37:02 America/Mexico_City] ✅ Configuración de Facturapi cargada - Plan: premium, API Key disponible: SÍ
[24-Aug-2026 17:37:02 America/Mexico_City] Error al obtener configuración: SQLSTATE[42S22]: Column not found: 1054 Unknown column 'paypal_client_id' in 'field list'
[24-Aug-2026 17:37:02 America/Mexico_City] ✅ Caja encontrada por ID de sesión - ID: 6
[24-Aug-2026 17:37:29 America/Mexico_City] 📋 Datos empresa - Plan: premium, Org ID: , Timbres: 500
[24-Aug-2026 17:37:29 America/Mexico_City] ⚠️ No se puede obtener API Key - Org ID: 
[24-Aug-2026 17:37:29 America/Mexico_City] ✅ Configuración de Facturapi cargada - Plan: premium, API Key disponible: SÍ
[24-Aug-2026 17:37:29 America/Mexico_City] Error al obtener configuración: SQLSTATE[42S22]: Column not found: 1054 Unknown column 'paypal_client_id' in 'field list'
[24-Aug-2026 17:37:29 America/Mexico_City] ✅ Caja encontrada por ID de sesión - ID: 6
[24-Aug-2026 17:37:29 America/Mexico_City] === INICIO PROCESAR PAGO ===
[24-Aug-2026 17:37:29 America/Mexico_City] Plan de empresa: premium
[24-Aug-2026 17:37:29 America/Mexico_City] Timbres disponibles: 500
[24-Aug-2026 17:37:29 America/Mexico_City] ✅ Venta insertada - ID: 67, Código: 20260824173729
[24-Aug-2026 17:37:29 America/Mexico_City] ✅ STOCK ACTUALIZADO - Producto: TRABAJO ESPECIFICO DE MARKETING, Cantidad descontada: 1
[24-Aug-2026 17:37:29 America/Mexico_City] ✅ Caja actualizada correctamente
[24-Aug-2026 17:37:29 America/Mexico_City] 🎯 Plan Premium detectado - Generando recibo Facturapi
[24-Aug-2026 17:37:29 America/Mexico_City] 🔑 Usando API Key: sk_test_3N...
[24-Aug-2026 17:37:29 America/Mexico_City] ⚠️ Producto ID 146 no tiene facturapi_producto_id
[24-Aug-2026 17:37:29 America/Mexico_City] ❌ Error al crear recibo Facturapi: No se encontraron productos válidos para Facturapi.
[24-Aug-2026 17:37:29 America/Mexico_City] 📋 Datos empresa - Plan: premium, Org ID: , Timbres: 500
[24-Aug-2026 17:37:29 America/Mexico_City] ⚠️ No se puede obtener API Key - Org ID: 
[24-Aug-2026 17:37:29 America/Mexico_City] ✅ Configuración de Facturapi cargada - Plan: premium, API Key disponible: SÍ
[24-Aug-2026 17:37:29 America/Mexico_City] Error al obtener configuración: SQLSTATE[42S22]: Column not found: 1054 Unknown column 'paypal_client_id' in 'field list'
[24-Aug-2026 17:37:29 America/Mexico_City] ✅ Caja encontrada por ID de sesión - ID: 6
[24-Aug-2026 17:39:31 America/Mexico_City] 📋 Datos empresa - Plan: premium, Org ID: , Timbres: 500
[24-Aug-2026 17:39:31 America/Mexico_City] ⚠️ No se puede obtener API Key - Org ID: 
[24-Aug-2026 17:39:31 America/Mexico_City] ✅ Configuración de Facturapi cargada - Plan: premium, API Key disponible: SÍ
[24-Aug-2026 17:39:31 America/Mexico_City] Error al obtener configuración: SQLSTATE[42S22]: Column not found: 1054 Unknown column 'paypal_client_id' in 'field list'
[24-Aug-2026 17:39:31 America/Mexico_City] ✅ Caja encontrada por ID de sesión - ID: 6
[24-Aug-2026 17:39:32 America/Mexico_City] 📋 Datos empresa - Plan: premium, Org ID: , Timbres: 500
[24-Aug-2026 17:39:32 America/Mexico_City] ⚠️ No se puede obtener API Key - Org ID: 
[24-Aug-2026 17:39:32 America/Mexico_City] ✅ Configuración de Facturapi cargada - Plan: premium, API Key disponible: SÍ
[24-Aug-2026 17:39:32 America/Mexico_City] Error al obtener configuración: SQLSTATE[42S22]: Column not found: 1054 Unknown column 'paypal_client_id' in 'field list'
[24-Aug-2026 17:39:32 America/Mexico_City] ✅ Caja encontrada por ID de sesión - ID: 6
[24-Aug-2026 17:39:59 America/Mexico_City] 📋 Datos empresa - Plan: premium, Org ID: , Timbres: 500
[24-Aug-2026 17:39:59 America/Mexico_City] ⚠️ No se puede obtener API Key - Org ID: 
[24-Aug-2026 17:39:59 America/Mexico_City] ✅ Configuración de Facturapi cargada - Plan: premium, API Key disponible: SÍ
[24-Aug-2026 17:39:59 America/Mexico_City] Error al obtener configuración: SQLSTATE[42S22]: Column not found: 1054 Unknown column 'paypal_client_id' in 'field list'
[24-Aug-2026 17:39:59 America/Mexico_City] ✅ Caja encontrada por ID de sesión - ID: 6
[24-Aug-2026 17:40:16 America/Mexico_City] 📋 Datos empresa - Plan: premium, Org ID: , Timbres: 500
[24-Aug-2026 17:40:16 America/Mexico_City] ⚠️ No se puede obtener API Key - Org ID: 
[24-Aug-2026 17:40:16 America/Mexico_City] ✅ Configuración de Facturapi cargada - Plan: premium, API Key disponible: SÍ
[24-Aug-2026 17:40:16 America/Mexico_City] Error al obtener configuración: SQLSTATE[42S22]: Column not found: 1054 Unknown column 'paypal_client_id' in 'field list'
[24-Aug-2026 17:40:16 America/Mexico_City] ✅ Caja encontrada por ID de sesión - ID: 6
[24-Aug-2026 17:40:18 America/Mexico_City] 📋 Datos empresa - Plan: premium, Org ID: , Timbres: 500
[24-Aug-2026 17:40:18 America/Mexico_City] ⚠️ No se puede obtener API Key - Org ID: 
[24-Aug-2026 17:40:18 America/Mexico_City] ✅ Configuración de Facturapi cargada - Plan: premium, API Key disponible: SÍ
[24-Aug-2026 17:40:18 America/Mexico_City] Error al obtener configuración: SQLSTATE[42S22]: Column not found: 1054 Unknown column 'paypal_client_id' in 'field list'
[24-Aug-2026 17:40:18 America/Mexico_City] ✅ Caja encontrada por ID de sesión - ID: 6
[24-Aug-2026 17:40:41 America/Mexico_City] 📋 Datos empresa - Plan: premium, Org ID: , Timbres: 500
[24-Aug-2026 17:40:41 America/Mexico_City] ⚠️ No se puede obtener API Key - Org ID: 
[24-Aug-2026 17:40:41 America/Mexico_City] ✅ Configuración de Facturapi cargada - Plan: premium, API Key disponible: SÍ
[24-Aug-2026 17:40:41 America/Mexico_City] Error al obtener configuración: SQLSTATE[42S22]: Column not found: 1054 Unknown column 'paypal_client_id' in 'field list'
[24-Aug-2026 17:40:41 America/Mexico_City] ✅ Caja encontrada por ID de sesión - ID: 6
[24-Aug-2026 17:40:41 America/Mexico_City] === INICIO PROCESAR PAGO ===
[24-Aug-2026 17:40:41 America/Mexico_City] Plan de empresa: premium
[24-Aug-2026 17:40:41 America/Mexico_City] Timbres disponibles: 500
[24-Aug-2026 17:40:41 America/Mexico_City] ✅ Venta insertada - ID: 68, Código: 20260824174041
[24-Aug-2026 17:40:41 America/Mexico_City] ✅ STOCK ACTUALIZADO - Producto: TRABAJO ESPECIFICO GENERAL PERSONAS FISICAS, Cantidad descontada: 1
[24-Aug-2026 17:40:41 America/Mexico_City] ✅ Caja actualizada correctamente
[24-Aug-2026 17:40:41 America/Mexico_City] 🎯 Plan Premium detectado - Generando recibo Facturapi
[24-Aug-2026 17:40:41 America/Mexico_City] 🔑 Usando API Key: sk_test_3N...
[24-Aug-2026 17:40:41 America/Mexico_City] ⚠️ Producto ID 147 no tiene facturapi_producto_id
[24-Aug-2026 17:40:41 America/Mexico_City] ❌ Error al crear recibo Facturapi: No se encontraron productos válidos para Facturapi.
[24-Aug-2026 17:40:41 America/Mexico_City] 📋 Datos empresa - Plan: premium, Org ID: , Timbres: 500
[24-Aug-2026 17:40:41 America/Mexico_City] ⚠️ No se puede obtener API Key - Org ID: 
[24-Aug-2026 17:40:41 America/Mexico_City] ✅ Configuración de Facturapi cargada - Plan: premium, API Key disponible: SÍ
[24-Aug-2026 17:40:41 America/Mexico_City] Error al obtener configuración: SQLSTATE[42S22]: Column not found: 1054 Unknown column 'paypal_client_id' in 'field list'
[24-Aug-2026 17:40:41 America/Mexico_City] ✅ Caja encontrada por ID de sesión - ID: 6
[24-Aug-2026 17:46:58 America/Mexico_City] 📋 Datos empresa - Plan: premium, Org ID: , Timbres: 500
[24-Aug-2026 17:46:58 America/Mexico_City] ⚠️ No se puede obtener API Key - Org ID: 
[24-Aug-2026 17:46:58 America/Mexico_City] ✅ Configuración de Facturapi cargada - Plan: premium, API Key disponible: SÍ
[24-Aug-2026 17:46:58 America/Mexico_City] Error al obtener configuración: SQLSTATE[42S22]: Column not found: 1054 Unknown column 'paypal_client_id' in 'field list'
[24-Aug-2026 17:46:58 America/Mexico_City] ✅ Caja encontrada por ID de sesión - ID: 6
[24-Aug-2026 17:47:24 America/Mexico_City] 📋 Datos empresa - Plan: premium, Org ID: , Timbres: 500
[24-Aug-2026 17:47:24 America/Mexico_City] ⚠️ No se puede obtener API Key - Org ID: 
[24-Aug-2026 17:47:24 America/Mexico_City] ✅ Configuración de Facturapi cargada - Plan: premium, API Key disponible: SÍ
[24-Aug-2026 17:47:24 America/Mexico_City] Error al obtener configuración: SQLSTATE[42S22]: Column not found: 1054 Unknown column 'paypal_client_id' in 'field list'
[24-Aug-2026 17:47:24 America/Mexico_City] ✅ Caja encontrada por ID de sesión - ID: 6
[24-Aug-2026 17:47:38 America/Mexico_City] 📋 Datos empresa - Plan: premium, Org ID: , Timbres: 500
[24-Aug-2026 17:47:38 America/Mexico_City] ⚠️ No se puede obtener API Key - Org ID: 
[24-Aug-2026 17:47:38 America/Mexico_City] ✅ Configuración de Facturapi cargada - Plan: premium, API Key disponible: SÍ
[24-Aug-2026 17:47:38 America/Mexico_City] Error al obtener configuración: SQLSTATE[42S22]: Column not found: 1054 Unknown column 'paypal_client_id' in 'field list'
[24-Aug-2026 17:47:38 America/Mexico_City] ✅ Caja encontrada por ID de sesión - ID: 6
[24-Aug-2026 17:48:04 America/Mexico_City] 📋 Datos empresa - Plan: premium, Org ID: , Timbres: 500
[24-Aug-2026 17:48:04 America/Mexico_City] ⚠️ No se puede obtener API Key - Org ID: 
[24-Aug-2026 17:48:04 America/Mexico_City] ✅ Configuración de Facturapi cargada - Plan: premium, API Key disponible: SÍ
[24-Aug-2026 17:48:04 America/Mexico_City] Error al obtener configuración: SQLSTATE[42S22]: Column not found: 1054 Unknown column 'paypal_client_id' in 'field list'
[24-Aug-2026 17:48:04 America/Mexico_City] ✅ Caja encontrada por ID de sesión - ID: 6
[24-Aug-2026 17:48:05 America/Mexico_City] 📋 Datos empresa - Plan: premium, Org ID: , Timbres: 500
[24-Aug-2026 17:48:05 America/Mexico_City] ⚠️ No se puede obtener API Key - Org ID: 
[24-Aug-2026 17:48:05 America/Mexico_City] ✅ Configuración de Facturapi cargada - Plan: premium, API Key disponible: SÍ
[24-Aug-2026 17:48:05 America/Mexico_City] Error al obtener configuración: SQLSTATE[42S22]: Column not found: 1054 Unknown column 'paypal_client_id' in 'field list'
[24-Aug-2026 17:48:05 America/Mexico_City] ✅ Caja encontrada por ID de sesión - ID: 6
[24-Aug-2026 17:48:39 America/Mexico_City] 📋 Datos empresa - Plan: premium, Org ID: , Timbres: 500
[24-Aug-2026 17:48:39 America/Mexico_City] ⚠️ No se puede obtener API Key - Org ID: 
[24-Aug-2026 17:48:39 America/Mexico_City] ✅ Configuración de Facturapi cargada - Plan: premium, API Key disponible: SÍ
[24-Aug-2026 17:48:39 America/Mexico_City] Error al obtener configuración: SQLSTATE[42S22]: Column not found: 1054 Unknown column 'paypal_client_id' in 'field list'
[24-Aug-2026 17:48:39 America/Mexico_City] ✅ Caja encontrada por ID de sesión - ID: 6
[24-Aug-2026 17:48:39 America/Mexico_City] === INICIO PROCESAR PAGO ===
[24-Aug-2026 17:48:39 America/Mexico_City] Plan de empresa: premium
[24-Aug-2026 17:48:39 America/Mexico_City] Timbres disponibles: 500
[24-Aug-2026 17:48:39 America/Mexico_City] ✅ Venta insertada - ID: 69, Código: 20260824174839
[24-Aug-2026 17:48:39 America/Mexico_City] ✅ STOCK ACTUALIZADO - Producto: TRABAJO ESPECIFICO EN SISTEMAS, Cantidad descontada: 1
[24-Aug-2026 17:48:39 America/Mexico_City] ✅ Caja actualizada correctamente
[24-Aug-2026 17:48:39 America/Mexico_City] 🎯 Plan Premium detectado - Generando recibo Facturapi
[24-Aug-2026 17:48:39 America/Mexico_City] 🔑 Usando API Key: sk_test_3N...
[24-Aug-2026 17:48:39 America/Mexico_City] ⚠️ Producto ID 145 no tiene facturapi_producto_id
[24-Aug-2026 17:48:39 America/Mexico_City] ❌ Error al crear recibo Facturapi: No se encontraron productos válidos para Facturapi.
[24-Aug-2026 17:48:40 America/Mexico_City] 📋 Datos empresa - Plan: premium, Org ID: , Timbres: 500
[24-Aug-2026 17:48:40 America/Mexico_City] ⚠️ No se puede obtener API Key - Org ID: 
[24-Aug-2026 17:48:40 America/Mexico_City] ✅ Configuración de Facturapi cargada - Plan: premium, API Key disponible: SÍ
[24-Aug-2026 17:48:40 America/Mexico_City] Error al obtener configuración: SQLSTATE[42S22]: Column not found: 1054 Unknown column 'paypal_client_id' in 'field list'
[24-Aug-2026 17:48:40 America/Mexico_City] ✅ Caja encontrada por ID de sesión - ID: 6
[24-Aug-2026 17:50:09 America/Mexico_City] 📋 Datos empresa - Plan: premium, Org ID: , Timbres: 500
[24-Aug-2026 17:50:09 America/Mexico_City] ⚠️ No se puede obtener API Key - Org ID: 
[24-Aug-2026 17:50:09 America/Mexico_City] ✅ Configuración de Facturapi cargada - Plan: premium, API Key disponible: SÍ
[24-Aug-2026 17:50:09 America/Mexico_City] Error al obtener configuración: SQLSTATE[42S22]: Column not found: 1054 Unknown column 'paypal_client_id' in 'field list'
[24-Aug-2026 17:50:09 America/Mexico_City] ✅ Caja encontrada por ID de sesión - ID: 6
[24-Aug-2026 17:50:09 America/Mexico_City] 📋 Datos empresa - Plan: premium, Org ID: , Timbres: 500
[24-Aug-2026 17:50:09 America/Mexico_City] ⚠️ No se puede obtener API Key - Org ID: 
[24-Aug-2026 17:50:09 America/Mexico_City] ✅ Configuración de Facturapi cargada - Plan: premium, API Key disponible: SÍ
[24-Aug-2026 17:50:09 America/Mexico_City] Error al obtener configuración: SQLSTATE[42S22]: Column not found: 1054 Unknown column 'paypal_client_id' in 'field list'
[24-Aug-2026 17:50:09 America/Mexico_City] ✅ Caja encontrada por ID de sesión - ID: 6
[24-Aug-2026 17:50:30 America/Mexico_City] 📋 Datos empresa - Plan: premium, Org ID: , Timbres: 500
[24-Aug-2026 17:50:30 America/Mexico_City] ⚠️ No se puede obtener API Key - Org ID: 
[24-Aug-2026 17:50:30 America/Mexico_City] ✅ Configuración de Facturapi cargada - Plan: premium, API Key disponible: SÍ
[24-Aug-2026 17:50:30 America/Mexico_City] Error al obtener configuración: SQLSTATE[42S22]: Column not found: 1054 Unknown column 'paypal_client_id' in 'field list'
[24-Aug-2026 17:50:30 America/Mexico_City] ✅ Caja encontrada por ID de sesión - ID: 6
[24-Aug-2026 17:50:48 America/Mexico_City] 📋 Datos empresa - Plan: premium, Org ID: , Timbres: 500
[24-Aug-2026 17:50:48 America/Mexico_City] ⚠️ No se puede obtener API Key - Org ID: 
[24-Aug-2026 17:50:48 America/Mexico_City] ✅ Configuración de Facturapi cargada - Plan: premium, API Key disponible: SÍ
[24-Aug-2026 17:50:48 America/Mexico_City] Error al obtener configuración: SQLSTATE[42S22]: Column not found: 1054 Unknown column 'paypal_client_id' in 'field list'
[24-Aug-2026 17:50:48 America/Mexico_City] ✅ Caja encontrada por ID de sesión - ID: 6
[24-Aug-2026 17:50:49 America/Mexico_City] 📋 Datos empresa - Plan: premium, Org ID: , Timbres: 500
[24-Aug-2026 17:50:49 America/Mexico_City] ⚠️ No se puede obtener API Key - Org ID: 
[24-Aug-2026 17:50:49 America/Mexico_City] ✅ Configuración de Facturapi cargada - Plan: premium, API Key disponible: SÍ
[24-Aug-2026 17:50:49 America/Mexico_City] Error al obtener configuración: SQLSTATE[42S22]: Column not found: 1054 Unknown column 'paypal_client_id' in 'field list'
[24-Aug-2026 17:50:49 America/Mexico_City] ✅ Caja encontrada por ID de sesión - ID: 6
[24-Aug-2026 17:51:37 America/Mexico_City] 📋 Datos empresa - Plan: premium, Org ID: , Timbres: 500
[24-Aug-2026 17:51:37 America/Mexico_City] ⚠️ No se puede obtener API Key - Org ID: 
[24-Aug-2026 17:51:37 America/Mexico_City] ✅ Configuración de Facturapi cargada - Plan: premium, API Key disponible: SÍ
[24-Aug-2026 17:51:37 America/Mexico_City] Error al obtener configuración: SQLSTATE[42S22]: Column not found: 1054 Unknown column 'paypal_client_id' in 'field list'
[24-Aug-2026 17:51:37 America/Mexico_City] ✅ Caja encontrada por ID de sesión - ID: 6
[24-Aug-2026 17:51:37 America/Mexico_City] === INICIO PROCESAR PAGO ===
[24-Aug-2026 17:51:37 America/Mexico_City] Plan de empresa: premium
[24-Aug-2026 17:51:37 America/Mexico_City] Timbres disponibles: 500
[24-Aug-2026 17:51:37 America/Mexico_City] ✅ Venta insertada - ID: 70, Código: 20260824175137
[24-Aug-2026 17:51:37 America/Mexico_City] ✅ STOCK ACTUALIZADO - Producto: TRABAJO ESPECIFICO SERVICIO LEGAL, Cantidad descontada: 1
[24-Aug-2026 17:51:37 America/Mexico_City] ✅ Caja actualizada correctamente
[24-Aug-2026 17:51:37 America/Mexico_City] 🎯 Plan Premium detectado - Generando recibo Facturapi
[24-Aug-2026 17:51:37 America/Mexico_City] 🔑 Usando API Key: sk_test_3N...
[24-Aug-2026 17:51:37 America/Mexico_City] ⚠️ Producto ID 136 no tiene facturapi_producto_id
[24-Aug-2026 17:51:37 America/Mexico_City] ❌ Error al crear recibo Facturapi: No se encontraron productos válidos para Facturapi.
[24-Aug-2026 17:51:37 America/Mexico_City] 📋 Datos empresa - Plan: premium, Org ID: , Timbres: 500
[24-Aug-2026 17:51:37 America/Mexico_City] ⚠️ No se puede obtener API Key - Org ID: 
[24-Aug-2026 17:51:37 America/Mexico_City] ✅ Configuración de Facturapi cargada - Plan: premium, API Key disponible: SÍ
[24-Aug-2026 17:51:37 America/Mexico_City] Error al obtener configuración: SQLSTATE[42S22]: Column not found: 1054 Unknown column 'paypal_client_id' in 'field list'
[24-Aug-2026 17:51:37 America/Mexico_City] ✅ Caja encontrada por ID de sesión - ID: 6
[24-Aug-2026 17:55:33 America/Mexico_City] 📋 Datos empresa - Plan: premium, Org ID: , Timbres: 500
[24-Aug-2026 17:55:33 America/Mexico_City] ⚠️ No se puede obtener API Key - Org ID: 
[24-Aug-2026 17:55:33 America/Mexico_City] ✅ Configuración de Facturapi cargada - Plan: premium, API Key disponible: SÍ
[24-Aug-2026 17:55:33 America/Mexico_City] Error al obtener configuración: SQLSTATE[42S22]: Column not found: 1054 Unknown column 'paypal_client_id' in 'field list'
[24-Aug-2026 17:55:33 America/Mexico_City] ✅ Caja encontrada por ID de sesión - ID: 6
[24-Aug-2026 17:55:34 America/Mexico_City] 📋 Datos empresa - Plan: premium, Org ID: , Timbres: 500
[24-Aug-2026 17:55:34 America/Mexico_City] ⚠️ No se puede obtener API Key - Org ID: 
[24-Aug-2026 17:55:34 America/Mexico_City] ✅ Configuración de Facturapi cargada - Plan: premium, API Key disponible: SÍ
[24-Aug-2026 17:55:34 America/Mexico_City] Error al obtener configuración: SQLSTATE[42S22]: Column not found: 1054 Unknown column 'paypal_client_id' in 'field list'
[24-Aug-2026 17:55:34 America/Mexico_City] ✅ Caja encontrada por ID de sesión - ID: 6
[24-Aug-2026 17:55:53 America/Mexico_City] 📋 Datos empresa - Plan: premium, Org ID: , Timbres: 500
[24-Aug-2026 17:55:53 America/Mexico_City] ⚠️ No se puede obtener API Key - Org ID: 
[24-Aug-2026 17:55:53 America/Mexico_City] ✅ Configuración de Facturapi cargada - Plan: premium, API Key disponible: SÍ
[24-Aug-2026 17:55:53 America/Mexico_City] Error al obtener configuración: SQLSTATE[42S22]: Column not found: 1054 Unknown column 'paypal_client_id' in 'field list'
[24-Aug-2026 17:55:53 America/Mexico_City] ✅ Caja encontrada por ID de sesión - ID: 6
[24-Aug-2026 17:59:39 America/Mexico_City] 📋 Datos empresa - Plan: premium, Org ID: , Timbres: 500
[24-Aug-2026 17:59:39 America/Mexico_City] ⚠️ No se puede obtener API Key - Org ID: 
[24-Aug-2026 17:59:39 America/Mexico_City] ✅ Configuración de Facturapi cargada - Plan: premium, API Key disponible: SÍ
[24-Aug-2026 17:59:39 America/Mexico_City] Error al obtener configuración: SQLSTATE[42S22]: Column not found: 1054 Unknown column 'paypal_client_id' in 'field list'
[24-Aug-2026 17:59:39 America/Mexico_City] ✅ Caja encontrada por ID de sesión - ID: 6
[24-Aug-2026 17:59:41 America/Mexico_City] 📋 Datos empresa - Plan: premium, Org ID: , Timbres: 500
[24-Aug-2026 17:59:41 America/Mexico_City] ⚠️ No se puede obtener API Key - Org ID: 
[24-Aug-2026 17:59:41 America/Mexico_City] ✅ Configuración de Facturapi cargada - Plan: premium, API Key disponible: SÍ
[24-Aug-2026 17:59:41 America/Mexico_City] Error al obtener configuración: SQLSTATE[42S22]: Column not found: 1054 Unknown column 'paypal_client_id' in 'field list'
[24-Aug-2026 17:59:41 America/Mexico_City] ✅ Caja encontrada por ID de sesión - ID: 6
[24-Aug-2026 18:02:25 America/Mexico_City] 📋 Datos empresa - Plan: premium, Org ID: , Timbres: 500
[24-Aug-2026 18:02:25 America/Mexico_City] ⚠️ No se puede obtener API Key - Org ID: 
[24-Aug-2026 18:02:25 America/Mexico_City] ✅ Configuración de Facturapi cargada - Plan: premium, API Key disponible: SÍ
[24-Aug-2026 18:02:25 America/Mexico_City] Error al obtener configuración: SQLSTATE[42S22]: Column not found: 1054 Unknown column 'paypal_client_id' in 'field list'
[24-Aug-2026 18:02:25 America/Mexico_City] ✅ Caja encontrada por ID de sesión - ID: 6
[24-Aug-2026 18:02:25 America/Mexico_City] === INICIO PROCESAR PAGO ===
[24-Aug-2026 18:02:25 America/Mexico_City] Plan de empresa: premium
[24-Aug-2026 18:02:25 America/Mexico_City] Timbres disponibles: 500
[24-Aug-2026 18:02:25 America/Mexico_City] ✅ Venta insertada - ID: 71, Código: 20260824180225
[24-Aug-2026 18:02:25 America/Mexico_City] ✅ STOCK ACTUALIZADO - Producto: TRABAJO ESPECIFICO SERVICIO LEGAL, Cantidad descontada: 1
[24-Aug-2026 18:02:25 America/Mexico_City] ✅ Caja actualizada correctamente
[24-Aug-2026 18:02:25 America/Mexico_City] 🎯 Plan Premium detectado - Generando recibo Facturapi
[24-Aug-2026 18:02:25 America/Mexico_City] 🔑 Usando API Key: sk_test_3N...
[24-Aug-2026 18:02:25 America/Mexico_City] ⚠️ Producto ID 136 no tiene facturapi_producto_id
[24-Aug-2026 18:02:25 America/Mexico_City] ❌ Error al crear recibo Facturapi: No se encontraron productos válidos para Facturapi.
[24-Aug-2026 18:02:25 America/Mexico_City] 📋 Datos empresa - Plan: premium, Org ID: , Timbres: 500
[24-Aug-2026 18:02:25 America/Mexico_City] ⚠️ No se puede obtener API Key - Org ID: 
[24-Aug-2026 18:02:25 America/Mexico_City] ✅ Configuración de Facturapi cargada - Plan: premium, API Key disponible: SÍ
[24-Aug-2026 18:02:25 America/Mexico_City] Error al obtener configuración: SQLSTATE[42S22]: Column not found: 1054 Unknown column 'paypal_client_id' in 'field list'
[24-Aug-2026 18:02:25 America/Mexico_City] ✅ Caja encontrada por ID de sesión - ID: 6
[25-Aug-2026 09:07:30 America/Mexico_City] 📋 Datos empresa - Plan: premium, Org ID: , Timbres: 500
[25-Aug-2026 09:07:30 America/Mexico_City] ⚠️ No se puede obtener API Key - Org ID: 
[25-Aug-2026 09:07:30 America/Mexico_City] ✅ Configuración de Facturapi cargada - Plan: premium, API Key disponible: SÍ
[25-Aug-2026 09:07:30 America/Mexico_City] Error al obtener configuración: SQLSTATE[42S22]: Column not found: 1054 Unknown column 'paypal_client_id' in 'field list'
[25-Aug-2026 09:07:30 America/Mexico_City] Buscando caja por usuario/sucursal...
[25-Aug-2026 09:07:30 America/Mexico_City] ✅ Caja encontrada por usuario/sucursal - ID: 6
[25-Aug-2026 09:08:42 America/Mexico_City] 📋 Datos empresa - Plan: premium, Org ID: , Timbres: 500
[25-Aug-2026 09:08:42 America/Mexico_City] ⚠️ No se puede obtener API Key - Org ID: 
[25-Aug-2026 09:08:42 America/Mexico_City] ✅ Configuración de Facturapi cargada - Plan: premium, API Key disponible: SÍ
[25-Aug-2026 09:08:42 America/Mexico_City] Error al obtener configuración: SQLSTATE[42S22]: Column not found: 1054 Unknown column 'paypal_client_id' in 'field list'
[25-Aug-2026 09:08:42 America/Mexico_City] ✅ Caja encontrada por ID de sesión - ID: 6
[25-Aug-2026 09:10:01 America/Mexico_City] 📋 Datos empresa - Plan: premium, Org ID: , Timbres: 500
[25-Aug-2026 09:10:01 America/Mexico_City] ⚠️ No se puede obtener API Key - Org ID: 
[25-Aug-2026 09:10:01 America/Mexico_City] ✅ Configuración de Facturapi cargada - Plan: premium, API Key disponible: SÍ
[25-Aug-2026 09:10:01 America/Mexico_City] Error al obtener configuración: SQLSTATE[42S22]: Column not found: 1054 Unknown column 'paypal_client_id' in 'field list'
[25-Aug-2026 09:10:01 America/Mexico_City] ✅ Caja encontrada por ID de sesión - ID: 6
[25-Aug-2026 09:10:17 America/Mexico_City] 📋 Datos empresa - Plan: premium, Org ID: , Timbres: 500
[25-Aug-2026 09:10:17 America/Mexico_City] ⚠️ No se puede obtener API Key - Org ID: 
[25-Aug-2026 09:10:17 America/Mexico_City] ✅ Configuración de Facturapi cargada - Plan: premium, API Key disponible: SÍ
[25-Aug-2026 09:10:17 America/Mexico_City] Error al obtener configuración: SQLSTATE[42S22]: Column not found: 1054 Unknown column 'paypal_client_id' in 'field list'
[25-Aug-2026 09:10:17 America/Mexico_City] ✅ Caja encontrada por ID de sesión - ID: 6
[25-Aug-2026 09:10:18 America/Mexico_City] 📋 Datos empresa - Plan: premium, Org ID: , Timbres: 500
[25-Aug-2026 09:10:18 America/Mexico_City] ⚠️ No se puede obtener API Key - Org ID: 
[25-Aug-2026 09:10:18 America/Mexico_City] ✅ Configuración de Facturapi cargada - Plan: premium, API Key disponible: SÍ
[25-Aug-2026 09:10:18 America/Mexico_City] Error al obtener configuración: SQLSTATE[42S22]: Column not found: 1054 Unknown column 'paypal_client_id' in 'field list'
[25-Aug-2026 09:10:18 America/Mexico_City] ✅ Caja encontrada por ID de sesión - ID: 6
[25-Aug-2026 09:10:51 America/Mexico_City] 📋 Datos empresa - Plan: premium, Org ID: , Timbres: 500
[25-Aug-2026 09:10:51 America/Mexico_City] ⚠️ No se puede obtener API Key - Org ID: 
[25-Aug-2026 09:10:51 America/Mexico_City] ✅ Configuración de Facturapi cargada - Plan: premium, API Key disponible: SÍ
[25-Aug-2026 09:10:51 America/Mexico_City] Error al obtener configuración: SQLSTATE[42S22]: Column not found: 1054 Unknown column 'paypal_client_id' in 'field list'
[25-Aug-2026 09:10:51 America/Mexico_City] ✅ Caja encontrada por ID de sesión - ID: 6
[25-Aug-2026 09:10:51 America/Mexico_City] === INICIO PROCESAR PAGO ===
[25-Aug-2026 09:10:51 America/Mexico_City] Plan de empresa: premium
[25-Aug-2026 09:10:51 America/Mexico_City] Timbres disponibles: 500
[25-Aug-2026 09:10:51 America/Mexico_City] ✅ Venta insertada - ID: 72, Código: 20260825091051
[25-Aug-2026 09:10:52 America/Mexico_City] ✅ STOCK ACTUALIZADO - Producto: TRABAJO ESPECIFICO GENERAL PERSONAS FISICAS, Cantidad descontada: 1
[25-Aug-2026 09:10:52 America/Mexico_City] ✅ Caja actualizada correctamente
[25-Aug-2026 09:10:52 America/Mexico_City] 🎯 Plan Premium detectado - Generando recibo Facturapi
[25-Aug-2026 09:10:52 America/Mexico_City] 🔑 Usando API Key: sk_test_3N...
[25-Aug-2026 09:10:52 America/Mexico_City] ⚠️ Producto ID 147 no tiene facturapi_producto_id
[25-Aug-2026 09:10:52 America/Mexico_City] ❌ Error al crear recibo Facturapi: No se encontraron productos válidos para Facturapi.
[25-Aug-2026 09:10:52 America/Mexico_City] 📋 Datos empresa - Plan: premium, Org ID: , Timbres: 500
[25-Aug-2026 09:10:52 America/Mexico_City] ⚠️ No se puede obtener API Key - Org ID: 
[25-Aug-2026 09:10:52 America/Mexico_City] ✅ Configuración de Facturapi cargada - Plan: premium, API Key disponible: SÍ
[25-Aug-2026 09:10:52 America/Mexico_City] Error al obtener configuración: SQLSTATE[42S22]: Column not found: 1054 Unknown column 'paypal_client_id' in 'field list'
[25-Aug-2026 09:10:52 America/Mexico_City] ✅ Caja encontrada por ID de sesión - ID: 6
[25-Aug-2026 09:16:08 America/Mexico_City] 📋 Datos empresa - Plan: premium, Org ID: , Timbres: 500
[25-Aug-2026 09:16:08 America/Mexico_City] ⚠️ No se puede obtener API Key - Org ID: 
[25-Aug-2026 09:16:08 America/Mexico_City] ✅ Configuración de Facturapi cargada - Plan: premium, API Key disponible: SÍ
[25-Aug-2026 09:16:08 America/Mexico_City] Error al obtener configuración: SQLSTATE[42S22]: Column not found: 1054 Unknown column 'paypal_client_id' in 'field list'
[25-Aug-2026 09:16:08 America/Mexico_City] ✅ Caja encontrada por ID de sesión - ID: 6
[25-Aug-2026 09:16:18 America/Mexico_City] 📋 Datos empresa - Plan: premium, Org ID: , Timbres: 500
[25-Aug-2026 09:16:18 America/Mexico_City] ⚠️ No se puede obtener API Key - Org ID: 
[25-Aug-2026 09:16:18 America/Mexico_City] ✅ Configuración de Facturapi cargada - Plan: premium, API Key disponible: SÍ
[25-Aug-2026 09:16:18 America/Mexico_City] Error al obtener configuración: SQLSTATE[42S22]: Column not found: 1054 Unknown column 'paypal_client_id' in 'field list'
[25-Aug-2026 09:16:18 America/Mexico_City] ✅ Caja encontrada por ID de sesión - ID: 6
[25-Aug-2026 09:16:58 America/Mexico_City] 📋 Datos empresa - Plan: premium, Org ID: , Timbres: 500
[25-Aug-2026 09:16:58 America/Mexico_City] ⚠️ No se puede obtener API Key - Org ID: 
[25-Aug-2026 09:16:58 America/Mexico_City] ✅ Configuración de Facturapi cargada - Plan: premium, API Key disponible: SÍ
[25-Aug-2026 09:16:58 America/Mexico_City] Error al obtener configuración: SQLSTATE[42S22]: Column not found: 1054 Unknown column 'paypal_client_id' in 'field list'
[25-Aug-2026 09:16:58 America/Mexico_City] ✅ Caja encontrada por ID de sesión - ID: 6
[25-Aug-2026 09:17:24 America/Mexico_City] 📋 Datos empresa - Plan: premium, Org ID: , Timbres: 500
[25-Aug-2026 09:17:24 America/Mexico_City] ⚠️ No se puede obtener API Key - Org ID: 
[25-Aug-2026 09:17:24 America/Mexico_City] ✅ Configuración de Facturapi cargada - Plan: premium, API Key disponible: SÍ
[25-Aug-2026 09:17:24 America/Mexico_City] Error al obtener configuración: SQLSTATE[42S22]: Column not found: 1054 Unknown column 'paypal_client_id' in 'field list'
[25-Aug-2026 09:17:24 America/Mexico_City] ✅ Caja encontrada por ID de sesión - ID: 6
[25-Aug-2026 09:17:25 America/Mexico_City] 📋 Datos empresa - Plan: premium, Org ID: , Timbres: 500
[25-Aug-2026 09:17:25 America/Mexico_City] ⚠️ No se puede obtener API Key - Org ID: 
[25-Aug-2026 09:17:25 America/Mexico_City] ✅ Configuración de Facturapi cargada - Plan: premium, API Key disponible: SÍ
[25-Aug-2026 09:17:25 America/Mexico_City] Error al obtener configuración: SQLSTATE[42S22]: Column not found: 1054 Unknown column 'paypal_client_id' in 'field list'
[25-Aug-2026 09:17:25 America/Mexico_City] ✅ Caja encontrada por ID de sesión - ID: 6
[25-Aug-2026 09:17:41 America/Mexico_City] 📋 Datos empresa - Plan: premium, Org ID: , Timbres: 500
[25-Aug-2026 09:17:41 America/Mexico_City] ⚠️ No se puede obtener API Key - Org ID: 
[25-Aug-2026 09:17:41 America/Mexico_City] ✅ Configuración de Facturapi cargada - Plan: premium, API Key disponible: SÍ
[25-Aug-2026 09:17:41 America/Mexico_City] Error al obtener configuración: SQLSTATE[42S22]: Column not found: 1054 Unknown column 'paypal_client_id' in 'field list'
[25-Aug-2026 09:17:41 America/Mexico_City] ✅ Caja encontrada por ID de sesión - ID: 6
[25-Aug-2026 09:17:41 America/Mexico_City] === INICIO PROCESAR PAGO ===
[25-Aug-2026 09:17:41 America/Mexico_City] Plan de empresa: premium
[25-Aug-2026 09:17:41 America/Mexico_City] Timbres disponibles: 500
[25-Aug-2026 09:17:41 America/Mexico_City] ✅ Venta insertada - ID: 73, Código: 20260825091741
[25-Aug-2026 09:17:41 America/Mexico_City] ✅ STOCK ACTUALIZADO - Producto: TRABAJO ESPECIFICO GENERAL PERSONAS FISICAS, Cantidad descontada: 1
[25-Aug-2026 09:17:41 America/Mexico_City] ✅ Caja actualizada correctamente
[25-Aug-2026 09:17:41 America/Mexico_City] 🎯 Plan Premium detectado - Generando recibo Facturapi
[25-Aug-2026 09:17:41 America/Mexico_City] 🔑 Usando API Key: sk_test_3N...
[25-Aug-2026 09:17:41 America/Mexico_City] ⚠️ Producto ID 147 no tiene facturapi_producto_id
[25-Aug-2026 09:17:41 America/Mexico_City] ❌ Error al crear recibo Facturapi: No se encontraron productos válidos para Facturapi.
[25-Aug-2026 09:17:42 America/Mexico_City] 📋 Datos empresa - Plan: premium, Org ID: , Timbres: 500
[25-Aug-2026 09:17:42 America/Mexico_City] ⚠️ No se puede obtener API Key - Org ID: 
[25-Aug-2026 09:17:42 America/Mexico_City] ✅ Configuración de Facturapi cargada - Plan: premium, API Key disponible: SÍ
[25-Aug-2026 09:17:42 America/Mexico_City] Error al obtener configuración: SQLSTATE[42S22]: Column not found: 1054 Unknown column 'paypal_client_id' in 'field list'
[25-Aug-2026 09:17:42 America/Mexico_City] ✅ Caja encontrada por ID de sesión - ID: 6
[25-Aug-2026 09:18:06 America/Mexico_City] 📋 Datos empresa - Plan: premium, Org ID: , Timbres: 500
[25-Aug-2026 09:18:06 America/Mexico_City] ⚠️ No se puede obtener API Key - Org ID: 
[25-Aug-2026 09:18:06 America/Mexico_City] ✅ Configuración de Facturapi cargada - Plan: premium, API Key disponible: SÍ
[25-Aug-2026 09:18:06 America/Mexico_City] Error al obtener configuración: SQLSTATE[42S22]: Column not found: 1054 Unknown column 'paypal_client_id' in 'field list'
[25-Aug-2026 09:18:06 America/Mexico_City] ✅ Caja encontrada por ID de sesión - ID: 6
[25-Aug-2026 09:18:20 America/Mexico_City] 📋 Datos empresa - Plan: premium, Org ID: , Timbres: 500
[25-Aug-2026 09:18:20 America/Mexico_City] ⚠️ No se puede obtener API Key - Org ID: 
[25-Aug-2026 09:18:20 America/Mexico_City] ✅ Configuración de Facturapi cargada - Plan: premium, API Key disponible: SÍ
[25-Aug-2026 09:18:20 America/Mexico_City] Error al obtener configuración: SQLSTATE[42S22]: Column not found: 1054 Unknown column 'paypal_client_id' in 'field list'
[25-Aug-2026 09:18:20 America/Mexico_City] ✅ Caja encontrada por ID de sesión - ID: 6
[25-Aug-2026 09:18:42 America/Mexico_City] 📋 Datos empresa - Plan: premium, Org ID: , Timbres: 500
[25-Aug-2026 09:18:42 America/Mexico_City] ⚠️ No se puede obtener API Key - Org ID: 
[25-Aug-2026 09:18:42 America/Mexico_City] ✅ Configuración de Facturapi cargada - Plan: premium, API Key disponible: SÍ
[25-Aug-2026 09:18:42 America/Mexico_City] Error al obtener configuración: SQLSTATE[42S22]: Column not found: 1054 Unknown column 'paypal_client_id' in 'field list'
[25-Aug-2026 09:18:42 America/Mexico_City] ✅ Caja encontrada por ID de sesión - ID: 6
[25-Aug-2026 09:18:43 America/Mexico_City] 📋 Datos empresa - Plan: premium, Org ID: , Timbres: 500
[25-Aug-2026 09:18:43 America/Mexico_City] ⚠️ No se puede obtener API Key - Org ID: 
[25-Aug-2026 09:18:43 America/Mexico_City] ✅ Configuración de Facturapi cargada - Plan: premium, API Key disponible: SÍ
[25-Aug-2026 09:18:43 America/Mexico_City] Error al obtener configuración: SQLSTATE[42S22]: Column not found: 1054 Unknown column 'paypal_client_id' in 'field list'
[25-Aug-2026 09:18:43 America/Mexico_City] ✅ Caja encontrada por ID de sesión - ID: 6
[25-Aug-2026 09:19:05 America/Mexico_City] 📋 Datos empresa - Plan: premium, Org ID: , Timbres: 500
[25-Aug-2026 09:19:05 America/Mexico_City] ⚠️ No se puede obtener API Key - Org ID: 
[25-Aug-2026 09:19:05 America/Mexico_City] ✅ Configuración de Facturapi cargada - Plan: premium, API Key disponible: SÍ
[25-Aug-2026 09:19:05 America/Mexico_City] Error al obtener configuración: SQLSTATE[42S22]: Column not found: 1054 Unknown column 'paypal_client_id' in 'field list'
[25-Aug-2026 09:19:05 America/Mexico_City] ✅ Caja encontrada por ID de sesión - ID: 6
[25-Aug-2026 09:19:05 America/Mexico_City] === INICIO PROCESAR PAGO ===
[25-Aug-2026 09:19:05 America/Mexico_City] Plan de empresa: premium
[25-Aug-2026 09:19:05 America/Mexico_City] Timbres disponibles: 500
[25-Aug-2026 09:19:05 America/Mexico_City] ✅ Venta insertada - ID: 74, Código: 20260825091905
[25-Aug-2026 09:19:05 America/Mexico_City] ✅ STOCK ACTUALIZADO - Producto: TRABAJO ESPECIFICO GENERAL PERSONAS FISICAS, Cantidad descontada: 1
[25-Aug-2026 09:19:05 America/Mexico_City] ✅ Caja actualizada correctamente
[25-Aug-2026 09:19:05 America/Mexico_City] 🎯 Plan Premium detectado - Generando recibo Facturapi
[25-Aug-2026 09:19:05 America/Mexico_City] 🔑 Usando API Key: sk_test_3N...
[25-Aug-2026 09:19:05 America/Mexico_City] ⚠️ Producto ID 147 no tiene facturapi_producto_id
[25-Aug-2026 09:19:05 America/Mexico_City] ❌ Error al crear recibo Facturapi: No se encontraron productos válidos para Facturapi.
[25-Aug-2026 09:19:06 America/Mexico_City] 📋 Datos empresa - Plan: premium, Org ID: , Timbres: 500
[25-Aug-2026 09:19:06 America/Mexico_City] ⚠️ No se puede obtener API Key - Org ID: 
[25-Aug-2026 09:19:06 America/Mexico_City] ✅ Configuración de Facturapi cargada - Plan: premium, API Key disponible: SÍ
[25-Aug-2026 09:19:06 America/Mexico_City] Error al obtener configuración: SQLSTATE[42S22]: Column not found: 1054 Unknown column 'paypal_client_id' in 'field list'
[25-Aug-2026 09:19:06 America/Mexico_City] ✅ Caja encontrada por ID de sesión - ID: 6
[25-Aug-2026 11:32:02 America/Mexico_City] 📋 Datos empresa - Plan: premium, Org ID: , Timbres: 500
[25-Aug-2026 11:32:02 America/Mexico_City] ⚠️ No se puede obtener API Key - Org ID: 
[25-Aug-2026 11:32:02 America/Mexico_City] ✅ Configuración de Facturapi cargada - Plan: premium, API Key disponible: SÍ
[25-Aug-2026 11:32:03 America/Mexico_City] Error al obtener configuración: SQLSTATE[42S22]: Column not found: 1054 Unknown column 'paypal_client_id' in 'field list'
[25-Aug-2026 11:32:03 America/Mexico_City] ✅ Caja encontrada por ID de sesión - ID: 6
[25-Aug-2026 11:34:43 America/Mexico_City] 📋 Datos empresa - Plan: premium, Org ID: , Timbres: 500
[25-Aug-2026 11:34:43 America/Mexico_City] ⚠️ No se puede obtener API Key - Org ID: 
[25-Aug-2026 11:34:43 America/Mexico_City] ✅ Configuración de Facturapi cargada - Plan: premium, API Key disponible: SÍ
[25-Aug-2026 11:39:44 America/Mexico_City] 📋 Datos empresa - Plan: premium, Org ID: , Timbres: 500
[25-Aug-2026 11:39:44 America/Mexico_City] ⚠️ No se puede obtener API Key - Org ID: 
[25-Aug-2026 11:39:44 America/Mexico_City] ✅ Configuración de Facturapi cargada - Plan: premium, API Key disponible: SÍ
[25-Aug-2026 11:39:48 America/Mexico_City] Error al obtener configuración: SQLSTATE[42S22]: Column not found: 1054 Unknown column 'paypal_client_id' in 'field list'
[25-Aug-2026 11:39:49 America/Mexico_City] ✅ Caja encontrada por ID de sesión - ID: 6
[25-Aug-2026 11:46:30 America/Mexico_City] 📋 Datos empresa - Plan: premium, Org ID: , Timbres: 500
[25-Aug-2026 11:46:30 America/Mexico_City] ⚠️ No se puede obtener API Key - Org ID: 
[25-Aug-2026 11:46:30 America/Mexico_City] ✅ Configuración de Facturapi cargada - Plan: premium, API Key disponible: SÍ
[25-Aug-2026 11:46:30 America/Mexico_City] Error al obtener configuración: SQLSTATE[42S22]: Column not found: 1054 Unknown column 'paypal_client_id' in 'field list'
[25-Aug-2026 11:46:30 America/Mexico_City] ✅ Caja encontrada por ID de sesión - ID: 6
[25-Aug-2026 12:06:10 America/Mexico_City] 📋 Datos empresa - Plan: premium, Org ID: , Timbres: 500
[25-Aug-2026 12:06:10 America/Mexico_City] ⚠️ No se puede obtener API Key - Org ID: 
[25-Aug-2026 12:06:10 America/Mexico_City] ✅ Configuración de Facturapi cargada - Plan: premium, API Key disponible: SÍ
[25-Aug-2026 12:06:10 America/Mexico_City] Error al obtener configuración: SQLSTATE[42S22]: Column not found: 1054 Unknown column 'paypal_client_id' in 'field list'
[25-Aug-2026 12:06:10 America/Mexico_City] ✅ Caja encontrada por ID de sesión - ID: 6
[25-Aug-2026 12:06:11 America/Mexico_City] 📋 Datos empresa - Plan: premium, Org ID: , Timbres: 500
[25-Aug-2026 12:06:11 America/Mexico_City] ⚠️ No se puede obtener API Key - Org ID: 
[25-Aug-2026 12:06:11 America/Mexico_City] ✅ Configuración de Facturapi cargada - Plan: premium, API Key disponible: SÍ
[25-Aug-2026 12:06:11 America/Mexico_City] Error al obtener configuración: SQLSTATE[42S22]: Column not found: 1054 Unknown column 'paypal_client_id' in 'field list'
[25-Aug-2026 12:06:11 America/Mexico_City] ✅ Caja encontrada por ID de sesión - ID: 6
[25-Aug-2026 12:06:36 America/Mexico_City] 📋 Datos empresa - Plan: premium, Org ID: , Timbres: 500
[25-Aug-2026 12:06:36 America/Mexico_City] ⚠️ No se puede obtener API Key - Org ID: 
[25-Aug-2026 12:06:36 America/Mexico_City] ✅ Configuración de Facturapi cargada - Plan: premium, API Key disponible: SÍ
[25-Aug-2026 12:06:36 America/Mexico_City] Error al obtener configuración: SQLSTATE[42S22]: Column not found: 1054 Unknown column 'paypal_client_id' in 'field list'
[25-Aug-2026 12:06:36 America/Mexico_City] ✅ Caja encontrada por ID de sesión - ID: 6
[25-Aug-2026 12:06:36 America/Mexico_City] === INICIO PROCESAR PAGO ===
[25-Aug-2026 12:06:36 America/Mexico_City] Plan de empresa: premium
[25-Aug-2026 12:06:36 America/Mexico_City] Timbres disponibles: 500
[25-Aug-2026 12:06:36 America/Mexico_City] ✅ Venta insertada - ID: 75, Código: 20260825120636
[25-Aug-2026 12:06:36 America/Mexico_City] ✅ STOCK ACTUALIZADO - Producto: TRABAJO FINANCIERO ESPECIFICO, Cantidad descontada: 1
[25-Aug-2026 12:06:36 America/Mexico_City] ✅ Caja actualizada correctamente
[25-Aug-2026 12:06:36 America/Mexico_City] 🎯 Plan Premium detectado - Generando recibo Facturapi
[25-Aug-2026 12:06:36 America/Mexico_City] 🔑 Usando API Key: sk_test_3N...
[25-Aug-2026 12:06:36 America/Mexico_City] ⚠️ Producto ID 139 no tiene facturapi_producto_id
[25-Aug-2026 12:06:36 America/Mexico_City] ❌ Error al crear recibo Facturapi: No se encontraron productos válidos para Facturapi.
[25-Aug-2026 12:06:36 America/Mexico_City] 📋 Datos empresa - Plan: premium, Org ID: , Timbres: 500
[25-Aug-2026 12:06:36 America/Mexico_City] ⚠️ No se puede obtener API Key - Org ID: 
[25-Aug-2026 12:06:36 America/Mexico_City] ✅ Configuración de Facturapi cargada - Plan: premium, API Key disponible: SÍ
[25-Aug-2026 12:06:36 America/Mexico_City] Error al obtener configuración: SQLSTATE[42S22]: Column not found: 1054 Unknown column 'paypal_client_id' in 'field list'
[25-Aug-2026 12:06:36 America/Mexico_City] ✅ Caja encontrada por ID de sesión - ID: 6
[25-Aug-2026 12:07:37 America/Mexico_City] 📋 Datos empresa - Plan: premium, Org ID: , Timbres: 500
[25-Aug-2026 12:07:37 America/Mexico_City] ⚠️ No se puede obtener API Key - Org ID: 
[25-Aug-2026 12:07:37 America/Mexico_City] ✅ Configuración de Facturapi cargada - Plan: premium, API Key disponible: SÍ
[25-Aug-2026 12:07:37 America/Mexico_City] Error al obtener configuración: SQLSTATE[42S22]: Column not found: 1054 Unknown column 'paypal_client_id' in 'field list'
[25-Aug-2026 12:07:37 America/Mexico_City] ✅ Caja encontrada por ID de sesión - ID: 6
[25-Aug-2026 12:07:37 America/Mexico_City] 📋 Datos empresa - Plan: premium, Org ID: , Timbres: 500
[25-Aug-2026 12:07:37 America/Mexico_City] ⚠️ No se puede obtener API Key - Org ID: 
[25-Aug-2026 12:07:37 America/Mexico_City] ✅ Configuración de Facturapi cargada - Plan: premium, API Key disponible: SÍ
[25-Aug-2026 12:07:37 America/Mexico_City] Error al obtener configuración: SQLSTATE[42S22]: Column not found: 1054 Unknown column 'paypal_client_id' in 'field list'
[25-Aug-2026 12:07:37 America/Mexico_City] ✅ Caja encontrada por ID de sesión - ID: 6
[25-Aug-2026 12:08:06 America/Mexico_City] 📋 Datos empresa - Plan: premium, Org ID: , Timbres: 500
[25-Aug-2026 12:08:06 America/Mexico_City] ⚠️ No se puede obtener API Key - Org ID: 
[25-Aug-2026 12:08:06 America/Mexico_City] ✅ Configuración de Facturapi cargada - Plan: premium, API Key disponible: SÍ
[25-Aug-2026 12:08:06 America/Mexico_City] Error al obtener configuración: SQLSTATE[42S22]: Column not found: 1054 Unknown column 'paypal_client_id' in 'field list'
[25-Aug-2026 12:08:06 America/Mexico_City] ✅ Caja encontrada por ID de sesión - ID: 6
[25-Aug-2026 12:08:18 America/Mexico_City] 📋 Datos empresa - Plan: premium, Org ID: , Timbres: 500
[25-Aug-2026 12:08:18 America/Mexico_City] ⚠️ No se puede obtener API Key - Org ID: 
[25-Aug-2026 12:08:18 America/Mexico_City] ✅ Configuración de Facturapi cargada - Plan: premium, API Key disponible: SÍ
[25-Aug-2026 12:08:18 America/Mexico_City] Error al obtener configuración: SQLSTATE[42S22]: Column not found: 1054 Unknown column 'paypal_client_id' in 'field list'
[25-Aug-2026 12:08:18 America/Mexico_City] ✅ Caja encontrada por ID de sesión - ID: 6
[25-Aug-2026 12:08:19 America/Mexico_City] 📋 Datos empresa - Plan: premium, Org ID: , Timbres: 500
[25-Aug-2026 12:08:19 America/Mexico_City] ⚠️ No se puede obtener API Key - Org ID: 
[25-Aug-2026 12:08:19 America/Mexico_City] ✅ Configuración de Facturapi cargada - Plan: premium, API Key disponible: SÍ
[25-Aug-2026 12:08:19 America/Mexico_City] Error al obtener configuración: SQLSTATE[42S22]: Column not found: 1054 Unknown column 'paypal_client_id' in 'field list'
[25-Aug-2026 12:08:19 America/Mexico_City] ✅ Caja encontrada por ID de sesión - ID: 6
[25-Aug-2026 12:14:04 America/Mexico_City] 📋 Datos empresa - Plan: premium, Org ID: , Timbres: 500
[25-Aug-2026 12:14:04 America/Mexico_City] ⚠️ No se puede obtener API Key - Org ID: 
[25-Aug-2026 12:14:04 America/Mexico_City] ✅ Configuración de Facturapi cargada - Plan: premium, API Key disponible: SÍ
[25-Aug-2026 12:14:04 America/Mexico_City] Error al obtener configuración: SQLSTATE[42S22]: Column not found: 1054 Unknown column 'paypal_client_id' in 'field list'
[25-Aug-2026 12:14:04 America/Mexico_City] ✅ Caja encontrada por ID de sesión - ID: 6
[25-Aug-2026 12:14:04 America/Mexico_City] === INICIO PROCESAR PAGO ===
[25-Aug-2026 12:14:04 America/Mexico_City] Plan de empresa: premium
[25-Aug-2026 12:14:04 America/Mexico_City] Timbres disponibles: 500
[25-Aug-2026 12:14:04 America/Mexico_City] ✅ Venta insertada - ID: 76, Código: 20260825121404
[25-Aug-2026 12:14:04 America/Mexico_City] ✅ STOCK ACTUALIZADO - Producto: TRABAJO ESPECIFICO DE MARKETING, Cantidad descontada: 1
[25-Aug-2026 12:14:04 America/Mexico_City] ✅ Caja actualizada correctamente
[25-Aug-2026 12:14:04 America/Mexico_City] 🎯 Plan Premium detectado - Generando recibo Facturapi
[25-Aug-2026 12:14:04 America/Mexico_City] 🔑 Usando API Key: sk_test_3N...
[25-Aug-2026 12:14:04 America/Mexico_City] ⚠️ Producto ID 146 no tiene facturapi_producto_id
[25-Aug-2026 12:14:04 America/Mexico_City] ❌ Error al crear recibo Facturapi: No se encontraron productos válidos para Facturapi.
[25-Aug-2026 12:14:05 America/Mexico_City] 📋 Datos empresa - Plan: premium, Org ID: , Timbres: 500
[25-Aug-2026 12:14:05 America/Mexico_City] ⚠️ No se puede obtener API Key - Org ID: 
[25-Aug-2026 12:14:05 America/Mexico_City] ✅ Configuración de Facturapi cargada - Plan: premium, API Key disponible: SÍ
[25-Aug-2026 12:14:05 America/Mexico_City] Error al obtener configuración: SQLSTATE[42S22]: Column not found: 1054 Unknown column 'paypal_client_id' in 'field list'
[25-Aug-2026 12:14:05 America/Mexico_City] ✅ Caja encontrada por ID de sesión - ID: 6
[25-Aug-2026 12:17:05 America/Mexico_City] 📋 Datos empresa - Plan: premium, Org ID: , Timbres: 500
[25-Aug-2026 12:17:05 America/Mexico_City] ⚠️ No se puede obtener API Key - Org ID: 
[25-Aug-2026 12:17:05 America/Mexico_City] ✅ Configuración de Facturapi cargada - Plan: premium, API Key disponible: SÍ
[25-Aug-2026 12:17:05 America/Mexico_City] Error al obtener configuración: SQLSTATE[42S22]: Column not found: 1054 Unknown column 'paypal_client_id' in 'field list'
[25-Aug-2026 12:17:05 America/Mexico_City] ✅ Caja encontrada por ID de sesión - ID: 6
[25-Aug-2026 12:17:05 America/Mexico_City] 📋 Datos empresa - Plan: premium, Org ID: , Timbres: 500
[25-Aug-2026 12:17:05 America/Mexico_City] ⚠️ No se puede obtener API Key - Org ID: 
[25-Aug-2026 12:17:05 America/Mexico_City] ✅ Configuración de Facturapi cargada - Plan: premium, API Key disponible: SÍ
[25-Aug-2026 12:17:05 America/Mexico_City] Error al obtener configuración: SQLSTATE[42S22]: Column not found: 1054 Unknown column 'paypal_client_id' in 'field list'
[25-Aug-2026 12:17:05 America/Mexico_City] ✅ Caja encontrada por ID de sesión - ID: 6
[25-Aug-2026 12:22:21 America/Mexico_City] 📋 Datos empresa - Plan: premium, Org ID: , Timbres: 500
[25-Aug-2026 12:22:21 America/Mexico_City] ⚠️ No se puede obtener API Key - Org ID: 
[25-Aug-2026 12:22:21 America/Mexico_City] ✅ Configuración de Facturapi cargada - Plan: premium, API Key disponible: SÍ
[25-Aug-2026 12:22:21 America/Mexico_City] Error al obtener configuración: SQLSTATE[42S22]: Column not found: 1054 Unknown column 'paypal_client_id' in 'field list'
[25-Aug-2026 12:22:21 America/Mexico_City] ✅ Caja encontrada por ID de sesión - ID: 6
[25-Aug-2026 12:22:33 America/Mexico_City] 📋 Datos empresa - Plan: premium, Org ID: , Timbres: 500
[25-Aug-2026 12:22:33 America/Mexico_City] ⚠️ No se puede obtener API Key - Org ID: 
[25-Aug-2026 12:22:33 America/Mexico_City] ✅ Configuración de Facturapi cargada - Plan: premium, API Key disponible: SÍ
[25-Aug-2026 12:22:33 America/Mexico_City] Error al obtener configuración: SQLSTATE[42S22]: Column not found: 1054 Unknown column 'paypal_client_id' in 'field list'
[25-Aug-2026 12:22:33 America/Mexico_City] ✅ Caja encontrada por ID de sesión - ID: 6
[25-Aug-2026 12:22:34 America/Mexico_City] 📋 Datos empresa - Plan: premium, Org ID: , Timbres: 500
[25-Aug-2026 12:22:34 America/Mexico_City] ⚠️ No se puede obtener API Key - Org ID: 
[25-Aug-2026 12:22:34 America/Mexico_City] ✅ Configuración de Facturapi cargada - Plan: premium, API Key disponible: SÍ
[25-Aug-2026 12:22:34 America/Mexico_City] Error al obtener configuración: SQLSTATE[42S22]: Column not found: 1054 Unknown column 'paypal_client_id' in 'field list'
[25-Aug-2026 12:22:34 America/Mexico_City] ✅ Caja encontrada por ID de sesión - ID: 6
[25-Aug-2026 12:23:21 America/Mexico_City] 📋 Datos empresa - Plan: premium, Org ID: , Timbres: 500
[25-Aug-2026 12:23:21 America/Mexico_City] ⚠️ No se puede obtener API Key - Org ID: 
[25-Aug-2026 12:23:21 America/Mexico_City] ✅ Configuración de Facturapi cargada - Plan: premium, API Key disponible: SÍ
[25-Aug-2026 12:23:21 America/Mexico_City] Error al obtener configuración: SQLSTATE[42S22]: Column not found: 1054 Unknown column 'paypal_client_id' in 'field list'
[25-Aug-2026 12:23:21 America/Mexico_City] ✅ Caja encontrada por ID de sesión - ID: 6
[25-Aug-2026 12:23:21 America/Mexico_City] === INICIO PROCESAR PAGO ===
[25-Aug-2026 12:23:21 America/Mexico_City] Plan de empresa: premium
[25-Aug-2026 12:23:21 America/Mexico_City] Timbres disponibles: 500
[25-Aug-2026 12:23:21 America/Mexico_City] ✅ Venta insertada - ID: 77, Código: 20260825122321
[25-Aug-2026 12:23:21 America/Mexico_City] ✅ STOCK ACTUALIZADO - Producto: JUICIOS, Cantidad descontada: 1
[25-Aug-2026 12:23:21 America/Mexico_City] ✅ Caja actualizada correctamente
[25-Aug-2026 12:23:21 America/Mexico_City] 🎯 Plan Premium detectado - Generando recibo Facturapi
[25-Aug-2026 12:23:21 America/Mexico_City] 🔑 Usando API Key: sk_test_3N...
[25-Aug-2026 12:23:21 America/Mexico_City] ⚠️ Producto ID 133 no tiene facturapi_producto_id
[25-Aug-2026 12:23:21 America/Mexico_City] ❌ Error al crear recibo Facturapi: No se encontraron productos válidos para Facturapi.
[25-Aug-2026 12:23:21 America/Mexico_City] 📋 Datos empresa - Plan: premium, Org ID: , Timbres: 500
[25-Aug-2026 12:23:21 America/Mexico_City] ⚠️ No se puede obtener API Key - Org ID: 
[25-Aug-2026 12:23:21 America/Mexico_City] ✅ Configuración de Facturapi cargada - Plan: premium, API Key disponible: SÍ
[25-Aug-2026 12:23:21 America/Mexico_City] Error al obtener configuración: SQLSTATE[42S22]: Column not found: 1054 Unknown column 'paypal_client_id' in 'field list'
[25-Aug-2026 12:23:21 America/Mexico_City] ✅ Caja encontrada por ID de sesión - ID: 6
[25-Aug-2026 12:24:19 America/Mexico_City] 📋 Datos empresa - Plan: premium, Org ID: , Timbres: 500
[25-Aug-2026 12:24:19 America/Mexico_City] ⚠️ No se puede obtener API Key - Org ID: 
[25-Aug-2026 12:24:19 America/Mexico_City] ✅ Configuración de Facturapi cargada - Plan: premium, API Key disponible: SÍ
[25-Aug-2026 12:24:19 America/Mexico_City] Error al obtener configuración: SQLSTATE[42S22]: Column not found: 1054 Unknown column 'paypal_client_id' in 'field list'
[25-Aug-2026 12:24:19 America/Mexico_City] ✅ Caja encontrada por ID de sesión - ID: 6
[25-Aug-2026 12:24:42 America/Mexico_City] 📋 Datos empresa - Plan: premium, Org ID: , Timbres: 500
[25-Aug-2026 12:24:42 America/Mexico_City] ⚠️ No se puede obtener API Key - Org ID: 
[25-Aug-2026 12:24:42 America/Mexico_City] ✅ Configuración de Facturapi cargada - Plan: premium, API Key disponible: SÍ
[25-Aug-2026 12:24:42 America/Mexico_City] Error al obtener configuración: SQLSTATE[42S22]: Column not found: 1054 Unknown column 'paypal_client_id' in 'field list'
[25-Aug-2026 12:24:42 America/Mexico_City] ✅ Caja encontrada por ID de sesión - ID: 6
[25-Aug-2026 12:24:58 America/Mexico_City] 📋 Datos empresa - Plan: premium, Org ID: , Timbres: 500
[25-Aug-2026 12:24:58 America/Mexico_City] ⚠️ No se puede obtener API Key - Org ID: 
[25-Aug-2026 12:24:58 America/Mexico_City] ✅ Configuración de Facturapi cargada - Plan: premium, API Key disponible: SÍ
[25-Aug-2026 12:24:58 America/Mexico_City] Error al obtener configuración: SQLSTATE[42S22]: Column not found: 1054 Unknown column 'paypal_client_id' in 'field list'
[25-Aug-2026 12:24:58 America/Mexico_City] ✅ Caja encontrada por ID de sesión - ID: 6
[25-Aug-2026 12:24:59 America/Mexico_City] 📋 Datos empresa - Plan: premium, Org ID: , Timbres: 500
[25-Aug-2026 12:24:59 America/Mexico_City] ⚠️ No se puede obtener API Key - Org ID: 
[25-Aug-2026 12:24:59 America/Mexico_City] ✅ Configuración de Facturapi cargada - Plan: premium, API Key disponible: SÍ
[25-Aug-2026 12:24:59 America/Mexico_City] Error al obtener configuración: SQLSTATE[42S22]: Column not found: 1054 Unknown column 'paypal_client_id' in 'field list'
[25-Aug-2026 12:24:59 America/Mexico_City] ✅ Caja encontrada por ID de sesión - ID: 6
[25-Aug-2026 12:25:25 America/Mexico_City] 📋 Datos empresa - Plan: premium, Org ID: , Timbres: 500
[25-Aug-2026 12:25:25 America/Mexico_City] ⚠️ No se puede obtener API Key - Org ID: 
[25-Aug-2026 12:25:25 America/Mexico_City] ✅ Configuración de Facturapi cargada - Plan: premium, API Key disponible: SÍ
[25-Aug-2026 12:25:25 America/Mexico_City] Error al obtener configuración: SQLSTATE[42S22]: Column not found: 1054 Unknown column 'paypal_client_id' in 'field list'
[25-Aug-2026 12:25:25 America/Mexico_City] ✅ Caja encontrada por ID de sesión - ID: 6
[25-Aug-2026 12:25:25 America/Mexico_City] === INICIO PROCESAR PAGO ===
[25-Aug-2026 12:25:25 America/Mexico_City] Plan de empresa: premium
[25-Aug-2026 12:25:25 America/Mexico_City] Timbres disponibles: 500
[25-Aug-2026 12:25:25 America/Mexico_City] ✅ Venta insertada - ID: 78, Código: 20260825122525
[25-Aug-2026 12:25:25 America/Mexico_City] ✅ STOCK ACTUALIZADO - Producto: TRABAJO ESPECIFICO GENERAL PERSONAS FISICAS, Cantidad descontada: 1
[25-Aug-2026 12:25:25 America/Mexico_City] ✅ Caja actualizada correctamente
[25-Aug-2026 12:25:25 America/Mexico_City] 🎯 Plan Premium detectado - Generando recibo Facturapi
[25-Aug-2026 12:25:25 America/Mexico_City] 🔑 Usando API Key: sk_test_3N...
[25-Aug-2026 12:25:25 America/Mexico_City] ⚠️ Producto ID 147 no tiene facturapi_producto_id
[25-Aug-2026 12:25:25 America/Mexico_City] ❌ Error al crear recibo Facturapi: No se encontraron productos válidos para Facturapi.
[25-Aug-2026 12:25:25 America/Mexico_City] 📋 Datos empresa - Plan: premium, Org ID: , Timbres: 500
[25-Aug-2026 12:25:25 America/Mexico_City] ⚠️ No se puede obtener API Key - Org ID: 
[25-Aug-2026 12:25:25 America/Mexico_City] ✅ Configuración de Facturapi cargada - Plan: premium, API Key disponible: SÍ
[25-Aug-2026 12:25:25 America/Mexico_City] Error al obtener configuración: SQLSTATE[42S22]: Column not found: 1054 Unknown column 'paypal_client_id' in 'field list'
[25-Aug-2026 12:25:25 America/Mexico_City] ✅ Caja encontrada por ID de sesión - ID: 6
[25-Aug-2026 12:26:05 America/Mexico_City] 📋 Datos empresa - Plan: premium, Org ID: , Timbres: 500
[25-Aug-2026 12:26:05 America/Mexico_City] ⚠️ No se puede obtener API Key - Org ID: 
[25-Aug-2026 12:26:05 America/Mexico_City] ✅ Configuración de Facturapi cargada - Plan: premium, API Key disponible: SÍ
[25-Aug-2026 12:26:05 America/Mexico_City] Error al obtener configuración: SQLSTATE[42S22]: Column not found: 1054 Unknown column 'paypal_client_id' in 'field list'
[25-Aug-2026 12:26:05 America/Mexico_City] ✅ Caja encontrada por ID de sesión - ID: 6
[25-Aug-2026 12:26:05 America/Mexico_City] 📋 Datos empresa - Plan: premium, Org ID: , Timbres: 500
[25-Aug-2026 12:26:05 America/Mexico_City] ⚠️ No se puede obtener API Key - Org ID: 
[25-Aug-2026 12:26:05 America/Mexico_City] ✅ Configuración de Facturapi cargada - Plan: premium, API Key disponible: SÍ
[25-Aug-2026 12:26:05 America/Mexico_City] Error al obtener configuración: SQLSTATE[42S22]: Column not found: 1054 Unknown column 'paypal_client_id' in 'field list'
[25-Aug-2026 12:26:05 America/Mexico_City] ✅ Caja encontrada por ID de sesión - ID: 6
[25-Aug-2026 12:28:58 America/Mexico_City] 📋 Datos empresa - Plan: premium, Org ID: , Timbres: 500
[25-Aug-2026 12:28:58 America/Mexico_City] ⚠️ No se puede obtener API Key - Org ID: 
[25-Aug-2026 12:28:58 America/Mexico_City] ✅ Configuración de Facturapi cargada - Plan: premium, API Key disponible: SÍ
[25-Aug-2026 12:28:58 America/Mexico_City] Error al obtener configuración: SQLSTATE[42S22]: Column not found: 1054 Unknown column 'paypal_client_id' in 'field list'
[25-Aug-2026 12:28:58 America/Mexico_City] ✅ Caja encontrada por ID de sesión - ID: 6
[25-Aug-2026 12:29:05 America/Mexico_City] 📋 Datos empresa - Plan: premium, Org ID: , Timbres: 500
[25-Aug-2026 12:29:05 America/Mexico_City] ⚠️ No se puede obtener API Key - Org ID: 
[25-Aug-2026 12:29:05 America/Mexico_City] ✅ Configuración de Facturapi cargada - Plan: premium, API Key disponible: SÍ
[25-Aug-2026 12:29:05 America/Mexico_City] Error al obtener configuración: SQLSTATE[42S22]: Column not found: 1054 Unknown column 'paypal_client_id' in 'field list'
[25-Aug-2026 12:29:05 America/Mexico_City] ✅ Caja encontrada por ID de sesión - ID: 6
[25-Aug-2026 12:29:07 America/Mexico_City] 📋 Datos empresa - Plan: premium, Org ID: , Timbres: 500
[25-Aug-2026 12:29:07 America/Mexico_City] ⚠️ No se puede obtener API Key - Org ID: 
[25-Aug-2026 12:29:07 America/Mexico_City] ✅ Configuración de Facturapi cargada - Plan: premium, API Key disponible: SÍ
[25-Aug-2026 12:29:07 America/Mexico_City] Error al obtener configuración: SQLSTATE[42S22]: Column not found: 1054 Unknown column 'paypal_client_id' in 'field list'
[25-Aug-2026 12:29:07 America/Mexico_City] ✅ Caja encontrada por ID de sesión - ID: 6
[25-Aug-2026 12:29:52 America/Mexico_City] 📋 Datos empresa - Plan: premium, Org ID: , Timbres: 500
[25-Aug-2026 12:29:52 America/Mexico_City] ⚠️ No se puede obtener API Key - Org ID: 
[25-Aug-2026 12:29:52 America/Mexico_City] ✅ Configuración de Facturapi cargada - Plan: premium, API Key disponible: SÍ
[25-Aug-2026 12:29:52 America/Mexico_City] Error al obtener configuración: SQLSTATE[42S22]: Column not found: 1054 Unknown column 'paypal_client_id' in 'field list'
[25-Aug-2026 12:29:52 America/Mexico_City] ✅ Caja encontrada por ID de sesión - ID: 6
[25-Aug-2026 12:29:52 America/Mexico_City] === INICIO PROCESAR PAGO ===
[25-Aug-2026 12:29:52 America/Mexico_City] Plan de empresa: premium
[25-Aug-2026 12:29:52 America/Mexico_City] Timbres disponibles: 500
[25-Aug-2026 12:29:52 America/Mexico_City] ✅ Venta insertada - ID: 79, Código: 20260825122952
[25-Aug-2026 12:29:52 America/Mexico_City] ✅ STOCK ACTUALIZADO - Producto: TRABAJO ESPECIFICO SERVICIO LEGAL, Cantidad descontada: 1
[25-Aug-2026 12:29:52 America/Mexico_City] ✅ Caja actualizada correctamente
[25-Aug-2026 12:29:52 America/Mexico_City] 🎯 Plan Premium detectado - Generando recibo Facturapi
[25-Aug-2026 12:29:52 America/Mexico_City] 🔑 Usando API Key: sk_test_3N...
[25-Aug-2026 12:29:52 America/Mexico_City] ⚠️ Producto ID 136 no tiene facturapi_producto_id
[25-Aug-2026 12:29:52 America/Mexico_City] ❌ Error al crear recibo Facturapi: No se encontraron productos válidos para Facturapi.
[25-Aug-2026 12:29:52 America/Mexico_City] 📋 Datos empresa - Plan: premium, Org ID: , Timbres: 500
[25-Aug-2026 12:29:52 America/Mexico_City] ⚠️ No se puede obtener API Key - Org ID: 
[25-Aug-2026 12:29:52 America/Mexico_City] ✅ Configuración de Facturapi cargada - Plan: premium, API Key disponible: SÍ
[25-Aug-2026 12:29:52 America/Mexico_City] Error al obtener configuración: SQLSTATE[42S22]: Column not found: 1054 Unknown column 'paypal_client_id' in 'field list'
[25-Aug-2026 12:29:52 America/Mexico_City] ✅ Caja encontrada por ID de sesión - ID: 6
[25-Aug-2026 12:33:01 America/Mexico_City] 📋 Datos empresa - Plan: premium, Org ID: , Timbres: 500
[25-Aug-2026 12:33:01 America/Mexico_City] ⚠️ No se puede obtener API Key - Org ID: 
[25-Aug-2026 12:33:01 America/Mexico_City] ✅ Configuración de Facturapi cargada - Plan: premium, API Key disponible: SÍ
[25-Aug-2026 12:33:01 America/Mexico_City] Error al obtener configuración: SQLSTATE[42S22]: Column not found: 1054 Unknown column 'paypal_client_id' in 'field list'
[25-Aug-2026 12:33:01 America/Mexico_City] ✅ Caja encontrada por ID de sesión - ID: 6
[25-Aug-2026 12:33:02 America/Mexico_City] 📋 Datos empresa - Plan: premium, Org ID: , Timbres: 500
[25-Aug-2026 12:33:02 America/Mexico_City] ⚠️ No se puede obtener API Key - Org ID: 
[25-Aug-2026 12:33:02 America/Mexico_City] ✅ Configuración de Facturapi cargada - Plan: premium, API Key disponible: SÍ
[25-Aug-2026 12:33:02 America/Mexico_City] Error al obtener configuración: SQLSTATE[42S22]: Column not found: 1054 Unknown column 'paypal_client_id' in 'field list'
[25-Aug-2026 12:33:02 America/Mexico_City] ✅ Caja encontrada por ID de sesión - ID: 6
[25-Aug-2026 12:33:58 America/Mexico_City] 📋 Datos empresa - Plan: premium, Org ID: , Timbres: 500
[25-Aug-2026 12:33:58 America/Mexico_City] ⚠️ No se puede obtener API Key - Org ID: 
[25-Aug-2026 12:33:58 America/Mexico_City] ✅ Configuración de Facturapi cargada - Plan: premium, API Key disponible: SÍ
[25-Aug-2026 12:33:58 America/Mexico_City] Error al obtener configuración: SQLSTATE[42S22]: Column not found: 1054 Unknown column 'paypal_client_id' in 'field list'
[25-Aug-2026 12:33:58 America/Mexico_City] ✅ Caja encontrada por ID de sesión - ID: 6
[25-Aug-2026 12:34:07 America/Mexico_City] 📋 Datos empresa - Plan: premium, Org ID: , Timbres: 500
[25-Aug-2026 12:34:07 America/Mexico_City] ⚠️ No se puede obtener API Key - Org ID: 
[25-Aug-2026 12:34:07 America/Mexico_City] ✅ Configuración de Facturapi cargada - Plan: premium, API Key disponible: SÍ
[25-Aug-2026 12:34:07 America/Mexico_City] Error al obtener configuración: SQLSTATE[42S22]: Column not found: 1054 Unknown column 'paypal_client_id' in 'field list'
[25-Aug-2026 12:34:07 America/Mexico_City] ✅ Caja encontrada por ID de sesión - ID: 6
[25-Aug-2026 12:34:09 America/Mexico_City] 📋 Datos empresa - Plan: premium, Org ID: , Timbres: 500
[25-Aug-2026 12:34:09 America/Mexico_City] ⚠️ No se puede obtener API Key - Org ID: 
[25-Aug-2026 12:34:09 America/Mexico_City] ✅ Configuración de Facturapi cargada - Plan: premium, API Key disponible: SÍ
[25-Aug-2026 12:34:09 America/Mexico_City] Error al obtener configuración: SQLSTATE[42S22]: Column not found: 1054 Unknown column 'paypal_client_id' in 'field list'
[25-Aug-2026 12:34:09 America/Mexico_City] ✅ Caja encontrada por ID de sesión - ID: 6
[25-Aug-2026 12:34:35 America/Mexico_City] 📋 Datos empresa - Plan: premium, Org ID: , Timbres: 500
[25-Aug-2026 12:34:35 America/Mexico_City] ⚠️ No se puede obtener API Key - Org ID: 
[25-Aug-2026 12:34:35 America/Mexico_City] ✅ Configuración de Facturapi cargada - Plan: premium, API Key disponible: SÍ
[25-Aug-2026 12:34:35 America/Mexico_City] Error al obtener configuración: SQLSTATE[42S22]: Column not found: 1054 Unknown column 'paypal_client_id' in 'field list'
[25-Aug-2026 12:34:35 America/Mexico_City] ✅ Caja encontrada por ID de sesión - ID: 6
[25-Aug-2026 12:34:35 America/Mexico_City] === INICIO PROCESAR PAGO ===
[25-Aug-2026 12:34:35 America/Mexico_City] Plan de empresa: premium
[25-Aug-2026 12:34:35 America/Mexico_City] Timbres disponibles: 500
[25-Aug-2026 12:34:35 America/Mexico_City] ✅ Venta insertada - ID: 80, Código: 20260825123435
[25-Aug-2026 12:34:35 America/Mexico_City] ✅ STOCK ACTUALIZADO - Producto: JUICIOS, Cantidad descontada: 1
[25-Aug-2026 12:34:35 America/Mexico_City] ✅ Caja actualizada correctamente
[25-Aug-2026 12:34:35 America/Mexico_City] 🎯 Plan Premium detectado - Generando recibo Facturapi
[25-Aug-2026 12:34:35 America/Mexico_City] 🔑 Usando API Key: sk_test_3N...
[25-Aug-2026 12:34:35 America/Mexico_City] ⚠️ Producto ID 133 no tiene facturapi_producto_id
[25-Aug-2026 12:34:35 America/Mexico_City] ❌ Error al crear recibo Facturapi: No se encontraron productos válidos para Facturapi.
[25-Aug-2026 12:34:35 America/Mexico_City] 📋 Datos empresa - Plan: premium, Org ID: , Timbres: 500
[25-Aug-2026 12:34:35 America/Mexico_City] ⚠️ No se puede obtener API Key - Org ID: 
[25-Aug-2026 12:34:35 America/Mexico_City] ✅ Configuración de Facturapi cargada - Plan: premium, API Key disponible: SÍ
[25-Aug-2026 12:34:35 America/Mexico_City] Error al obtener configuración: SQLSTATE[42S22]: Column not found: 1054 Unknown column 'paypal_client_id' in 'field list'
[25-Aug-2026 12:34:35 America/Mexico_City] ✅ Caja encontrada por ID de sesión - ID: 6
[25-Aug-2026 12:36:41 America/Mexico_City] 📋 Datos empresa - Plan: premium, Org ID: , Timbres: 500
[25-Aug-2026 12:36:41 America/Mexico_City] ⚠️ No se puede obtener API Key - Org ID: 
[25-Aug-2026 12:36:41 America/Mexico_City] ✅ Configuración de Facturapi cargada - Plan: premium, API Key disponible: SÍ
[25-Aug-2026 12:36:41 America/Mexico_City] Error al obtener configuración: SQLSTATE[42S22]: Column not found: 1054 Unknown column 'paypal_client_id' in 'field list'
[25-Aug-2026 12:36:41 America/Mexico_City] ✅ Caja encontrada por ID de sesión - ID: 6
[25-Aug-2026 12:36:41 America/Mexico_City] 📋 Datos empresa - Plan: premium, Org ID: , Timbres: 500
[25-Aug-2026 12:36:41 America/Mexico_City] ⚠️ No se puede obtener API Key - Org ID: 
[25-Aug-2026 12:36:41 America/Mexico_City] ✅ Configuración de Facturapi cargada - Plan: premium, API Key disponible: SÍ
[25-Aug-2026 12:36:41 America/Mexico_City] Error al obtener configuración: SQLSTATE[42S22]: Column not found: 1054 Unknown column 'paypal_client_id' in 'field list'
[25-Aug-2026 12:36:41 America/Mexico_City] ✅ Caja encontrada por ID de sesión - ID: 6
[25-Aug-2026 12:38:30 America/Mexico_City] 📋 Datos empresa - Plan: premium, Org ID: , Timbres: 500
[25-Aug-2026 12:38:30 America/Mexico_City] ⚠️ No se puede obtener API Key - Org ID: 
[25-Aug-2026 12:38:30 America/Mexico_City] ✅ Configuración de Facturapi cargada - Plan: premium, API Key disponible: SÍ
[25-Aug-2026 12:38:30 America/Mexico_City] Error al obtener configuración: SQLSTATE[42S22]: Column not found: 1054 Unknown column 'paypal_client_id' in 'field list'
[25-Aug-2026 12:38:30 America/Mexico_City] ✅ Caja encontrada por ID de sesión - ID: 6
[25-Aug-2026 12:38:40 America/Mexico_City] 📋 Datos empresa - Plan: premium, Org ID: , Timbres: 500
[25-Aug-2026 12:38:40 America/Mexico_City] ⚠️ No se puede obtener API Key - Org ID: 
[25-Aug-2026 12:38:40 America/Mexico_City] ✅ Configuración de Facturapi cargada - Plan: premium, API Key disponible: SÍ
[25-Aug-2026 12:38:40 America/Mexico_City] Error al obtener configuración: SQLSTATE[42S22]: Column not found: 1054 Unknown column 'paypal_client_id' in 'field list'
[25-Aug-2026 12:38:40 America/Mexico_City] ✅ Caja encontrada por ID de sesión - ID: 6
[25-Aug-2026 12:38:41 America/Mexico_City] 📋 Datos empresa - Plan: premium, Org ID: , Timbres: 500
[25-Aug-2026 12:38:41 America/Mexico_City] ⚠️ No se puede obtener API Key - Org ID: 
[25-Aug-2026 12:38:41 America/Mexico_City] ✅ Configuración de Facturapi cargada - Plan: premium, API Key disponible: SÍ
[25-Aug-2026 12:38:41 America/Mexico_City] Error al obtener configuración: SQLSTATE[42S22]: Column not found: 1054 Unknown column 'paypal_client_id' in 'field list'
[25-Aug-2026 12:38:41 America/Mexico_City] ✅ Caja encontrada por ID de sesión - ID: 6
[25-Aug-2026 12:39:05 America/Mexico_City] 📋 Datos empresa - Plan: premium, Org ID: , Timbres: 500
[25-Aug-2026 12:39:05 America/Mexico_City] ⚠️ No se puede obtener API Key - Org ID: 
[25-Aug-2026 12:39:05 America/Mexico_City] ✅ Configuración de Facturapi cargada - Plan: premium, API Key disponible: SÍ
[25-Aug-2026 12:39:05 America/Mexico_City] Error al obtener configuración: SQLSTATE[42S22]: Column not found: 1054 Unknown column 'paypal_client_id' in 'field list'
[25-Aug-2026 12:39:05 America/Mexico_City] ✅ Caja encontrada por ID de sesión - ID: 6
[25-Aug-2026 12:39:05 America/Mexico_City] === INICIO PROCESAR PAGO ===
[25-Aug-2026 12:39:05 America/Mexico_City] Plan de empresa: premium
[25-Aug-2026 12:39:05 America/Mexico_City] Timbres disponibles: 500
[25-Aug-2026 12:39:05 America/Mexico_City] ✅ Venta insertada - ID: 81, Código: 20260825123905
[25-Aug-2026 12:39:05 America/Mexico_City] ✅ STOCK ACTUALIZADO - Producto: TRABAJO ESPECIFICO SERVICIO LEGAL, Cantidad descontada: 1
[25-Aug-2026 12:39:05 America/Mexico_City] ✅ Caja actualizada correctamente
[25-Aug-2026 12:39:05 America/Mexico_City] 🎯 Plan Premium detectado - Generando recibo Facturapi
[25-Aug-2026 12:39:05 America/Mexico_City] 🔑 Usando API Key: sk_test_3N...
[25-Aug-2026 12:39:05 America/Mexico_City] ⚠️ Producto ID 136 no tiene facturapi_producto_id
[25-Aug-2026 12:39:05 America/Mexico_City] ❌ Error al crear recibo Facturapi: No se encontraron productos válidos para Facturapi.
[25-Aug-2026 12:39:06 America/Mexico_City] 📋 Datos empresa - Plan: premium, Org ID: , Timbres: 500
[25-Aug-2026 12:39:06 America/Mexico_City] ⚠️ No se puede obtener API Key - Org ID: 
[25-Aug-2026 12:39:06 America/Mexico_City] ✅ Configuración de Facturapi cargada - Plan: premium, API Key disponible: SÍ
[25-Aug-2026 12:39:06 America/Mexico_City] Error al obtener configuración: SQLSTATE[42S22]: Column not found: 1054 Unknown column 'paypal_client_id' in 'field list'
[25-Aug-2026 12:39:06 America/Mexico_City] ✅ Caja encontrada por ID de sesión - ID: 6
[25-Aug-2026 12:39:45 America/Mexico_City] 📋 Datos empresa - Plan: premium, Org ID: , Timbres: 500
[25-Aug-2026 12:39:45 America/Mexico_City] ⚠️ No se puede obtener API Key - Org ID: 
[25-Aug-2026 12:39:45 America/Mexico_City] ✅ Configuración de Facturapi cargada - Plan: premium, API Key disponible: SÍ
[25-Aug-2026 12:39:45 America/Mexico_City] Error al obtener configuración: SQLSTATE[42S22]: Column not found: 1054 Unknown column 'paypal_client_id' in 'field list'
[25-Aug-2026 12:39:45 America/Mexico_City] ✅ Caja encontrada por ID de sesión - ID: 6
[25-Aug-2026 12:39:45 America/Mexico_City] 📋 Datos empresa - Plan: premium, Org ID: , Timbres: 500
[25-Aug-2026 12:39:45 America/Mexico_City] ⚠️ No se puede obtener API Key - Org ID: 
[25-Aug-2026 12:39:45 America/Mexico_City] ✅ Configuración de Facturapi cargada - Plan: premium, API Key disponible: SÍ
[25-Aug-2026 12:39:45 America/Mexico_City] Error al obtener configuración: SQLSTATE[42S22]: Column not found: 1054 Unknown column 'paypal_client_id' in 'field list'
[25-Aug-2026 12:39:45 America/Mexico_City] ✅ Caja encontrada por ID de sesión - ID: 6
[25-Aug-2026 12:41:35 America/Mexico_City] 📋 Datos empresa - Plan: premium, Org ID: , Timbres: 500
[25-Aug-2026 12:41:35 America/Mexico_City] ⚠️ No se puede obtener API Key - Org ID: 
[25-Aug-2026 12:41:35 America/Mexico_City] ✅ Configuración de Facturapi cargada - Plan: premium, API Key disponible: SÍ
[25-Aug-2026 12:41:35 America/Mexico_City] Error al obtener configuración: SQLSTATE[42S22]: Column not found: 1054 Unknown column 'paypal_client_id' in 'field list'
[25-Aug-2026 12:41:35 America/Mexico_City] ✅ Caja encontrada por ID de sesión - ID: 6
[25-Aug-2026 12:41:44 America/Mexico_City] 📋 Datos empresa - Plan: premium, Org ID: , Timbres: 500
[25-Aug-2026 12:41:44 America/Mexico_City] ⚠️ No se puede obtener API Key - Org ID: 
[25-Aug-2026 12:41:44 America/Mexico_City] ✅ Configuración de Facturapi cargada - Plan: premium, API Key disponible: SÍ
[25-Aug-2026 12:41:44 America/Mexico_City] Error al obtener configuración: SQLSTATE[42S22]: Column not found: 1054 Unknown column 'paypal_client_id' in 'field list'
[25-Aug-2026 12:41:44 America/Mexico_City] ✅ Caja encontrada por ID de sesión - ID: 6
[25-Aug-2026 12:41:45 America/Mexico_City] 📋 Datos empresa - Plan: premium, Org ID: , Timbres: 500
[25-Aug-2026 12:41:45 America/Mexico_City] ⚠️ No se puede obtener API Key - Org ID: 
[25-Aug-2026 12:41:45 America/Mexico_City] ✅ Configuración de Facturapi cargada - Plan: premium, API Key disponible: SÍ
[25-Aug-2026 12:41:45 America/Mexico_City] Error al obtener configuración: SQLSTATE[42S22]: Column not found: 1054 Unknown column 'paypal_client_id' in 'field list'
[25-Aug-2026 12:41:45 America/Mexico_City] ✅ Caja encontrada por ID de sesión - ID: 6
[25-Aug-2026 12:42:00 America/Mexico_City] 📋 Datos empresa - Plan: premium, Org ID: , Timbres: 500
[25-Aug-2026 12:42:00 America/Mexico_City] ⚠️ No se puede obtener API Key - Org ID: 
[25-Aug-2026 12:42:00 America/Mexico_City] ✅ Configuración de Facturapi cargada - Plan: premium, API Key disponible: SÍ
[25-Aug-2026 12:42:00 America/Mexico_City] Error al obtener configuración: SQLSTATE[42S22]: Column not found: 1054 Unknown column 'paypal_client_id' in 'field list'
[25-Aug-2026 12:42:00 America/Mexico_City] ✅ Caja encontrada por ID de sesión - ID: 6
[25-Aug-2026 12:42:00 America/Mexico_City] === INICIO PROCESAR PAGO ===
[25-Aug-2026 12:42:00 America/Mexico_City] Plan de empresa: premium
[25-Aug-2026 12:42:00 America/Mexico_City] Timbres disponibles: 500
[25-Aug-2026 12:42:00 America/Mexico_City] ✅ Venta insertada - ID: 82, Código: 20260825124200
[25-Aug-2026 12:42:00 America/Mexico_City] ✅ STOCK ACTUALIZADO - Producto: TRABAJO ESPECIFICO GENERAL PERSONAS FISICAS, Cantidad descontada: 1
[25-Aug-2026 12:42:00 America/Mexico_City] ✅ Caja actualizada correctamente
[25-Aug-2026 12:42:00 America/Mexico_City] 🎯 Plan Premium detectado - Generando recibo Facturapi
[25-Aug-2026 12:42:00 America/Mexico_City] 🔑 Usando API Key: sk_test_3N...
[25-Aug-2026 12:42:00 America/Mexico_City] ⚠️ Producto ID 147 no tiene facturapi_producto_id
[25-Aug-2026 12:42:00 America/Mexico_City] ❌ Error al crear recibo Facturapi: No se encontraron productos válidos para Facturapi.
[25-Aug-2026 12:42:00 America/Mexico_City] 📋 Datos empresa - Plan: premium, Org ID: , Timbres: 500
[25-Aug-2026 12:42:00 America/Mexico_City] ⚠️ No se puede obtener API Key - Org ID: 
[25-Aug-2026 12:42:00 America/Mexico_City] ✅ Configuración de Facturapi cargada - Plan: premium, API Key disponible: SÍ
[25-Aug-2026 12:42:00 America/Mexico_City] Error al obtener configuración: SQLSTATE[42S22]: Column not found: 1054 Unknown column 'paypal_client_id' in 'field list'
[25-Aug-2026 12:42:00 America/Mexico_City] ✅ Caja encontrada por ID de sesión - ID: 6
[25-Aug-2026 12:43:55 America/Mexico_City] 📋 Datos empresa - Plan: premium, Org ID: , Timbres: 500
[25-Aug-2026 12:43:55 America/Mexico_City] ⚠️ No se puede obtener API Key - Org ID: 
[25-Aug-2026 12:43:55 America/Mexico_City] ✅ Configuración de Facturapi cargada - Plan: premium, API Key disponible: SÍ
[25-Aug-2026 12:43:55 America/Mexico_City] Error al obtener configuración: SQLSTATE[42S22]: Column not found: 1054 Unknown column 'paypal_client_id' in 'field list'
[25-Aug-2026 12:43:55 America/Mexico_City] ✅ Caja encontrada por ID de sesión - ID: 6
[25-Aug-2026 12:43:55 America/Mexico_City] 📋 Datos empresa - Plan: premium, Org ID: , Timbres: 500
[25-Aug-2026 12:43:55 America/Mexico_City] ⚠️ No se puede obtener API Key - Org ID: 
[25-Aug-2026 12:43:55 America/Mexico_City] ✅ Configuración de Facturapi cargada - Plan: premium, API Key disponible: SÍ
[25-Aug-2026 12:43:55 America/Mexico_City] Error al obtener configuración: SQLSTATE[42S22]: Column not found: 1054 Unknown column 'paypal_client_id' in 'field list'
[25-Aug-2026 12:43:55 America/Mexico_City] ✅ Caja encontrada por ID de sesión - ID: 6
[25-Aug-2026 12:44:12 America/Mexico_City] 📋 Datos empresa - Plan: premium, Org ID: , Timbres: 500
[25-Aug-2026 12:44:12 America/Mexico_City] ⚠️ No se puede obtener API Key - Org ID: 
[25-Aug-2026 12:44:12 America/Mexico_City] ✅ Configuración de Facturapi cargada - Plan: premium, API Key disponible: SÍ
[25-Aug-2026 12:44:12 America/Mexico_City] Error al obtener configuración: SQLSTATE[42S22]: Column not found: 1054 Unknown column 'paypal_client_id' in 'field list'
[25-Aug-2026 12:44:12 America/Mexico_City] ✅ Caja encontrada por ID de sesión - ID: 6
[25-Aug-2026 12:45:28 America/Mexico_City] 📋 Datos empresa - Plan: premium, Org ID: , Timbres: 500
[25-Aug-2026 12:45:28 America/Mexico_City] ⚠️ No se puede obtener API Key - Org ID: 
[25-Aug-2026 12:45:28 America/Mexico_City] ✅ Configuración de Facturapi cargada - Plan: premium, API Key disponible: SÍ
[25-Aug-2026 12:45:28 America/Mexico_City] Error al obtener configuración: SQLSTATE[42S22]: Column not found: 1054 Unknown column 'paypal_client_id' in 'field list'
[25-Aug-2026 12:45:28 America/Mexico_City] ✅ Caja encontrada por ID de sesión - ID: 6
[25-Aug-2026 12:45:29 America/Mexico_City] 📋 Datos empresa - Plan: premium, Org ID: , Timbres: 500
[25-Aug-2026 12:45:29 America/Mexico_City] ⚠️ No se puede obtener API Key - Org ID: 
[25-Aug-2026 12:45:29 America/Mexico_City] ✅ Configuración de Facturapi cargada - Plan: premium, API Key disponible: SÍ
[25-Aug-2026 12:45:29 America/Mexico_City] Error al obtener configuración: SQLSTATE[42S22]: Column not found: 1054 Unknown column 'paypal_client_id' in 'field list'
[25-Aug-2026 12:45:29 America/Mexico_City] ✅ Caja encontrada por ID de sesión - ID: 6
[25-Aug-2026 12:45:43 America/Mexico_City] 📋 Datos empresa - Plan: premium, Org ID: , Timbres: 500
[25-Aug-2026 12:45:43 America/Mexico_City] ⚠️ No se puede obtener API Key - Org ID: 
[25-Aug-2026 12:45:43 America/Mexico_City] ✅ Configuración de Facturapi cargada - Plan: premium, API Key disponible: SÍ
[25-Aug-2026 12:45:43 America/Mexico_City] Error al obtener configuración: SQLSTATE[42S22]: Column not found: 1054 Unknown column 'paypal_client_id' in 'field list'
[25-Aug-2026 12:45:43 America/Mexico_City] ✅ Caja encontrada por ID de sesión - ID: 6
[25-Aug-2026 12:45:45 America/Mexico_City] 📋 Datos empresa - Plan: premium, Org ID: , Timbres: 500
[25-Aug-2026 12:45:45 America/Mexico_City] ⚠️ No se puede obtener API Key - Org ID: 
[25-Aug-2026 12:45:45 America/Mexico_City] ✅ Configuración de Facturapi cargada - Plan: premium, API Key disponible: SÍ
[25-Aug-2026 12:45:45 America/Mexico_City] Error al obtener configuración: SQLSTATE[42S22]: Column not found: 1054 Unknown column 'paypal_client_id' in 'field list'
[25-Aug-2026 12:45:45 America/Mexico_City] ✅ Caja encontrada por ID de sesión - ID: 6
[25-Aug-2026 12:46:16 America/Mexico_City] 📋 Datos empresa - Plan: premium, Org ID: , Timbres: 500
[25-Aug-2026 12:46:16 America/Mexico_City] ⚠️ No se puede obtener API Key - Org ID: 
[25-Aug-2026 12:46:16 America/Mexico_City] ✅ Configuración de Facturapi cargada - Plan: premium, API Key disponible: SÍ
[25-Aug-2026 12:46:16 America/Mexico_City] Error al obtener configuración: SQLSTATE[42S22]: Column not found: 1054 Unknown column 'paypal_client_id' in 'field list'
[25-Aug-2026 12:46:16 America/Mexico_City] ✅ Caja encontrada por ID de sesión - ID: 6
[25-Aug-2026 12:46:16 America/Mexico_City] === INICIO PROCESAR PAGO ===
[25-Aug-2026 12:46:16 America/Mexico_City] Plan de empresa: premium
[25-Aug-2026 12:46:16 America/Mexico_City] Timbres disponibles: 500
[25-Aug-2026 12:46:16 America/Mexico_City] ✅ Venta insertada - ID: 83, Código: 20260825124616
[25-Aug-2026 12:46:16 America/Mexico_City] ✅ STOCK ACTUALIZADO - Producto: TRABAJO ESPECIFICO DE MARKETING, Cantidad descontada: 1
[25-Aug-2026 12:46:16 America/Mexico_City] ✅ Caja actualizada correctamente
[25-Aug-2026 12:46:16 America/Mexico_City] 🎯 Plan Premium detectado - Generando recibo Facturapi
[25-Aug-2026 12:46:16 America/Mexico_City] 🔑 Usando API Key: sk_test_3N...
[25-Aug-2026 12:46:16 America/Mexico_City] ⚠️ Producto ID 146 no tiene facturapi_producto_id
[25-Aug-2026 12:46:16 America/Mexico_City] ❌ Error al crear recibo Facturapi: No se encontraron productos válidos para Facturapi.
[25-Aug-2026 12:46:17 America/Mexico_City] 📋 Datos empresa - Plan: premium, Org ID: , Timbres: 500
[25-Aug-2026 12:46:17 America/Mexico_City] ⚠️ No se puede obtener API Key - Org ID: 
[25-Aug-2026 12:46:17 America/Mexico_City] ✅ Configuración de Facturapi cargada - Plan: premium, API Key disponible: SÍ
[25-Aug-2026 12:46:17 America/Mexico_City] Error al obtener configuración: SQLSTATE[42S22]: Column not found: 1054 Unknown column 'paypal_client_id' in 'field list'
[25-Aug-2026 12:46:17 America/Mexico_City] ✅ Caja encontrada por ID de sesión - ID: 6
[25-Aug-2026 12:46:56 America/Mexico_City] 📋 Datos empresa - Plan: premium, Org ID: , Timbres: 500
[25-Aug-2026 12:46:56 America/Mexico_City] ⚠️ No se puede obtener API Key - Org ID: 
[25-Aug-2026 12:46:56 America/Mexico_City] ✅ Configuración de Facturapi cargada - Plan: premium, API Key disponible: SÍ
[25-Aug-2026 12:46:56 America/Mexico_City] Error al obtener configuración: SQLSTATE[42S22]: Column not found: 1054 Unknown column 'paypal_client_id' in 'field list'
[25-Aug-2026 12:46:56 America/Mexico_City] ✅ Caja encontrada por ID de sesión - ID: 6
[25-Aug-2026 12:46:56 America/Mexico_City] 📋 Datos empresa - Plan: premium, Org ID: , Timbres: 500
[25-Aug-2026 12:46:56 America/Mexico_City] ⚠️ No se puede obtener API Key - Org ID: 
[25-Aug-2026 12:46:56 America/Mexico_City] ✅ Configuración de Facturapi cargada - Plan: premium, API Key disponible: SÍ
[25-Aug-2026 12:46:56 America/Mexico_City] Error al obtener configuración: SQLSTATE[42S22]: Column not found: 1054 Unknown column 'paypal_client_id' in 'field list'
[25-Aug-2026 12:46:56 America/Mexico_City] ✅ Caja encontrada por ID de sesión - ID: 6
[25-Aug-2026 12:48:59 America/Mexico_City] 📋 Datos empresa - Plan: premium, Org ID: , Timbres: 500
[25-Aug-2026 12:48:59 America/Mexico_City] ⚠️ No se puede obtener API Key - Org ID: 
[25-Aug-2026 12:48:59 America/Mexico_City] ✅ Configuración de Facturapi cargada - Plan: premium, API Key disponible: SÍ
[25-Aug-2026 12:48:59 America/Mexico_City] Error al obtener configuración: SQLSTATE[42S22]: Column not found: 1054 Unknown column 'paypal_client_id' in 'field list'
[25-Aug-2026 12:48:59 America/Mexico_City] ✅ Caja encontrada por ID de sesión - ID: 6
[25-Aug-2026 12:49:06 America/Mexico_City] 📋 Datos empresa - Plan: premium, Org ID: , Timbres: 500
[25-Aug-2026 12:49:06 America/Mexico_City] ⚠️ No se puede obtener API Key - Org ID: 
[25-Aug-2026 12:49:06 America/Mexico_City] ✅ Configuración de Facturapi cargada - Plan: premium, API Key disponible: SÍ
[25-Aug-2026 12:49:06 America/Mexico_City] Error al obtener configuración: SQLSTATE[42S22]: Column not found: 1054 Unknown column 'paypal_client_id' in 'field list'
[25-Aug-2026 12:49:06 America/Mexico_City] ✅ Caja encontrada por ID de sesión - ID: 6
[25-Aug-2026 12:49:07 America/Mexico_City] 📋 Datos empresa - Plan: premium, Org ID: , Timbres: 500
[25-Aug-2026 12:49:07 America/Mexico_City] ⚠️ No se puede obtener API Key - Org ID: 
[25-Aug-2026 12:49:07 America/Mexico_City] ✅ Configuración de Facturapi cargada - Plan: premium, API Key disponible: SÍ
[25-Aug-2026 12:49:07 America/Mexico_City] Error al obtener configuración: SQLSTATE[42S22]: Column not found: 1054 Unknown column 'paypal_client_id' in 'field list'
[25-Aug-2026 12:49:07 America/Mexico_City] ✅ Caja encontrada por ID de sesión - ID: 6
[25-Aug-2026 12:49:23 America/Mexico_City] 📋 Datos empresa - Plan: premium, Org ID: , Timbres: 500
[25-Aug-2026 12:49:23 America/Mexico_City] ⚠️ No se puede obtener API Key - Org ID: 
[25-Aug-2026 12:49:23 America/Mexico_City] ✅ Configuración de Facturapi cargada - Plan: premium, API Key disponible: SÍ
[25-Aug-2026 12:49:23 America/Mexico_City] Error al obtener configuración: SQLSTATE[42S22]: Column not found: 1054 Unknown column 'paypal_client_id' in 'field list'
[25-Aug-2026 12:49:23 America/Mexico_City] ✅ Caja encontrada por ID de sesión - ID: 6
[25-Aug-2026 12:49:23 America/Mexico_City] === INICIO PROCESAR PAGO ===
[25-Aug-2026 12:49:23 America/Mexico_City] Plan de empresa: premium
[25-Aug-2026 12:49:23 America/Mexico_City] Timbres disponibles: 500
[25-Aug-2026 12:49:23 America/Mexico_City] ✅ Venta insertada - ID: 84, Código: 20260825124923
[25-Aug-2026 12:49:23 America/Mexico_City] ✅ STOCK ACTUALIZADO - Producto: TRABAJO ESPECIFICO GENERAL PERSONAS FISICAS, Cantidad descontada: 1
[25-Aug-2026 12:49:23 America/Mexico_City] ✅ Caja actualizada correctamente
[25-Aug-2026 12:49:23 America/Mexico_City] 🎯 Plan Premium detectado - Generando recibo Facturapi
[25-Aug-2026 12:49:23 America/Mexico_City] 🔑 Usando API Key: sk_test_3N...
[25-Aug-2026 12:49:23 America/Mexico_City] ⚠️ Producto ID 147 no tiene facturapi_producto_id
[25-Aug-2026 12:49:23 America/Mexico_City] ❌ Error al crear recibo Facturapi: No se encontraron productos válidos para Facturapi.
[25-Aug-2026 12:49:23 America/Mexico_City] 📋 Datos empresa - Plan: premium, Org ID: , Timbres: 500
[25-Aug-2026 12:49:23 America/Mexico_City] ⚠️ No se puede obtener API Key - Org ID: 
[25-Aug-2026 12:49:23 America/Mexico_City] ✅ Configuración de Facturapi cargada - Plan: premium, API Key disponible: SÍ
[25-Aug-2026 12:49:23 America/Mexico_City] Error al obtener configuración: SQLSTATE[42S22]: Column not found: 1054 Unknown column 'paypal_client_id' in 'field list'
[25-Aug-2026 12:49:23 America/Mexico_City] ✅ Caja encontrada por ID de sesión - ID: 6
[25-Aug-2026 12:49:38 America/Mexico_City] 📋 Datos empresa - Plan: premium, Org ID: , Timbres: 500
[25-Aug-2026 12:49:38 America/Mexico_City] ⚠️ No se puede obtener API Key - Org ID: 
[25-Aug-2026 12:49:38 America/Mexico_City] ✅ Configuración de Facturapi cargada - Plan: premium, API Key disponible: SÍ
[25-Aug-2026 12:49:38 America/Mexico_City] Error al obtener configuración: SQLSTATE[42S22]: Column not found: 1054 Unknown column 'paypal_client_id' in 'field list'
[25-Aug-2026 12:49:38 America/Mexico_City] ✅ Caja encontrada por ID de sesión - ID: 6
[25-Aug-2026 12:52:29 America/Mexico_City] 📋 Datos empresa - Plan: premium, Org ID: , Timbres: 500
[25-Aug-2026 12:52:29 America/Mexico_City] ⚠️ No se puede obtener API Key - Org ID: 
[25-Aug-2026 12:52:29 America/Mexico_City] ✅ Configuración de Facturapi cargada - Plan: premium, API Key disponible: SÍ
[25-Aug-2026 12:52:29 America/Mexico_City] Error al obtener configuración: SQLSTATE[42S22]: Column not found: 1054 Unknown column 'paypal_client_id' in 'field list'
[25-Aug-2026 12:52:29 America/Mexico_City] ✅ Caja encontrada por ID de sesión - ID: 6
[25-Aug-2026 12:52:29 America/Mexico_City] 📋 Datos empresa - Plan: premium, Org ID: , Timbres: 500
[25-Aug-2026 12:52:29 America/Mexico_City] ⚠️ No se puede obtener API Key - Org ID: 
[25-Aug-2026 12:52:29 America/Mexico_City] ✅ Configuración de Facturapi cargada - Plan: premium, API Key disponible: SÍ
[25-Aug-2026 12:52:29 America/Mexico_City] Error al obtener configuración: SQLSTATE[42S22]: Column not found: 1054 Unknown column 'paypal_client_id' in 'field list'
[25-Aug-2026 12:52:29 America/Mexico_City] ✅ Caja encontrada por ID de sesión - ID: 6
[25-Aug-2026 12:55:12 America/Mexico_City] 📋 Datos empresa - Plan: premium, Org ID: 6986242e7c56a2008bcd3869, Timbres: 497
[25-Aug-2026 12:55:12 America/Mexico_City] 🔑 Obteniendo API Key de prueba para organización: 6986242e7c56a2008bcd3869
[25-Aug-2026 12:55:12 America/Mexico_City] ✅ API Key de prueba obtenida correctamente
[25-Aug-2026 12:55:12 America/Mexico_City] 💾 API Key de prueba guardada en sistema_config
[25-Aug-2026 12:55:12 America/Mexico_City] ✅ Configuración de Facturapi cargada - Plan: premium, API Key disponible: SÍ
[25-Aug-2026 12:55:12 America/Mexico_City] Buscando caja por usuario/sucursal...
[25-Aug-2026 12:55:12 America/Mexico_City] ✅ Caja encontrada por usuario/sucursal - ID: 8
[25-Aug-2026 12:55:14 America/Mexico_City] 📋 Datos empresa - Plan: premium, Org ID: 6986242e7c56a2008bcd3869, Timbres: 497
[25-Aug-2026 12:55:14 America/Mexico_City] 🔑 Obteniendo API Key de prueba para organización: 6986242e7c56a2008bcd3869
[25-Aug-2026 12:55:14 America/Mexico_City] ✅ API Key de prueba obtenida correctamente
[25-Aug-2026 12:55:14 America/Mexico_City] 💾 API Key de prueba guardada en sistema_config
[25-Aug-2026 12:55:14 America/Mexico_City] ✅ Configuración de Facturapi cargada - Plan: premium, API Key disponible: SÍ
[25-Aug-2026 12:55:14 America/Mexico_City] ✅ Caja encontrada por ID de sesión - ID: 8
[25-Aug-2026 12:55:19 America/Mexico_City] 📋 Datos empresa - Plan: premium, Org ID: 6986242e7c56a2008bcd3869, Timbres: 497
[25-Aug-2026 12:55:19 America/Mexico_City] 🔑 Obteniendo API Key de prueba para organización: 6986242e7c56a2008bcd3869
[25-Aug-2026 12:55:20 America/Mexico_City] ✅ API Key de prueba obtenida correctamente
[25-Aug-2026 12:55:20 America/Mexico_City] 💾 API Key de prueba guardada en sistema_config
[25-Aug-2026 12:55:20 America/Mexico_City] ✅ Configuración de Facturapi cargada - Plan: premium, API Key disponible: SÍ
[25-Aug-2026 12:55:20 America/Mexico_City] ✅ Caja encontrada por ID de sesión - ID: 8
[25-Aug-2026 12:55:28 America/Mexico_City] 📋 Datos empresa - Plan: premium, Org ID: , Timbres: 500
[25-Aug-2026 12:55:28 America/Mexico_City] ⚠️ No se puede obtener API Key - Org ID: 
[25-Aug-2026 12:55:28 America/Mexico_City] ✅ Configuración de Facturapi cargada - Plan: premium, API Key disponible: SÍ
[25-Aug-2026 12:55:28 America/Mexico_City] Error al obtener configuración: SQLSTATE[42S22]: Column not found: 1054 Unknown column 'paypal_client_id' in 'field list'
[25-Aug-2026 12:55:28 America/Mexico_City] ✅ Caja encontrada por ID de sesión - ID: 6
[25-Aug-2026 12:55:28 America/Mexico_City] 📋 Datos empresa - Plan: premium, Org ID: 6986242e7c56a2008bcd3869, Timbres: 497
[25-Aug-2026 12:55:28 America/Mexico_City] 🔑 Obteniendo API Key de prueba para organización: 6986242e7c56a2008bcd3869
[25-Aug-2026 12:55:29 America/Mexico_City] ✅ API Key de prueba obtenida correctamente
[25-Aug-2026 12:55:29 America/Mexico_City] 📋 Datos empresa - Plan: premium, Org ID: , Timbres: 500
[25-Aug-2026 12:55:29 America/Mexico_City] ⚠️ No se puede obtener API Key - Org ID: 
[25-Aug-2026 12:55:29 America/Mexico_City] ✅ Configuración de Facturapi cargada - Plan: premium, API Key disponible: SÍ
[25-Aug-2026 12:55:29 America/Mexico_City] Error al obtener configuración: SQLSTATE[42S22]: Column not found: 1054 Unknown column 'paypal_client_id' in 'field list'
[25-Aug-2026 12:55:29 America/Mexico_City] ✅ Caja encontrada por ID de sesión - ID: 6
[25-Aug-2026 12:55:30 America/Mexico_City] 💾 API Key de prueba guardada en sistema_config
[25-Aug-2026 12:55:30 America/Mexico_City] ✅ Configuración de Facturapi cargada - Plan: premium, API Key disponible: SÍ
[25-Aug-2026 12:55:30 America/Mexico_City] ✅ Caja encontrada por ID de sesión - ID: 8
[25-Aug-2026 12:55:51 America/Mexico_City] 📋 Datos empresa - Plan: premium, Org ID: , Timbres: 500
[25-Aug-2026 12:55:51 America/Mexico_City] ⚠️ No se puede obtener API Key - Org ID: 
[25-Aug-2026 12:55:51 America/Mexico_City] ✅ Configuración de Facturapi cargada - Plan: premium, API Key disponible: SÍ
[25-Aug-2026 12:55:51 America/Mexico_City] Error al obtener configuración: SQLSTATE[42S22]: Column not found: 1054 Unknown column 'paypal_client_id' in 'field list'
[25-Aug-2026 12:55:51 America/Mexico_City] ✅ Caja encontrada por ID de sesión - ID: 6
[25-Aug-2026 12:55:51 America/Mexico_City] === INICIO PROCESAR PAGO ===
[25-Aug-2026 12:55:51 America/Mexico_City] Plan de empresa: premium
[25-Aug-2026 12:55:51 America/Mexico_City] Timbres disponibles: 500
[25-Aug-2026 12:55:51 America/Mexico_City] ✅ Venta insertada - ID: 85, Código: 20260825125551
[25-Aug-2026 12:55:51 America/Mexico_City] ✅ STOCK ACTUALIZADO - Producto: TRABAJO ESPECIFICO GENERAL PERSONAS FISICAS, Cantidad descontada: 1
[25-Aug-2026 12:55:51 America/Mexico_City] ✅ Caja actualizada correctamente
[25-Aug-2026 12:55:51 America/Mexico_City] 🎯 Plan Premium detectado - Generando recibo Facturapi
[25-Aug-2026 12:55:51 America/Mexico_City] 🔑 Usando API Key: sk_test_3N...
[25-Aug-2026 12:55:51 America/Mexico_City] ⚠️ Producto ID 147 no tiene facturapi_producto_id
[25-Aug-2026 12:55:51 America/Mexico_City] ❌ Error al crear recibo Facturapi: No se encontraron productos válidos para Facturapi.
[25-Aug-2026 12:55:51 America/Mexico_City] 📋 Datos empresa - Plan: premium, Org ID: , Timbres: 500
[25-Aug-2026 12:55:51 America/Mexico_City] ⚠️ No se puede obtener API Key - Org ID: 
[25-Aug-2026 12:55:51 America/Mexico_City] ✅ Configuración de Facturapi cargada - Plan: premium, API Key disponible: SÍ
[25-Aug-2026 12:55:51 America/Mexico_City] Error al obtener configuración: SQLSTATE[42S22]: Column not found: 1054 Unknown column 'paypal_client_id' in 'field list'
[25-Aug-2026 12:55:51 America/Mexico_City] ✅ Caja encontrada por ID de sesión - ID: 6
[25-Aug-2026 12:56:00 America/Mexico_City] 📋 Datos empresa - Plan: premium, Org ID: 6986242e7c56a2008bcd3869, Timbres: 497
[25-Aug-2026 12:56:00 America/Mexico_City] 🔑 Obteniendo API Key de prueba para organización: 6986242e7c56a2008bcd3869
[25-Aug-2026 12:56:01 America/Mexico_City] ✅ API Key de prueba obtenida correctamente
[25-Aug-2026 12:56:01 America/Mexico_City] 💾 API Key de prueba guardada en sistema_config
[25-Aug-2026 12:56:01 America/Mexico_City] ✅ Configuración de Facturapi cargada - Plan: premium, API Key disponible: SÍ
[25-Aug-2026 12:56:01 America/Mexico_City] ✅ Caja encontrada por ID de sesión - ID: 8
[25-Aug-2026 12:56:09 America/Mexico_City] 📋 Datos empresa - Plan: premium, Org ID: 6986242e7c56a2008bcd3869, Timbres: 497
[25-Aug-2026 12:56:09 America/Mexico_City] 🔑 Obteniendo API Key de prueba para organización: 6986242e7c56a2008bcd3869
[25-Aug-2026 12:56:10 America/Mexico_City] ✅ API Key de prueba obtenida correctamente
[25-Aug-2026 12:56:10 America/Mexico_City] 💾 API Key de prueba guardada en sistema_config
[25-Aug-2026 12:56:10 America/Mexico_City] ✅ Configuración de Facturapi cargada - Plan: premium, API Key disponible: SÍ
[25-Aug-2026 12:56:10 America/Mexico_City] ✅ Caja encontrada por ID de sesión - ID: 8
[25-Aug-2026 12:56:10 America/Mexico_City] === INICIO PROCESAR PAGO ===
[25-Aug-2026 12:56:10 America/Mexico_City] Plan de empresa: premium
[25-Aug-2026 12:56:10 America/Mexico_City] Timbres disponibles: 497
[25-Aug-2026 12:56:10 America/Mexico_City] ✅ Venta insertada - ID: 185, Código: 20260825125610
[25-Aug-2026 12:56:10 America/Mexico_City] ✅ STOCK ACTUALIZADO - Producto: Coca cola lata, Cantidad descontada: 1
[25-Aug-2026 12:56:10 America/Mexico_City] ✅ Caja actualizada correctamente
[25-Aug-2026 12:56:10 America/Mexico_City] ✅ Gasto automático registrado para la venta 185 - Monto: 20
[25-Aug-2026 12:56:10 America/Mexico_City] 🎯 Plan Premium detectado - Generando recibo Facturapi
[25-Aug-2026 12:56:10 America/Mexico_City] 🔑 Usando API Key: sk_test_J6...
[25-Aug-2026 12:56:10 America/Mexico_City] ⚠️ Producto ID 15 no tiene facturapi_producto_id
[25-Aug-2026 12:56:10 America/Mexico_City] ❌ Error al crear recibo Facturapi: No se encontraron productos válidos para Facturapi.
[25-Aug-2026 12:56:10 America/Mexico_City] 📋 Datos empresa - Plan: premium, Org ID: 6986242e7c56a2008bcd3869, Timbres: 497
[25-Aug-2026 12:56:10 America/Mexico_City] 🔑 Obteniendo API Key de prueba para organización: 6986242e7c56a2008bcd3869
[25-Aug-2026 12:56:11 America/Mexico_City] ✅ API Key de prueba obtenida correctamente
[25-Aug-2026 12:56:11 America/Mexico_City] 💾 API Key de prueba guardada en sistema_config
[25-Aug-2026 12:56:11 America/Mexico_City] ✅ Configuración de Facturapi cargada - Plan: premium, API Key disponible: SÍ
[25-Aug-2026 12:56:11 America/Mexico_City] ✅ Caja encontrada por ID de sesión - ID: 8
[25-Aug-2026 12:59:30 America/Mexico_City] 📋 Datos empresa - Plan: premium, Org ID: , Timbres: 500
[25-Aug-2026 12:59:30 America/Mexico_City] ⚠️ No se puede obtener API Key - Org ID: 
[25-Aug-2026 12:59:30 America/Mexico_City] ✅ Configuración de Facturapi cargada - Plan: premium, API Key disponible: SÍ
[25-Aug-2026 12:59:30 America/Mexico_City] Error al obtener configuración: SQLSTATE[42S22]: Column not found: 1054 Unknown column 'paypal_client_id' in 'field list'
[25-Aug-2026 12:59:30 America/Mexico_City] Buscando caja por usuario/sucursal...
[25-Aug-2026 12:59:30 America/Mexico_City] ✅ Caja encontrada por usuario/sucursal - ID: 5
[25-Aug-2026 12:59:44 America/Mexico_City] 📋 Datos empresa - Plan: premium, Org ID: , Timbres: 500
[25-Aug-2026 12:59:44 America/Mexico_City] ⚠️ No se puede obtener API Key - Org ID: 
[25-Aug-2026 12:59:44 America/Mexico_City] ✅ Configuración de Facturapi cargada - Plan: premium, API Key disponible: SÍ
[25-Aug-2026 12:59:44 America/Mexico_City] Error al obtener configuración: SQLSTATE[42S22]: Column not found: 1054 Unknown column 'paypal_client_id' in 'field list'
[25-Aug-2026 12:59:44 America/Mexico_City] ✅ Caja encontrada por ID de sesión - ID: 5
[25-Aug-2026 12:59:47 America/Mexico_City] 📋 Datos empresa - Plan: premium, Org ID: , Timbres: 500
[25-Aug-2026 12:59:47 America/Mexico_City] ⚠️ No se puede obtener API Key - Org ID: 
[25-Aug-2026 12:59:47 America/Mexico_City] ✅ Configuración de Facturapi cargada - Plan: premium, API Key disponible: SÍ
[25-Aug-2026 12:59:47 America/Mexico_City] Error al obtener configuración: SQLSTATE[42S22]: Column not found: 1054 Unknown column 'paypal_client_id' in 'field list'
[25-Aug-2026 12:59:47 America/Mexico_City] ✅ Caja encontrada por ID de sesión - ID: 5
[25-Aug-2026 13:00:14 America/Mexico_City] 📋 Datos empresa - Plan: premium, Org ID: , Timbres: 500
[25-Aug-2026 13:00:14 America/Mexico_City] ⚠️ No se puede obtener API Key - Org ID: 
[25-Aug-2026 13:00:14 America/Mexico_City] ✅ Configuración de Facturapi cargada - Plan: premium, API Key disponible: SÍ
[25-Aug-2026 13:00:14 America/Mexico_City] Error al obtener configuración: SQLSTATE[42S22]: Column not found: 1054 Unknown column 'paypal_client_id' in 'field list'
[25-Aug-2026 13:00:14 America/Mexico_City] ✅ Caja encontrada por ID de sesión - ID: 5
[25-Aug-2026 13:00:16 America/Mexico_City] 📋 Datos empresa - Plan: premium, Org ID: , Timbres: 500
[25-Aug-2026 13:00:16 America/Mexico_City] ⚠️ No se puede obtener API Key - Org ID: 
[25-Aug-2026 13:00:16 America/Mexico_City] ✅ Configuración de Facturapi cargada - Plan: premium, API Key disponible: SÍ
[25-Aug-2026 13:00:16 America/Mexico_City] Error al obtener configuración: SQLSTATE[42S22]: Column not found: 1054 Unknown column 'paypal_client_id' in 'field list'
[25-Aug-2026 13:00:16 America/Mexico_City] ✅ Caja encontrada por ID de sesión - ID: 5
[25-Aug-2026 13:07:31 America/Mexico_City] 📋 Datos empresa - Plan: premium, Org ID: 6986242e7c56a2008bcd3869, Timbres: 497
[25-Aug-2026 13:07:31 America/Mexico_City] 🔑 Obteniendo API Key de prueba para organización: 6986242e7c56a2008bcd3869
[25-Aug-2026 13:07:31 America/Mexico_City] ✅ API Key de prueba obtenida correctamente
[25-Aug-2026 13:07:31 America/Mexico_City] 💾 API Key de prueba guardada en sistema_config
[25-Aug-2026 13:07:31 America/Mexico_City] ✅ Configuración de Facturapi cargada - Plan: premium, API Key disponible: SÍ
[25-Aug-2026 13:07:31 America/Mexico_City] ✅ Caja encontrada por ID de sesión - ID: 8
[25-Aug-2026 13:07:33 America/Mexico_City] 📋 Datos empresa - Plan: premium, Org ID: 6986242e7c56a2008bcd3869, Timbres: 497
[25-Aug-2026 13:07:33 America/Mexico_City] 🔑 Obteniendo API Key de prueba para organización: 6986242e7c56a2008bcd3869
[25-Aug-2026 13:07:34 America/Mexico_City] ✅ API Key de prueba obtenida correctamente
[25-Aug-2026 13:07:34 America/Mexico_City] 💾 API Key de prueba guardada en sistema_config
[25-Aug-2026 13:07:34 America/Mexico_City] ✅ Configuración de Facturapi cargada - Plan: premium, API Key disponible: SÍ
[25-Aug-2026 13:07:34 America/Mexico_City] ✅ Caja encontrada por ID de sesión - ID: 8
[25-Aug-2026 13:07:40 America/Mexico_City] 📋 Datos empresa - Plan: premium, Org ID: 6986242e7c56a2008bcd3869, Timbres: 497
[25-Aug-2026 13:07:40 America/Mexico_City] 🔑 Obteniendo API Key de prueba para organización: 6986242e7c56a2008bcd3869
[25-Aug-2026 13:07:41 America/Mexico_City] ✅ API Key de prueba obtenida correctamente
[25-Aug-2026 13:07:41 America/Mexico_City] 💾 API Key de prueba guardada en sistema_config
[25-Aug-2026 13:07:41 America/Mexico_City] ✅ Configuración de Facturapi cargada - Plan: premium, API Key disponible: SÍ
[25-Aug-2026 13:07:41 America/Mexico_City] ✅ Caja encontrada por ID de sesión - ID: 8
[25-Aug-2026 13:07:43 America/Mexico_City] 📋 Datos empresa - Plan: premium, Org ID: 6986242e7c56a2008bcd3869, Timbres: 497
[25-Aug-2026 13:07:43 America/Mexico_City] 🔑 Obteniendo API Key de prueba para organización: 6986242e7c56a2008bcd3869
[25-Aug-2026 13:07:43 America/Mexico_City] ✅ API Key de prueba obtenida correctamente
[25-Aug-2026 13:07:43 America/Mexico_City] 💾 API Key de prueba guardada en sistema_config
[25-Aug-2026 13:07:43 America/Mexico_City] ✅ Configuración de Facturapi cargada - Plan: premium, API Key disponible: SÍ
[25-Aug-2026 13:07:43 America/Mexico_City] ✅ Caja encontrada por ID de sesión - ID: 8
[25-Aug-2026 13:07:43 America/Mexico_City] === INICIO PROCESAR PAGO ===
[25-Aug-2026 13:07:43 America/Mexico_City] Plan de empresa: premium
[25-Aug-2026 13:07:43 America/Mexico_City] Timbres disponibles: 497
[25-Aug-2026 13:07:43 America/Mexico_City] ✅ Venta insertada - ID: 186, Código: 20260825130743
[25-Aug-2026 13:07:43 America/Mexico_City] ✅ STOCK ACTUALIZADO - Producto: Bordados, Cantidad descontada: 1
[25-Aug-2026 13:07:43 America/Mexico_City] ✅ Caja actualizada correctamente
[25-Aug-2026 13:07:43 America/Mexico_City] ✅ Gasto automático registrado para la venta 186 - Monto: 950
[25-Aug-2026 13:07:43 America/Mexico_City] 🎯 Plan Premium detectado - Generando recibo Facturapi
[25-Aug-2026 13:07:43 America/Mexico_City] 🔑 Usando API Key: sk_test_J6...
[25-Aug-2026 13:07:43 America/Mexico_City] ⚠️ Producto ID 7 no tiene facturapi_producto_id
[25-Aug-2026 13:07:43 America/Mexico_City] ❌ Error al crear recibo Facturapi: No se encontraron productos válidos para Facturapi.
[25-Aug-2026 13:07:43 America/Mexico_City] 📋 Datos empresa - Plan: premium, Org ID: 6986242e7c56a2008bcd3869, Timbres: 497
[25-Aug-2026 13:07:43 America/Mexico_City] 🔑 Obteniendo API Key de prueba para organización: 6986242e7c56a2008bcd3869
[25-Aug-2026 13:07:44 America/Mexico_City] ✅ API Key de prueba obtenida correctamente
[25-Aug-2026 13:07:44 America/Mexico_City] 💾 API Key de prueba guardada en sistema_config
[25-Aug-2026 13:07:44 America/Mexico_City] ✅ Configuración de Facturapi cargada - Plan: premium, API Key disponible: SÍ
[25-Aug-2026 13:07:44 America/Mexico_City] ✅ Caja encontrada por ID de sesión - ID: 8
[25-Aug-2026 14:01:04 America/Mexico_City] 📋 Datos empresa - Plan: premium, Org ID: , Timbres: 500
[25-Aug-2026 14:01:04 America/Mexico_City] ⚠️ No se puede obtener API Key - Org ID: 
[25-Aug-2026 14:01:04 America/Mexico_City] ✅ Configuración de Facturapi cargada - Plan: premium, API Key disponible: SÍ
[25-Aug-2026 14:01:04 America/Mexico_City] Error al obtener configuración: SQLSTATE[42S22]: Column not found: 1054 Unknown column 'paypal_client_id' in 'field list'
[25-Aug-2026 14:01:04 America/Mexico_City] ✅ Caja encontrada por ID de sesión - ID: 6
[25-Aug-2026 14:01:04 America/Mexico_City] 📋 Datos empresa - Plan: premium, Org ID: , Timbres: 500
[25-Aug-2026 14:01:04 America/Mexico_City] ⚠️ No se puede obtener API Key - Org ID: 
[25-Aug-2026 14:01:04 America/Mexico_City] ✅ Configuración de Facturapi cargada - Plan: premium, API Key disponible: SÍ
[25-Aug-2026 14:01:04 America/Mexico_City] Error al obtener configuración: SQLSTATE[42S22]: Column not found: 1054 Unknown column 'paypal_client_id' in 'field list'
[25-Aug-2026 14:01:04 America/Mexico_City] ✅ Caja encontrada por ID de sesión - ID: 6
[25-Aug-2026 14:01:17 America/Mexico_City] 📋 Datos empresa - Plan: premium, Org ID: , Timbres: 500
[25-Aug-2026 14:01:17 America/Mexico_City] ⚠️ No se puede obtener API Key - Org ID: 
[25-Aug-2026 14:01:17 America/Mexico_City] ✅ Configuración de Facturapi cargada - Plan: premium, API Key disponible: SÍ
[25-Aug-2026 14:01:17 America/Mexico_City] Error al obtener configuración: SQLSTATE[42S22]: Column not found: 1054 Unknown column 'paypal_client_id' in 'field list'
[25-Aug-2026 14:01:17 America/Mexico_City] ✅ Caja encontrada por ID de sesión - ID: 6
[25-Aug-2026 14:01:42 America/Mexico_City] 📋 Datos empresa - Plan: premium, Org ID: , Timbres: 500
[25-Aug-2026 14:01:42 America/Mexico_City] ⚠️ No se puede obtener API Key - Org ID: 
[25-Aug-2026 14:01:42 America/Mexico_City] ✅ Configuración de Facturapi cargada - Plan: premium, API Key disponible: SÍ
[25-Aug-2026 14:01:42 America/Mexico_City] Error al obtener configuración: SQLSTATE[42S22]: Column not found: 1054 Unknown column 'paypal_client_id' in 'field list'
[25-Aug-2026 14:01:42 America/Mexico_City] ✅ Caja encontrada por ID de sesión - ID: 6
[25-Aug-2026 14:01:43 America/Mexico_City] 📋 Datos empresa - Plan: premium, Org ID: , Timbres: 500
[25-Aug-2026 14:01:43 America/Mexico_City] ⚠️ No se puede obtener API Key - Org ID: 
[25-Aug-2026 14:01:43 America/Mexico_City] ✅ Configuración de Facturapi cargada - Plan: premium, API Key disponible: SÍ
[25-Aug-2026 14:01:43 America/Mexico_City] Error al obtener configuración: SQLSTATE[42S22]: Column not found: 1054 Unknown column 'paypal_client_id' in 'field list'
[25-Aug-2026 14:01:43 America/Mexico_City] ✅ Caja encontrada por ID de sesión - ID: 6
[25-Aug-2026 14:02:16 America/Mexico_City] 📋 Datos empresa - Plan: premium, Org ID: , Timbres: 500
[25-Aug-2026 14:02:16 America/Mexico_City] ⚠️ No se puede obtener API Key - Org ID: 
[25-Aug-2026 14:02:16 America/Mexico_City] ✅ Configuración de Facturapi cargada - Plan: premium, API Key disponible: SÍ
[25-Aug-2026 14:02:16 America/Mexico_City] Error al obtener configuración: SQLSTATE[42S22]: Column not found: 1054 Unknown column 'paypal_client_id' in 'field list'
[25-Aug-2026 14:02:16 America/Mexico_City] ✅ Caja encontrada por ID de sesión - ID: 6
[25-Aug-2026 14:02:16 America/Mexico_City] === INICIO PROCESAR PAGO ===
[25-Aug-2026 14:02:16 America/Mexico_City] Plan de empresa: premium
[25-Aug-2026 14:02:16 America/Mexico_City] Timbres disponibles: 500
[25-Aug-2026 14:02:16 America/Mexico_City] ✅ Venta insertada - ID: 86, Código: 20260825140216
[25-Aug-2026 14:02:16 America/Mexico_City] ✅ STOCK ACTUALIZADO - Producto: TRABAJO ESPECIFICO GENERAL PERSONAS FISICAS, Cantidad descontada: 1
[25-Aug-2026 14:02:16 America/Mexico_City] ✅ Caja actualizada correctamente
[25-Aug-2026 14:02:16 America/Mexico_City] 🎯 Plan Premium detectado - Generando recibo Facturapi
[25-Aug-2026 14:02:16 America/Mexico_City] 🔑 Usando API Key: sk_test_3N...
[25-Aug-2026 14:02:16 America/Mexico_City] ⚠️ Producto ID 147 no tiene facturapi_producto_id
[25-Aug-2026 14:02:16 America/Mexico_City] ❌ Error al crear recibo Facturapi: No se encontraron productos válidos para Facturapi.
[25-Aug-2026 14:02:17 America/Mexico_City] 📋 Datos empresa - Plan: premium, Org ID: , Timbres: 500
[25-Aug-2026 14:02:17 America/Mexico_City] ⚠️ No se puede obtener API Key - Org ID: 
[25-Aug-2026 14:02:17 America/Mexico_City] ✅ Configuración de Facturapi cargada - Plan: premium, API Key disponible: SÍ
[25-Aug-2026 14:02:17 America/Mexico_City] Error al obtener configuración: SQLSTATE[42S22]: Column not found: 1054 Unknown column 'paypal_client_id' in 'field list'
[25-Aug-2026 14:02:17 America/Mexico_City] ✅ Caja encontrada por ID de sesión - ID: 6
[25-Aug-2026 14:03:22 America/Mexico_City] 📋 Datos empresa - Plan: premium, Org ID: , Timbres: 500
[25-Aug-2026 14:03:22 America/Mexico_City] ⚠️ No se puede obtener API Key - Org ID: 
[25-Aug-2026 14:03:22 America/Mexico_City] ✅ Configuración de Facturapi cargada - Plan: premium, API Key disponible: SÍ
[25-Aug-2026 14:03:22 America/Mexico_City] Error al obtener configuración: SQLSTATE[42S22]: Column not found: 1054 Unknown column 'paypal_client_id' in 'field list'
[25-Aug-2026 14:03:22 America/Mexico_City] ✅ Caja encontrada por ID de sesión - ID: 6
[25-Aug-2026 14:03:22 America/Mexico_City] 📋 Datos empresa - Plan: premium, Org ID: , Timbres: 500
[25-Aug-2026 14:03:22 America/Mexico_City] ⚠️ No se puede obtener API Key - Org ID: 
[25-Aug-2026 14:03:22 America/Mexico_City] ✅ Configuración de Facturapi cargada - Plan: premium, API Key disponible: SÍ
[25-Aug-2026 14:03:22 America/Mexico_City] Error al obtener configuración: SQLSTATE[42S22]: Column not found: 1054 Unknown column 'paypal_client_id' in 'field list'
[25-Aug-2026 14:03:22 America/Mexico_City] ✅ Caja encontrada por ID de sesión - ID: 6
[25-Aug-2026 14:03:42 America/Mexico_City] 📋 Datos empresa - Plan: premium, Org ID: , Timbres: 500
[25-Aug-2026 14:03:42 America/Mexico_City] ⚠️ No se puede obtener API Key - Org ID: 
[25-Aug-2026 14:03:42 America/Mexico_City] ✅ Configuración de Facturapi cargada - Plan: premium, API Key disponible: SÍ
[25-Aug-2026 14:03:42 America/Mexico_City] Error al obtener configuración: SQLSTATE[42S22]: Column not found: 1054 Unknown column 'paypal_client_id' in 'field list'
[25-Aug-2026 14:03:42 America/Mexico_City] ✅ Caja encontrada por ID de sesión - ID: 6
[25-Aug-2026 14:03:54 America/Mexico_City] 📋 Datos empresa - Plan: premium, Org ID: , Timbres: 500
[25-Aug-2026 14:03:54 America/Mexico_City] ⚠️ No se puede obtener API Key - Org ID: 
[25-Aug-2026 14:03:54 America/Mexico_City] ✅ Configuración de Facturapi cargada - Plan: premium, API Key disponible: SÍ
[25-Aug-2026 14:03:54 America/Mexico_City] Error al obtener configuración: SQLSTATE[42S22]: Column not found: 1054 Unknown column 'paypal_client_id' in 'field list'
[25-Aug-2026 14:03:54 America/Mexico_City] ✅ Caja encontrada por ID de sesión - ID: 6
[25-Aug-2026 14:03:55 America/Mexico_City] 📋 Datos empresa - Plan: premium, Org ID: , Timbres: 500
[25-Aug-2026 14:03:55 America/Mexico_City] ⚠️ No se puede obtener API Key - Org ID: 
[25-Aug-2026 14:03:55 America/Mexico_City] ✅ Configuración de Facturapi cargada - Plan: premium, API Key disponible: SÍ
[25-Aug-2026 14:03:55 America/Mexico_City] Error al obtener configuración: SQLSTATE[42S22]: Column not found: 1054 Unknown column 'paypal_client_id' in 'field list'
[25-Aug-2026 14:03:55 America/Mexico_City] ✅ Caja encontrada por ID de sesión - ID: 6
[25-Aug-2026 14:04:42 America/Mexico_City] 📋 Datos empresa - Plan: premium, Org ID: , Timbres: 500
[25-Aug-2026 14:04:42 America/Mexico_City] ⚠️ No se puede obtener API Key - Org ID: 
[25-Aug-2026 14:04:42 America/Mexico_City] ✅ Configuración de Facturapi cargada - Plan: premium, API Key disponible: SÍ
[25-Aug-2026 14:04:42 America/Mexico_City] Error al obtener configuración: SQLSTATE[42S22]: Column not found: 1054 Unknown column 'paypal_client_id' in 'field list'
[25-Aug-2026 14:04:42 America/Mexico_City] ✅ Caja encontrada por ID de sesión - ID: 6
[25-Aug-2026 14:04:42 America/Mexico_City] === INICIO PROCESAR PAGO ===
[25-Aug-2026 14:04:42 America/Mexico_City] Plan de empresa: premium
[25-Aug-2026 14:04:42 America/Mexico_City] Timbres disponibles: 500
[25-Aug-2026 14:04:42 America/Mexico_City] ✅ Venta insertada - ID: 87, Código: 20260825140442
[25-Aug-2026 14:04:42 America/Mexico_City] ✅ STOCK ACTUALIZADO - Producto: DIVORCIO, Cantidad descontada: 1
[25-Aug-2026 14:04:42 America/Mexico_City] ✅ Caja actualizada correctamente
[25-Aug-2026 14:04:42 America/Mexico_City] 🎯 Plan Premium detectado - Generando recibo Facturapi
[25-Aug-2026 14:04:42 America/Mexico_City] 🔑 Usando API Key: sk_test_3N...
[25-Aug-2026 14:04:42 America/Mexico_City] ⚠️ Producto ID 131 no tiene facturapi_producto_id
[25-Aug-2026 14:04:42 America/Mexico_City] ❌ Error al crear recibo Facturapi: No se encontraron productos válidos para Facturapi.
[25-Aug-2026 14:04:42 America/Mexico_City] 📋 Datos empresa - Plan: premium, Org ID: , Timbres: 500
[25-Aug-2026 14:04:42 America/Mexico_City] ⚠️ No se puede obtener API Key - Org ID: 
[25-Aug-2026 14:04:42 America/Mexico_City] ✅ Configuración de Facturapi cargada - Plan: premium, API Key disponible: SÍ
[25-Aug-2026 14:04:42 America/Mexico_City] Error al obtener configuración: SQLSTATE[42S22]: Column not found: 1054 Unknown column 'paypal_client_id' in 'field list'
[25-Aug-2026 14:04:42 America/Mexico_City] ✅ Caja encontrada por ID de sesión - ID: 6
[25-Aug-2026 14:05:04 America/Mexico_City] 📋 Datos empresa - Plan: premium, Org ID: , Timbres: 500
[25-Aug-2026 14:05:04 America/Mexico_City] ⚠️ No se puede obtener API Key - Org ID: 
[25-Aug-2026 14:05:04 America/Mexico_City] ✅ Configuración de Facturapi cargada - Plan: premium, API Key disponible: SÍ
[25-Aug-2026 14:05:04 America/Mexico_City] Error al obtener configuración: SQLSTATE[42S22]: Column not found: 1054 Unknown column 'paypal_client_id' in 'field list'
[25-Aug-2026 14:05:04 America/Mexico_City] ✅ Caja encontrada por ID de sesión - ID: 6
[25-Aug-2026 14:06:03 America/Mexico_City] 📋 Datos empresa - Plan: premium, Org ID: , Timbres: 500
[25-Aug-2026 14:06:03 America/Mexico_City] ⚠️ No se puede obtener API Key - Org ID: 
[25-Aug-2026 14:06:03 America/Mexico_City] ✅ Configuración de Facturapi cargada - Plan: premium, API Key disponible: SÍ
[25-Aug-2026 14:06:03 America/Mexico_City] Error al obtener configuración: SQLSTATE[42S22]: Column not found: 1054 Unknown column 'paypal_client_id' in 'field list'
[25-Aug-2026 14:06:03 America/Mexico_City] ✅ Caja encontrada por ID de sesión - ID: 6
[25-Aug-2026 14:06:37 America/Mexico_City] 📋 Datos empresa - Plan: premium, Org ID: , Timbres: 500
[25-Aug-2026 14:06:37 America/Mexico_City] ⚠️ No se puede obtener API Key - Org ID: 
[25-Aug-2026 14:06:37 America/Mexico_City] ✅ Configuración de Facturapi cargada - Plan: premium, API Key disponible: SÍ
[25-Aug-2026 14:06:37 America/Mexico_City] Error al obtener configuración: SQLSTATE[42S22]: Column not found: 1054 Unknown column 'paypal_client_id' in 'field list'
[25-Aug-2026 14:06:37 America/Mexico_City] ✅ Caja encontrada por ID de sesión - ID: 6
[25-Aug-2026 14:06:38 America/Mexico_City] 📋 Datos empresa - Plan: premium, Org ID: , Timbres: 500
[25-Aug-2026 14:06:38 America/Mexico_City] ⚠️ No se puede obtener API Key - Org ID: 
[25-Aug-2026 14:06:38 America/Mexico_City] ✅ Configuración de Facturapi cargada - Plan: premium, API Key disponible: SÍ
[25-Aug-2026 14:06:38 America/Mexico_City] Error al obtener configuración: SQLSTATE[42S22]: Column not found: 1054 Unknown column 'paypal_client_id' in 'field list'
[25-Aug-2026 14:06:38 America/Mexico_City] ✅ Caja encontrada por ID de sesión - ID: 6
[25-Aug-2026 14:07:00 America/Mexico_City] 📋 Datos empresa - Plan: premium, Org ID: , Timbres: 500
[25-Aug-2026 14:07:00 America/Mexico_City] ⚠️ No se puede obtener API Key - Org ID: 
[25-Aug-2026 14:07:00 America/Mexico_City] ✅ Configuración de Facturapi cargada - Plan: premium, API Key disponible: SÍ
[25-Aug-2026 14:07:00 America/Mexico_City] Error al obtener configuración: SQLSTATE[42S22]: Column not found: 1054 Unknown column 'paypal_client_id' in 'field list'
[25-Aug-2026 14:07:00 America/Mexico_City] ✅ Caja encontrada por ID de sesión - ID: 6
[25-Aug-2026 14:07:00 America/Mexico_City] === INICIO PROCESAR PAGO ===
[25-Aug-2026 14:07:00 America/Mexico_City] Plan de empresa: premium
[25-Aug-2026 14:07:00 America/Mexico_City] Timbres disponibles: 500
[25-Aug-2026 14:07:00 America/Mexico_City] ✅ Venta insertada - ID: 88, Código: 20260825140700
[25-Aug-2026 14:07:00 America/Mexico_City] ✅ STOCK ACTUALIZADO - Producto: TRABAJO ESPECIFICO DE MARKETING, Cantidad descontada: 1
[25-Aug-2026 14:07:00 America/Mexico_City] ✅ Caja actualizada correctamente
[25-Aug-2026 14:07:00 America/Mexico_City] 🎯 Plan Premium detectado - Generando recibo Facturapi
[25-Aug-2026 14:07:00 America/Mexico_City] 🔑 Usando API Key: sk_test_3N...
[25-Aug-2026 14:07:00 America/Mexico_City] ⚠️ Producto ID 146 no tiene facturapi_producto_id
[25-Aug-2026 14:07:00 America/Mexico_City] ❌ Error al crear recibo Facturapi: No se encontraron productos válidos para Facturapi.
[25-Aug-2026 14:07:00 America/Mexico_City] 📋 Datos empresa - Plan: premium, Org ID: , Timbres: 500
[25-Aug-2026 14:07:00 America/Mexico_City] ⚠️ No se puede obtener API Key - Org ID: 
[25-Aug-2026 14:07:00 America/Mexico_City] ✅ Configuración de Facturapi cargada - Plan: premium, API Key disponible: SÍ
[25-Aug-2026 14:07:00 America/Mexico_City] Error al obtener configuración: SQLSTATE[42S22]: Column not found: 1054 Unknown column 'paypal_client_id' in 'field list'
[25-Aug-2026 14:07:00 America/Mexico_City] ✅ Caja encontrada por ID de sesión - ID: 6
[25-Aug-2026 14:07:40 America/Mexico_City] 📋 Datos empresa - Plan: premium, Org ID: , Timbres: 500
[25-Aug-2026 14:07:40 America/Mexico_City] ⚠️ No se puede obtener API Key - Org ID: 
[25-Aug-2026 14:07:40 America/Mexico_City] ✅ Configuración de Facturapi cargada - Plan: premium, API Key disponible: SÍ
[25-Aug-2026 14:07:40 America/Mexico_City] Error al obtener configuración: SQLSTATE[42S22]: Column not found: 1054 Unknown column 'paypal_client_id' in 'field list'
[25-Aug-2026 14:07:40 America/Mexico_City] ✅ Caja encontrada por ID de sesión - ID: 6
[25-Aug-2026 14:07:40 America/Mexico_City] 📋 Datos empresa - Plan: premium, Org ID: , Timbres: 500
[25-Aug-2026 14:07:40 America/Mexico_City] ⚠️ No se puede obtener API Key - Org ID: 
[25-Aug-2026 14:07:40 America/Mexico_City] ✅ Configuración de Facturapi cargada - Plan: premium, API Key disponible: SÍ
[25-Aug-2026 14:07:40 America/Mexico_City] Error al obtener configuración: SQLSTATE[42S22]: Column not found: 1054 Unknown column 'paypal_client_id' in 'field list'
[25-Aug-2026 14:07:40 America/Mexico_City] ✅ Caja encontrada por ID de sesión - ID: 6
[25-Aug-2026 14:08:00 America/Mexico_City] 📋 Datos empresa - Plan: premium, Org ID: , Timbres: 500
[25-Aug-2026 14:08:00 America/Mexico_City] ⚠️ No se puede obtener API Key - Org ID: 
[25-Aug-2026 14:08:00 America/Mexico_City] ✅ Configuración de Facturapi cargada - Plan: premium, API Key disponible: SÍ
[25-Aug-2026 14:08:00 America/Mexico_City] Error al obtener configuración: SQLSTATE[42S22]: Column not found: 1054 Unknown column 'paypal_client_id' in 'field list'
[25-Aug-2026 14:08:00 America/Mexico_City] ✅ Caja encontrada por ID de sesión - ID: 6
[25-Aug-2026 14:08:10 America/Mexico_City] 📋 Datos empresa - Plan: premium, Org ID: , Timbres: 500
[25-Aug-2026 14:08:10 America/Mexico_City] ⚠️ No se puede obtener API Key - Org ID: 
[25-Aug-2026 14:08:10 America/Mexico_City] ✅ Configuración de Facturapi cargada - Plan: premium, API Key disponible: SÍ
[25-Aug-2026 14:08:10 America/Mexico_City] Error al obtener configuración: SQLSTATE[42S22]: Column not found: 1054 Unknown column 'paypal_client_id' in 'field list'
[25-Aug-2026 14:08:10 America/Mexico_City] ✅ Caja encontrada por ID de sesión - ID: 6
[25-Aug-2026 14:08:11 America/Mexico_City] 📋 Datos empresa - Plan: premium, Org ID: , Timbres: 500
[25-Aug-2026 14:08:11 America/Mexico_City] ⚠️ No se puede obtener API Key - Org ID: 
[25-Aug-2026 14:08:11 America/Mexico_City] ✅ Configuración de Facturapi cargada - Plan: premium, API Key disponible: SÍ
[25-Aug-2026 14:08:11 America/Mexico_City] Error al obtener configuración: SQLSTATE[42S22]: Column not found: 1054 Unknown column 'paypal_client_id' in 'field list'
[25-Aug-2026 14:08:11 America/Mexico_City] ✅ Caja encontrada por ID de sesión - ID: 6
[25-Aug-2026 14:08:52 America/Mexico_City] 📋 Datos empresa - Plan: premium, Org ID: , Timbres: 500
[25-Aug-2026 14:08:52 America/Mexico_City] ⚠️ No se puede obtener API Key - Org ID: 
[25-Aug-2026 14:08:52 America/Mexico_City] ✅ Configuración de Facturapi cargada - Plan: premium, API Key disponible: SÍ
[25-Aug-2026 14:08:52 America/Mexico_City] Error al obtener configuración: SQLSTATE[42S22]: Column not found: 1054 Unknown column 'paypal_client_id' in 'field list'
[25-Aug-2026 14:08:52 America/Mexico_City] ✅ Caja encontrada por ID de sesión - ID: 6
[25-Aug-2026 14:08:52 America/Mexico_City] === INICIO PROCESAR PAGO ===
[25-Aug-2026 14:08:52 America/Mexico_City] Plan de empresa: premium
[25-Aug-2026 14:08:52 America/Mexico_City] Timbres disponibles: 500
[25-Aug-2026 14:08:52 America/Mexico_City] ✅ Venta insertada - ID: 89, Código: 20260825140852
[25-Aug-2026 14:08:52 America/Mexico_City] ✅ STOCK ACTUALIZADO - Producto: JUICIOS, Cantidad descontada: 1
[25-Aug-2026 14:08:52 America/Mexico_City] ✅ Caja actualizada correctamente
[25-Aug-2026 14:08:52 America/Mexico_City] 🎯 Plan Premium detectado - Generando recibo Facturapi
[25-Aug-2026 14:08:52 America/Mexico_City] 🔑 Usando API Key: sk_test_3N...
[25-Aug-2026 14:08:52 America/Mexico_City] ⚠️ Producto ID 133 no tiene facturapi_producto_id
[25-Aug-2026 14:08:52 America/Mexico_City] ❌ Error al crear recibo Facturapi: No se encontraron productos válidos para Facturapi.
[25-Aug-2026 14:08:52 America/Mexico_City] 📋 Datos empresa - Plan: premium, Org ID: , Timbres: 500
[25-Aug-2026 14:08:52 America/Mexico_City] ⚠️ No se puede obtener API Key - Org ID: 
[25-Aug-2026 14:08:52 America/Mexico_City] ✅ Configuración de Facturapi cargada - Plan: premium, API Key disponible: SÍ
[25-Aug-2026 14:08:52 America/Mexico_City] Error al obtener configuración: SQLSTATE[42S22]: Column not found: 1054 Unknown column 'paypal_client_id' in 'field list'
[25-Aug-2026 14:08:52 America/Mexico_City] ✅ Caja encontrada por ID de sesión - ID: 6
[25-Aug-2026 14:11:49 America/Mexico_City] 📋 Datos empresa - Plan: premium, Org ID: , Timbres: 500
[25-Aug-2026 14:11:49 America/Mexico_City] ⚠️ No se puede obtener API Key - Org ID: 
[25-Aug-2026 14:11:49 America/Mexico_City] ✅ Configuración de Facturapi cargada - Plan: premium, API Key disponible: SÍ
[25-Aug-2026 14:11:49 America/Mexico_City] Error al obtener configuración: SQLSTATE[42S22]: Column not found: 1054 Unknown column 'paypal_client_id' in 'field list'
[25-Aug-2026 14:11:49 America/Mexico_City] ✅ Caja encontrada por ID de sesión - ID: 6
[25-Aug-2026 14:11:49 America/Mexico_City] 📋 Datos empresa - Plan: premium, Org ID: , Timbres: 500
[25-Aug-2026 14:11:49 America/Mexico_City] ⚠️ No se puede obtener API Key - Org ID: 
[25-Aug-2026 14:11:49 America/Mexico_City] ✅ Configuración de Facturapi cargada - Plan: premium, API Key disponible: SÍ
[25-Aug-2026 14:11:49 America/Mexico_City] Error al obtener configuración: SQLSTATE[42S22]: Column not found: 1054 Unknown column 'paypal_client_id' in 'field list'
[25-Aug-2026 14:11:49 America/Mexico_City] ✅ Caja encontrada por ID de sesión - ID: 6
[25-Aug-2026 14:12:23 America/Mexico_City] 📋 Datos empresa - Plan: premium, Org ID: , Timbres: 500
[25-Aug-2026 14:12:23 America/Mexico_City] ⚠️ No se puede obtener API Key - Org ID: 
[25-Aug-2026 14:12:23 America/Mexico_City] ✅ Configuración de Facturapi cargada - Plan: premium, API Key disponible: SÍ
[25-Aug-2026 14:12:23 America/Mexico_City] Error al obtener configuración: SQLSTATE[42S22]: Column not found: 1054 Unknown column 'paypal_client_id' in 'field list'
[25-Aug-2026 14:12:23 America/Mexico_City] ✅ Caja encontrada por ID de sesión - ID: 6
[25-Aug-2026 14:12:30 America/Mexico_City] 📋 Datos empresa - Plan: premium, Org ID: , Timbres: 500
[25-Aug-2026 14:12:30 America/Mexico_City] ⚠️ No se puede obtener API Key - Org ID: 
[25-Aug-2026 14:12:30 America/Mexico_City] ✅ Configuración de Facturapi cargada - Plan: premium, API Key disponible: SÍ
[25-Aug-2026 14:12:30 America/Mexico_City] Error al obtener configuración: SQLSTATE[42S22]: Column not found: 1054 Unknown column 'paypal_client_id' in 'field list'
[25-Aug-2026 14:12:30 America/Mexico_City] ✅ Caja encontrada por ID de sesión - ID: 6
[25-Aug-2026 14:12:32 America/Mexico_City] 📋 Datos empresa - Plan: premium, Org ID: , Timbres: 500
[25-Aug-2026 14:12:32 America/Mexico_City] ⚠️ No se puede obtener API Key - Org ID: 
[25-Aug-2026 14:12:32 America/Mexico_City] ✅ Configuración de Facturapi cargada - Plan: premium, API Key disponible: SÍ
[25-Aug-2026 14:12:32 America/Mexico_City] Error al obtener configuración: SQLSTATE[42S22]: Column not found: 1054 Unknown column 'paypal_client_id' in 'field list'
[25-Aug-2026 14:12:32 America/Mexico_City] ✅ Caja encontrada por ID de sesión - ID: 6
[25-Aug-2026 14:13:05 America/Mexico_City] 📋 Datos empresa - Plan: premium, Org ID: , Timbres: 500
[25-Aug-2026 14:13:05 America/Mexico_City] ⚠️ No se puede obtener API Key - Org ID: 
[25-Aug-2026 14:13:05 America/Mexico_City] ✅ Configuración de Facturapi cargada - Plan: premium, API Key disponible: SÍ
[25-Aug-2026 14:13:05 America/Mexico_City] Error al obtener configuración: SQLSTATE[42S22]: Column not found: 1054 Unknown column 'paypal_client_id' in 'field list'
[25-Aug-2026 14:13:05 America/Mexico_City] ✅ Caja encontrada por ID de sesión - ID: 6
[25-Aug-2026 14:13:05 America/Mexico_City] === INICIO PROCESAR PAGO ===
[25-Aug-2026 14:13:05 America/Mexico_City] Plan de empresa: premium
[25-Aug-2026 14:13:05 America/Mexico_City] Timbres disponibles: 500
[25-Aug-2026 14:13:05 America/Mexico_City] ✅ Venta insertada - ID: 90, Código: 20260825141305
[25-Aug-2026 14:13:05 America/Mexico_City] ✅ STOCK ACTUALIZADO - Producto: TRABAJO ESPECIFICO SERVICIO LEGAL, Cantidad descontada: 1
[25-Aug-2026 14:13:05 America/Mexico_City] ✅ Caja actualizada correctamente
[25-Aug-2026 14:13:05 America/Mexico_City] 🎯 Plan Premium detectado - Generando recibo Facturapi
[25-Aug-2026 14:13:05 America/Mexico_City] 🔑 Usando API Key: sk_test_3N...
[25-Aug-2026 14:13:05 America/Mexico_City] ⚠️ Producto ID 136 no tiene facturapi_producto_id
[25-Aug-2026 14:13:05 America/Mexico_City] ❌ Error al crear recibo Facturapi: No se encontraron productos válidos para Facturapi.
[25-Aug-2026 14:13:05 America/Mexico_City] 📋 Datos empresa - Plan: premium, Org ID: , Timbres: 500
[25-Aug-2026 14:13:05 America/Mexico_City] ⚠️ No se puede obtener API Key - Org ID: 
[25-Aug-2026 14:13:05 America/Mexico_City] ✅ Configuración de Facturapi cargada - Plan: premium, API Key disponible: SÍ
[25-Aug-2026 14:13:05 America/Mexico_City] Error al obtener configuración: SQLSTATE[42S22]: Column not found: 1054 Unknown column 'paypal_client_id' in 'field list'
[25-Aug-2026 14:13:05 America/Mexico_City] ✅ Caja encontrada por ID de sesión - ID: 6
[25-Aug-2026 14:13:30 America/Mexico_City] 📋 Datos empresa - Plan: premium, Org ID: , Timbres: 500
[25-Aug-2026 14:13:30 America/Mexico_City] ⚠️ No se puede obtener API Key - Org ID: 
[25-Aug-2026 14:13:30 America/Mexico_City] ✅ Configuración de Facturapi cargada - Plan: premium, API Key disponible: SÍ
[25-Aug-2026 14:13:30 America/Mexico_City] Error al obtener configuración: SQLSTATE[42S22]: Column not found: 1054 Unknown column 'paypal_client_id' in 'field list'
[25-Aug-2026 14:13:30 America/Mexico_City] ✅ Caja encontrada por ID de sesión - ID: 6
[25-Aug-2026 14:13:53 America/Mexico_City] 📋 Datos empresa - Plan: premium, Org ID: , Timbres: 500
[25-Aug-2026 14:13:53 America/Mexico_City] ⚠️ No se puede obtener API Key - Org ID: 
[25-Aug-2026 14:13:53 America/Mexico_City] ✅ Configuración de Facturapi cargada - Plan: premium, API Key disponible: SÍ
[25-Aug-2026 14:13:53 America/Mexico_City] Error al obtener configuración: SQLSTATE[42S22]: Column not found: 1054 Unknown column 'paypal_client_id' in 'field list'
[25-Aug-2026 14:13:53 America/Mexico_City] ✅ Caja encontrada por ID de sesión - ID: 6
[25-Aug-2026 14:14:33 America/Mexico_City] 📋 Datos empresa - Plan: premium, Org ID: , Timbres: 500
[25-Aug-2026 14:14:33 America/Mexico_City] ⚠️ No se puede obtener API Key - Org ID: 
[25-Aug-2026 14:14:33 America/Mexico_City] ✅ Configuración de Facturapi cargada - Plan: premium, API Key disponible: SÍ
[25-Aug-2026 14:14:33 America/Mexico_City] Error al obtener configuración: SQLSTATE[42S22]: Column not found: 1054 Unknown column 'paypal_client_id' in 'field list'
[25-Aug-2026 14:14:33 America/Mexico_City] ✅ Caja encontrada por ID de sesión - ID: 6
[25-Aug-2026 14:14:34 America/Mexico_City] 📋 Datos empresa - Plan: premium, Org ID: , Timbres: 500
[25-Aug-2026 14:14:34 America/Mexico_City] ⚠️ No se puede obtener API Key - Org ID: 
[25-Aug-2026 14:14:34 America/Mexico_City] ✅ Configuración de Facturapi cargada - Plan: premium, API Key disponible: SÍ
[25-Aug-2026 14:14:34 America/Mexico_City] Error al obtener configuración: SQLSTATE[42S22]: Column not found: 1054 Unknown column 'paypal_client_id' in 'field list'
[25-Aug-2026 14:14:34 America/Mexico_City] ✅ Caja encontrada por ID de sesión - ID: 6
[25-Aug-2026 14:18:09 America/Mexico_City] 📋 Datos empresa - Plan: premium, Org ID: , Timbres: 500
[25-Aug-2026 14:18:09 America/Mexico_City] ⚠️ No se puede obtener API Key - Org ID: 
[25-Aug-2026 14:18:09 America/Mexico_City] ✅ Configuración de Facturapi cargada - Plan: premium, API Key disponible: SÍ
[25-Aug-2026 14:18:09 America/Mexico_City] Error al obtener configuración: SQLSTATE[42S22]: Column not found: 1054 Unknown column 'paypal_client_id' in 'field list'
[25-Aug-2026 14:18:09 America/Mexico_City] ✅ Caja encontrada por ID de sesión - ID: 6
[25-Aug-2026 14:18:09 America/Mexico_City] === INICIO PROCESAR PAGO ===
[25-Aug-2026 14:18:09 America/Mexico_City] Plan de empresa: premium
[25-Aug-2026 14:18:09 America/Mexico_City] Timbres disponibles: 500
[25-Aug-2026 14:18:09 America/Mexico_City] ✅ Venta insertada - ID: 91, Código: 20260825141809
[25-Aug-2026 14:18:09 America/Mexico_City] ✅ STOCK ACTUALIZADO - Producto: TRABAJO ESPECIFICO SERVICIO LEGAL, Cantidad descontada: 1
[25-Aug-2026 14:18:09 America/Mexico_City] ✅ Caja actualizada correctamente
[25-Aug-2026 14:18:09 America/Mexico_City] 🎯 Plan Premium detectado - Generando recibo Facturapi
[25-Aug-2026 14:18:09 America/Mexico_City] 🔑 Usando API Key: sk_test_3N...
[25-Aug-2026 14:18:09 America/Mexico_City] ⚠️ Producto ID 136 no tiene facturapi_producto_id
[25-Aug-2026 14:18:09 America/Mexico_City] ❌ Error al crear recibo Facturapi: No se encontraron productos válidos para Facturapi.
[25-Aug-2026 14:18:09 America/Mexico_City] 📋 Datos empresa - Plan: premium, Org ID: , Timbres: 500
[25-Aug-2026 14:18:09 America/Mexico_City] ⚠️ No se puede obtener API Key - Org ID: 
[25-Aug-2026 14:18:09 America/Mexico_City] ✅ Configuración de Facturapi cargada - Plan: premium, API Key disponible: SÍ
[25-Aug-2026 14:18:09 America/Mexico_City] Error al obtener configuración: SQLSTATE[42S22]: Column not found: 1054 Unknown column 'paypal_client_id' in 'field list'
[25-Aug-2026 14:18:09 America/Mexico_City] ✅ Caja encontrada por ID de sesión - ID: 6
[25-Aug-2026 14:18:34 America/Mexico_City] 📋 Datos empresa - Plan: premium, Org ID: , Timbres: 500
[25-Aug-2026 14:18:34 America/Mexico_City] ⚠️ No se puede obtener API Key - Org ID: 
[25-Aug-2026 14:18:34 America/Mexico_City] ✅ Configuración de Facturapi cargada - Plan: premium, API Key disponible: SÍ
[25-Aug-2026 14:18:34 America/Mexico_City] Error al obtener configuración: SQLSTATE[42S22]: Column not found: 1054 Unknown column 'paypal_client_id' in 'field list'
[25-Aug-2026 14:18:34 America/Mexico_City] ✅ Caja encontrada por ID de sesión - ID: 6
[25-Aug-2026 14:19:27 America/Mexico_City] 📋 Datos empresa - Plan: premium, Org ID: , Timbres: 500
[25-Aug-2026 14:19:27 America/Mexico_City] ⚠️ No se puede obtener API Key - Org ID: 
[25-Aug-2026 14:19:27 America/Mexico_City] ✅ Configuración de Facturapi cargada - Plan: premium, API Key disponible: SÍ
[25-Aug-2026 14:19:27 America/Mexico_City] Error al obtener configuración: SQLSTATE[42S22]: Column not found: 1054 Unknown column 'paypal_client_id' in 'field list'
[25-Aug-2026 14:19:27 America/Mexico_City] ✅ Caja encontrada por ID de sesión - ID: 6
[25-Aug-2026 14:19:35 America/Mexico_City] 📋 Datos empresa - Plan: premium, Org ID: , Timbres: 500
[25-Aug-2026 14:19:35 America/Mexico_City] ⚠️ No se puede obtener API Key - Org ID: 
[25-Aug-2026 14:19:35 America/Mexico_City] ✅ Configuración de Facturapi cargada - Plan: premium, API Key disponible: SÍ
[25-Aug-2026 14:19:35 America/Mexico_City] Error al obtener configuración: SQLSTATE[42S22]: Column not found: 1054 Unknown column 'paypal_client_id' in 'field list'
[25-Aug-2026 14:19:35 America/Mexico_City] ✅ Caja encontrada por ID de sesión - ID: 6
[25-Aug-2026 14:19:36 America/Mexico_City] 📋 Datos empresa - Plan: premium, Org ID: , Timbres: 500
[25-Aug-2026 14:19:36 America/Mexico_City] ⚠️ No se puede obtener API Key - Org ID: 
[25-Aug-2026 14:19:36 America/Mexico_City] ✅ Configuración de Facturapi cargada - Plan: premium, API Key disponible: SÍ
[25-Aug-2026 14:19:36 America/Mexico_City] Error al obtener configuración: SQLSTATE[42S22]: Column not found: 1054 Unknown column 'paypal_client_id' in 'field list'
[25-Aug-2026 14:19:36 America/Mexico_City] ✅ Caja encontrada por ID de sesión - ID: 6
[25-Aug-2026 14:20:48 America/Mexico_City] 📋 Datos empresa - Plan: premium, Org ID: , Timbres: 500
[25-Aug-2026 14:20:48 America/Mexico_City] ⚠️ No se puede obtener API Key - Org ID: 
[25-Aug-2026 14:20:48 America/Mexico_City] ✅ Configuración de Facturapi cargada - Plan: premium, API Key disponible: SÍ
[25-Aug-2026 14:20:48 America/Mexico_City] Error al obtener configuración: SQLSTATE[42S22]: Column not found: 1054 Unknown column 'paypal_client_id' in 'field list'
[25-Aug-2026 14:20:48 America/Mexico_City] ✅ Caja encontrada por ID de sesión - ID: 6
[25-Aug-2026 14:20:48 America/Mexico_City] === INICIO PROCESAR PAGO ===
[25-Aug-2026 14:20:48 America/Mexico_City] Plan de empresa: premium
[25-Aug-2026 14:20:48 America/Mexico_City] Timbres disponibles: 500
[25-Aug-2026 14:20:48 America/Mexico_City] ✅ Venta insertada - ID: 92, Código: 20260825142048
[25-Aug-2026 14:20:48 America/Mexico_City] ✅ STOCK ACTUALIZADO - Producto: JUICIOS, Cantidad descontada: 1
[25-Aug-2026 14:20:48 America/Mexico_City] ✅ Caja actualizada correctamente
[25-Aug-2026 14:20:48 America/Mexico_City] 🎯 Plan Premium detectado - Generando recibo Facturapi
[25-Aug-2026 14:20:48 America/Mexico_City] 🔑 Usando API Key: sk_test_3N...
[25-Aug-2026 14:20:48 America/Mexico_City] ⚠️ Producto ID 133 no tiene facturapi_producto_id
[25-Aug-2026 14:20:48 America/Mexico_City] ❌ Error al crear recibo Facturapi: No se encontraron productos válidos para Facturapi.
[25-Aug-2026 14:20:48 America/Mexico_City] 📋 Datos empresa - Plan: premium, Org ID: , Timbres: 500
[25-Aug-2026 14:20:48 America/Mexico_City] ⚠️ No se puede obtener API Key - Org ID: 
[25-Aug-2026 14:20:48 America/Mexico_City] ✅ Configuración de Facturapi cargada - Plan: premium, API Key disponible: SÍ
[25-Aug-2026 14:20:48 America/Mexico_City] Error al obtener configuración: SQLSTATE[42S22]: Column not found: 1054 Unknown column 'paypal_client_id' in 'field list'
[25-Aug-2026 14:20:48 America/Mexico_City] ✅ Caja encontrada por ID de sesión - ID: 6
[26-Aug-2026 17:08:22 America/Mexico_City] 📋 Datos empresa - Plan: premium, Org ID: , Timbres: 500
[26-Aug-2026 17:08:22 America/Mexico_City] ⚠️ No se puede obtener API Key - Org ID: 
[26-Aug-2026 17:08:22 America/Mexico_City] ✅ Configuración de Facturapi cargada - Plan: premium, API Key disponible: SÍ
[26-Aug-2026 17:08:22 America/Mexico_City] Error al obtener configuración: SQLSTATE[42S22]: Column not found: 1054 Unknown column 'paypal_client_id' in 'field list'
[26-Aug-2026 17:08:22 America/Mexico_City] Buscando caja por usuario/sucursal...
[26-Aug-2026 17:08:22 America/Mexico_City] ✅ Caja encontrada por usuario/sucursal - ID: 6
[26-Aug-2026 17:08:32 America/Mexico_City] 📋 Datos empresa - Plan: premium, Org ID: , Timbres: 500
[26-Aug-2026 17:08:32 America/Mexico_City] ⚠️ No se puede obtener API Key - Org ID: 
[26-Aug-2026 17:08:32 America/Mexico_City] ✅ Configuración de Facturapi cargada - Plan: premium, API Key disponible: SÍ
[26-Aug-2026 17:08:32 America/Mexico_City] Error al obtener configuración: SQLSTATE[42S22]: Column not found: 1054 Unknown column 'paypal_client_id' in 'field list'
[26-Aug-2026 17:08:32 America/Mexico_City] ✅ Caja encontrada por ID de sesión - ID: 6
[26-Aug-2026 17:16:20 America/Mexico_City] 📋 Datos empresa - Plan: premium, Org ID: , Timbres: 500
[26-Aug-2026 17:16:20 America/Mexico_City] ⚠️ No se puede obtener API Key - Org ID: 
[26-Aug-2026 17:16:20 America/Mexico_City] ✅ Configuración de Facturapi cargada - Plan: premium, API Key disponible: SÍ
[26-Aug-2026 17:16:20 America/Mexico_City] Error al obtener configuración: SQLSTATE[42S22]: Column not found: 1054 Unknown column 'paypal_client_id' in 'field list'
[26-Aug-2026 17:16:20 America/Mexico_City] ✅ Caja encontrada por ID de sesión - ID: 6
[26-Aug-2026 17:50:51 America/Mexico_City] 📋 Datos empresa - Plan: premium, Org ID: 6986242e7c56a2008bcd3869, Timbres: 497
[26-Aug-2026 17:50:51 America/Mexico_City] 🔑 Obteniendo API Key de prueba para organización: 6986242e7c56a2008bcd3869
[26-Aug-2026 17:50:51 America/Mexico_City] ✅ API Key de prueba obtenida correctamente
[26-Aug-2026 17:50:51 America/Mexico_City] 💾 API Key de prueba guardada en sistema_config
[26-Aug-2026 17:50:51 America/Mexico_City] ✅ Configuración de Facturapi cargada - Plan: premium, API Key disponible: SÍ
[26-Aug-2026 17:50:51 America/Mexico_City] Buscando caja por usuario/sucursal...
[26-Aug-2026 17:50:51 America/Mexico_City] ✅ Caja encontrada por usuario/sucursal - ID: 8
[26-Aug-2026 17:50:54 America/Mexico_City] 📋 Datos empresa - Plan: premium, Org ID: 6986242e7c56a2008bcd3869, Timbres: 497
[26-Aug-2026 17:50:54 America/Mexico_City] 🔑 Obteniendo API Key de prueba para organización: 6986242e7c56a2008bcd3869
[26-Aug-2026 17:50:54 America/Mexico_City] ✅ API Key de prueba obtenida correctamente
[26-Aug-2026 17:50:54 America/Mexico_City] 💾 API Key de prueba guardada en sistema_config
[26-Aug-2026 17:50:54 America/Mexico_City] ✅ Configuración de Facturapi cargada - Plan: premium, API Key disponible: SÍ
[26-Aug-2026 17:50:54 America/Mexico_City] ✅ Caja encontrada por ID de sesión - ID: 8
[26-Aug-2026 17:50:59 America/Mexico_City] 📋 Datos empresa - Plan: premium, Org ID: 6986242e7c56a2008bcd3869, Timbres: 497
[26-Aug-2026 17:50:59 America/Mexico_City] 🔑 Obteniendo API Key de prueba para organización: 6986242e7c56a2008bcd3869
[26-Aug-2026 17:51:00 America/Mexico_City] ✅ API Key de prueba obtenida correctamente
[26-Aug-2026 17:51:00 America/Mexico_City] 💾 API Key de prueba guardada en sistema_config
[26-Aug-2026 17:51:00 America/Mexico_City] ✅ Configuración de Facturapi cargada - Plan: premium, API Key disponible: SÍ
[26-Aug-2026 17:51:00 America/Mexico_City] ✅ Caja encontrada por ID de sesión - ID: 8
[26-Aug-2026 17:51:04 America/Mexico_City] 📋 Datos empresa - Plan: premium, Org ID: 6986242e7c56a2008bcd3869, Timbres: 497
[26-Aug-2026 17:51:04 America/Mexico_City] 🔑 Obteniendo API Key de prueba para organización: 6986242e7c56a2008bcd3869
[26-Aug-2026 17:51:04 America/Mexico_City] ✅ API Key de prueba obtenida correctamente
[26-Aug-2026 17:51:04 America/Mexico_City] 💾 API Key de prueba guardada en sistema_config
[26-Aug-2026 17:51:04 America/Mexico_City] ✅ Configuración de Facturapi cargada - Plan: premium, API Key disponible: SÍ
[26-Aug-2026 17:51:04 America/Mexico_City] ✅ Caja encontrada por ID de sesión - ID: 8
[26-Aug-2026 17:51:04 America/Mexico_City] === INICIO PROCESAR PAGO ===
[26-Aug-2026 17:51:04 America/Mexico_City] Plan de empresa: premium
[26-Aug-2026 17:51:04 America/Mexico_City] Timbres disponibles: 497
[26-Aug-2026 17:51:04 America/Mexico_City] ✅ Venta insertada - ID: 187, Código: 20260826175104
[26-Aug-2026 17:51:04 America/Mexico_City] ✅ STOCK ACTUALIZADO - Producto: Coca cola lata, Cantidad descontada: 1
[26-Aug-2026 17:51:04 America/Mexico_City] ✅ Caja actualizada correctamente
[26-Aug-2026 17:51:04 America/Mexico_City] ✅ Gasto automático registrado para la venta 187 - Monto: 20
[26-Aug-2026 17:51:04 America/Mexico_City] 🎯 Plan Premium detectado - Generando recibo Facturapi
[26-Aug-2026 17:51:04 America/Mexico_City] 🔑 Usando API Key: sk_test_J6...
[26-Aug-2026 17:51:04 America/Mexico_City] ⚠️ Producto ID 15 no tiene facturapi_producto_id
[26-Aug-2026 17:51:04 America/Mexico_City] ❌ Error al crear recibo Facturapi: No se encontraron productos válidos para Facturapi.
[26-Aug-2026 17:51:05 America/Mexico_City] 📋 Datos empresa - Plan: premium, Org ID: 6986242e7c56a2008bcd3869, Timbres: 497
[26-Aug-2026 17:51:05 America/Mexico_City] 🔑 Obteniendo API Key de prueba para organización: 6986242e7c56a2008bcd3869
[26-Aug-2026 17:51:05 America/Mexico_City] ✅ API Key de prueba obtenida correctamente
[26-Aug-2026 17:51:05 America/Mexico_City] 💾 API Key de prueba guardada en sistema_config
[26-Aug-2026 17:51:05 America/Mexico_City] ✅ Configuración de Facturapi cargada - Plan: premium, API Key disponible: SÍ
[26-Aug-2026 17:51:05 America/Mexico_City] ✅ Caja encontrada por ID de sesión - ID: 8
[26-Aug-2026 17:52:17 America/Mexico_City] 📋 Datos empresa - Plan: premium, Org ID: 6986242e7c56a2008bcd3869, Timbres: 497
[26-Aug-2026 17:52:17 America/Mexico_City] 🔑 Obteniendo API Key de prueba para organización: 6986242e7c56a2008bcd3869
[26-Aug-2026 17:52:17 America/Mexico_City] ✅ API Key de prueba obtenida correctamente
[26-Aug-2026 17:52:17 America/Mexico_City] 💾 API Key de prueba guardada en sistema_config
[26-Aug-2026 17:52:17 America/Mexico_City] ✅ Configuración de Facturapi cargada - Plan: premium, API Key disponible: SÍ
[26-Aug-2026 17:52:17 America/Mexico_City] ✅ Caja encontrada por ID de sesión - ID: 8
[26-Aug-2026 17:52:20 America/Mexico_City] 📋 Datos empresa - Plan: premium, Org ID: 6986242e7c56a2008bcd3869, Timbres: 497
[26-Aug-2026 17:52:20 America/Mexico_City] 🔑 Obteniendo API Key de prueba para organización: 6986242e7c56a2008bcd3869
[26-Aug-2026 17:52:20 America/Mexico_City] ✅ API Key de prueba obtenida correctamente
[26-Aug-2026 17:52:20 America/Mexico_City] 💾 API Key de prueba guardada en sistema_config
[26-Aug-2026 17:52:20 America/Mexico_City] ✅ Configuración de Facturapi cargada - Plan: premium, API Key disponible: SÍ
[26-Aug-2026 17:52:20 America/Mexico_City] ✅ Caja encontrada por ID de sesión - ID: 8
[26-Aug-2026 17:52:20 America/Mexico_City] 📋 Datos empresa - Plan: premium, Org ID: 6986242e7c56a2008bcd3869, Timbres: 497
[26-Aug-2026 17:52:20 America/Mexico_City] 🔑 Obteniendo API Key de prueba para organización: 6986242e7c56a2008bcd3869
[26-Aug-2026 17:52:20 America/Mexico_City] ✅ API Key de prueba obtenida correctamente
[26-Aug-2026 17:52:20 America/Mexico_City] 💾 API Key de prueba guardada en sistema_config
[26-Aug-2026 17:52:20 America/Mexico_City] ✅ Configuración de Facturapi cargada - Plan: premium, API Key disponible: SÍ
[26-Aug-2026 17:52:20 America/Mexico_City] ✅ Caja encontrada por ID de sesión - ID: 8
[26-Aug-2026 17:52:28 America/Mexico_City] 📋 Datos empresa - Plan: premium, Org ID: 6986242e7c56a2008bcd3869, Timbres: 497
[26-Aug-2026 17:52:28 America/Mexico_City] 🔑 Obteniendo API Key de prueba para organización: 6986242e7c56a2008bcd3869
[26-Aug-2026 17:52:28 America/Mexico_City] ✅ API Key de prueba obtenida correctamente
[26-Aug-2026 17:52:28 America/Mexico_City] 💾 API Key de prueba guardada en sistema_config
[26-Aug-2026 17:52:28 America/Mexico_City] ✅ Configuración de Facturapi cargada - Plan: premium, API Key disponible: SÍ
[26-Aug-2026 17:52:28 America/Mexico_City] ✅ Caja encontrada por ID de sesión - ID: 8
[26-Aug-2026 17:52:28 America/Mexico_City] === INICIO PROCESAR PAGO ===
[26-Aug-2026 17:52:28 America/Mexico_City] Plan de empresa: premium
[26-Aug-2026 17:52:28 America/Mexico_City] Timbres disponibles: 497
[26-Aug-2026 17:52:28 America/Mexico_City] ✅ Venta insertada - ID: 188, Código: 20260826175228
[26-Aug-2026 17:52:28 America/Mexico_City] ✅ STOCK ACTUALIZADO - Producto: Marianitas Nuez, Cantidad descontada: 1
[26-Aug-2026 17:52:28 America/Mexico_City] ✅ STOCK ACTUALIZADO - Producto: Limpia Pizarrones Magistral, Cantidad descontada: 1
[26-Aug-2026 17:52:28 America/Mexico_City] ✅ Caja actualizada correctamente
[26-Aug-2026 17:52:28 America/Mexico_City] ✅ Gasto automático registrado para la venta 188 - Monto: 82
[26-Aug-2026 17:52:28 America/Mexico_City] 🎯 Plan Premium detectado - Generando recibo Facturapi
[26-Aug-2026 17:52:28 America/Mexico_City] 🔑 Usando API Key: sk_test_J6...
[26-Aug-2026 17:52:28 America/Mexico_City] ⚠️ Producto ID 16 no tiene facturapi_producto_id
[26-Aug-2026 17:52:28 America/Mexico_City] ⚠️ Producto ID 2 no tiene facturapi_producto_id
[26-Aug-2026 17:52:28 America/Mexico_City] ❌ Error al crear recibo Facturapi: No se encontraron productos válidos para Facturapi.
[26-Aug-2026 17:52:28 America/Mexico_City] 📋 Datos empresa - Plan: premium, Org ID: 6986242e7c56a2008bcd3869, Timbres: 497
[26-Aug-2026 17:52:28 America/Mexico_City] 🔑 Obteniendo API Key de prueba para organización: 6986242e7c56a2008bcd3869
[26-Aug-2026 17:52:29 America/Mexico_City] ✅ API Key de prueba obtenida correctamente
[26-Aug-2026 17:52:29 America/Mexico_City] 💾 API Key de prueba guardada en sistema_config
[26-Aug-2026 17:52:29 America/Mexico_City] ✅ Configuración de Facturapi cargada - Plan: premium, API Key disponible: SÍ
[26-Aug-2026 17:52:29 America/Mexico_City] ✅ Caja encontrada por ID de sesión - ID: 8
[26-Aug-2026 17:53:01 America/Mexico_City] 📋 Datos empresa - Plan: premium, Org ID: 6986242e7c56a2008bcd3869, Timbres: 497
[26-Aug-2026 17:53:01 America/Mexico_City] 🔑 Obteniendo API Key de prueba para organización: 6986242e7c56a2008bcd3869
[26-Aug-2026 17:53:01 America/Mexico_City] ✅ API Key de prueba obtenida correctamente
[26-Aug-2026 17:53:01 America/Mexico_City] 💾 API Key de prueba guardada en sistema_config
[26-Aug-2026 17:53:01 America/Mexico_City] ✅ Configuración de Facturapi cargada - Plan: premium, API Key disponible: SÍ
[26-Aug-2026 17:53:01 America/Mexico_City] ✅ Caja encontrada por ID de sesión - ID: 8
[26-Aug-2026 17:53:03 America/Mexico_City] 📋 Datos empresa - Plan: premium, Org ID: 6986242e7c56a2008bcd3869, Timbres: 497
[26-Aug-2026 17:53:03 America/Mexico_City] 🔑 Obteniendo API Key de prueba para organización: 6986242e7c56a2008bcd3869
[26-Aug-2026 17:53:04 America/Mexico_City] ✅ API Key de prueba obtenida correctamente
[26-Aug-2026 17:53:04 America/Mexico_City] 💾 API Key de prueba guardada en sistema_config
[26-Aug-2026 17:53:04 America/Mexico_City] ✅ Configuración de Facturapi cargada - Plan: premium, API Key disponible: SÍ
[26-Aug-2026 17:53:04 America/Mexico_City] ✅ Caja encontrada por ID de sesión - ID: 8
[26-Aug-2026 17:53:04 America/Mexico_City] 📋 Datos empresa - Plan: premium, Org ID: 6986242e7c56a2008bcd3869, Timbres: 497
[26-Aug-2026 17:53:04 America/Mexico_City] 🔑 Obteniendo API Key de prueba para organización: 6986242e7c56a2008bcd3869
[26-Aug-2026 17:53:04 America/Mexico_City] ✅ API Key de prueba obtenida correctamente
[26-Aug-2026 17:53:04 America/Mexico_City] 💾 API Key de prueba guardada en sistema_config
[26-Aug-2026 17:53:04 America/Mexico_City] ✅ Configuración de Facturapi cargada - Plan: premium, API Key disponible: SÍ
[26-Aug-2026 17:53:04 America/Mexico_City] ✅ Caja encontrada por ID de sesión - ID: 8
[26-Aug-2026 17:53:08 America/Mexico_City] 📋 Datos empresa - Plan: premium, Org ID: 6986242e7c56a2008bcd3869, Timbres: 497
[26-Aug-2026 17:53:08 America/Mexico_City] 🔑 Obteniendo API Key de prueba para organización: 6986242e7c56a2008bcd3869
[26-Aug-2026 17:53:09 America/Mexico_City] ✅ API Key de prueba obtenida correctamente
[26-Aug-2026 17:53:09 America/Mexico_City] 💾 API Key de prueba guardada en sistema_config
[26-Aug-2026 17:53:09 America/Mexico_City] ✅ Configuración de Facturapi cargada - Plan: premium, API Key disponible: SÍ
[26-Aug-2026 17:53:09 America/Mexico_City] ✅ Caja encontrada por ID de sesión - ID: 8
[26-Aug-2026 17:53:16 America/Mexico_City] 📋 Datos empresa - Plan: premium, Org ID: 6986242e7c56a2008bcd3869, Timbres: 497
[26-Aug-2026 17:53:16 America/Mexico_City] 🔑 Obteniendo API Key de prueba para organización: 6986242e7c56a2008bcd3869
[26-Aug-2026 17:53:16 America/Mexico_City] ✅ API Key de prueba obtenida correctamente
[26-Aug-2026 17:53:16 America/Mexico_City] 💾 API Key de prueba guardada en sistema_config
[26-Aug-2026 17:53:16 America/Mexico_City] ✅ Configuración de Facturapi cargada - Plan: premium, API Key disponible: SÍ
[26-Aug-2026 17:53:16 America/Mexico_City] ✅ Caja encontrada por ID de sesión - ID: 8
[26-Aug-2026 17:53:16 America/Mexico_City] === INICIO PROCESAR PAGO ===
[26-Aug-2026 17:53:16 America/Mexico_City] Plan de empresa: premium
[26-Aug-2026 17:53:16 America/Mexico_City] Timbres disponibles: 497
[26-Aug-2026 17:53:16 America/Mexico_City] ✅ Venta insertada - ID: 189, Código: 20260826175316
[26-Aug-2026 17:53:16 America/Mexico_City] ✅ STOCK ACTUALIZADO - Producto: Libreta SkyBook Cuadro Chico, Cantidad descontada: 1
[26-Aug-2026 17:53:16 America/Mexico_City] ✅ STOCK ACTUALIZADO - Producto: electrolic, Cantidad descontada: 1
[26-Aug-2026 17:53:16 America/Mexico_City] ✅ Caja actualizada correctamente
[26-Aug-2026 17:53:16 America/Mexico_City] ✅ Gasto automático registrado para la venta 189 - Monto: 41
[26-Aug-2026 17:53:16 America/Mexico_City] 🎯 Plan Premium detectado - Generando recibo Facturapi
[26-Aug-2026 17:53:16 America/Mexico_City] 🔑 Usando API Key: sk_test_J6...
[26-Aug-2026 17:53:16 America/Mexico_City] ⚠️ Producto ID 5 no tiene facturapi_producto_id
[26-Aug-2026 17:53:16 America/Mexico_City] ⚠️ Producto ID 14 no tiene facturapi_producto_id
[26-Aug-2026 17:53:16 America/Mexico_City] ❌ Error al crear recibo Facturapi: No se encontraron productos válidos para Facturapi.
[26-Aug-2026 17:53:16 America/Mexico_City] 📋 Datos empresa - Plan: premium, Org ID: 6986242e7c56a2008bcd3869, Timbres: 497
[26-Aug-2026 17:53:16 America/Mexico_City] 🔑 Obteniendo API Key de prueba para organización: 6986242e7c56a2008bcd3869
[26-Aug-2026 17:53:17 America/Mexico_City] ✅ API Key de prueba obtenida correctamente
[26-Aug-2026 17:53:17 America/Mexico_City] 💾 API Key de prueba guardada en sistema_config
[26-Aug-2026 17:53:17 America/Mexico_City] ✅ Configuración de Facturapi cargada - Plan: premium, API Key disponible: SÍ
[26-Aug-2026 17:53:17 America/Mexico_City] ✅ Caja encontrada por ID de sesión - ID: 8
[27-Aug-2026 09:52:30 America/Mexico_City] 📋 Datos empresa - Plan: , Org ID: 6986242e7c56a2008bcd3869, Timbres: 497
[27-Aug-2026 09:52:30 America/Mexico_City] ℹ️ Plan  - No se requiere API Key de Facturapi
[27-Aug-2026 09:52:30 America/Mexico_City] ✅ Configuración de Facturapi cargada - Plan: , API Key disponible: NO
[27-Aug-2026 09:52:30 America/Mexico_City] Buscando caja por usuario/sucursal...
[27-Aug-2026 09:52:30 America/Mexico_City] ✅ Caja encontrada por usuario/sucursal - ID: 8
[27-Aug-2026 09:52:31 America/Mexico_City] 📋 Datos empresa - Plan: , Org ID: 6986242e7c56a2008bcd3869, Timbres: 497
[27-Aug-2026 09:52:31 America/Mexico_City] ℹ️ Plan  - No se requiere API Key de Facturapi
[27-Aug-2026 09:52:31 America/Mexico_City] ✅ Configuración de Facturapi cargada - Plan: , API Key disponible: NO
[27-Aug-2026 09:52:31 America/Mexico_City] ✅ Caja encontrada por ID de sesión - ID: 8
[27-Aug-2026 09:53:23 America/Mexico_City] 📋 Datos empresa - Plan: , Org ID: 6986242e7c56a2008bcd3869, Timbres: 497
[27-Aug-2026 09:53:23 America/Mexico_City] ℹ️ Plan  - No se requiere API Key de Facturapi
[27-Aug-2026 09:53:23 America/Mexico_City] ✅ Configuración de Facturapi cargada - Plan: , API Key disponible: NO
[27-Aug-2026 09:53:23 America/Mexico_City] ✅ Caja encontrada por ID de sesión - ID: 8
[27-Aug-2026 09:55:21 America/Mexico_City] 📋 Datos empresa - Plan: , Org ID: 6986242e7c56a2008bcd3869, Timbres: 497
[27-Aug-2026 09:55:21 America/Mexico_City] ℹ️ Plan  - No se requiere API Key de Facturapi
[27-Aug-2026 09:55:21 America/Mexico_City] ✅ Configuración de Facturapi cargada - Plan: , API Key disponible: NO
[27-Aug-2026 09:55:21 America/Mexico_City] ✅ Caja encontrada por ID de sesión - ID: 8
[27-Aug-2026 09:55:27 America/Mexico_City] 📋 Datos empresa - Plan: , Org ID: 6986242e7c56a2008bcd3869, Timbres: 497
[27-Aug-2026 09:55:27 America/Mexico_City] ℹ️ Plan  - No se requiere API Key de Facturapi
[27-Aug-2026 09:55:27 America/Mexico_City] ✅ Configuración de Facturapi cargada - Plan: , API Key disponible: NO
[27-Aug-2026 09:55:27 America/Mexico_City] ✅ Caja encontrada por ID de sesión - ID: 8
[27-Aug-2026 09:58:41 America/Mexico_City] 📋 Datos empresa - Plan: , Org ID: 6986242e7c56a2008bcd3869, Timbres: 497
[27-Aug-2026 09:58:41 America/Mexico_City] ℹ️ Plan  - No se requiere API Key de Facturapi
[27-Aug-2026 09:58:41 America/Mexico_City] ✅ Configuración de Facturapi cargada - Plan: , API Key disponible: NO
[27-Aug-2026 09:58:41 America/Mexico_City] ✅ Caja encontrada por ID de sesión - ID: 8
[27-Aug-2026 09:58:52 America/Mexico_City] 📋 Datos empresa - Plan: , Org ID: 6986242e7c56a2008bcd3869, Timbres: 497
[27-Aug-2026 09:58:52 America/Mexico_City] ℹ️ Plan  - No se requiere API Key de Facturapi
[27-Aug-2026 09:58:52 America/Mexico_City] ✅ Configuración de Facturapi cargada - Plan: , API Key disponible: NO
[27-Aug-2026 09:58:52 America/Mexico_City] ✅ Caja encontrada por ID de sesión - ID: 8
[27-Aug-2026 09:59:45 America/Mexico_City] 📋 Datos empresa - Plan: , Org ID: 6986242e7c56a2008bcd3869, Timbres: 497
[27-Aug-2026 09:59:45 America/Mexico_City] ℹ️ Plan  - No se requiere API Key de Facturapi
[27-Aug-2026 09:59:45 America/Mexico_City] ✅ Configuración de Facturapi cargada - Plan: , API Key disponible: NO
[27-Aug-2026 09:59:45 America/Mexico_City] ✅ Caja encontrada por ID de sesión - ID: 8
[27-Aug-2026 09:59:57 America/Mexico_City] 📋 Datos empresa - Plan: , Org ID: 6986242e7c56a2008bcd3869, Timbres: 497
[27-Aug-2026 09:59:57 America/Mexico_City] ℹ️ Plan  - No se requiere API Key de Facturapi
[27-Aug-2026 09:59:57 America/Mexico_City] ✅ Configuración de Facturapi cargada - Plan: , API Key disponible: NO
[27-Aug-2026 09:59:57 America/Mexico_City] ✅ Caja encontrada por ID de sesión - ID: 8
[27-Aug-2026 10:00:00 America/Mexico_City] 📋 Datos empresa - Plan: , Org ID: 6986242e7c56a2008bcd3869, Timbres: 497
[27-Aug-2026 10:00:00 America/Mexico_City] ℹ️ Plan  - No se requiere API Key de Facturapi
[27-Aug-2026 10:00:00 America/Mexico_City] ✅ Configuración de Facturapi cargada - Plan: , API Key disponible: NO
[27-Aug-2026 10:00:00 America/Mexico_City] ✅ Caja encontrada por ID de sesión - ID: 8
[27-Aug-2026 10:00:00 America/Mexico_City] === INICIO PROCESAR PAGO ===
[27-Aug-2026 10:00:00 America/Mexico_City] Plan de empresa: 
[27-Aug-2026 10:00:00 America/Mexico_City] Timbres disponibles: 497
[27-Aug-2026 10:00:00 America/Mexico_City] ✅ Venta insertada - ID: 190, Código: 20260827100000
[27-Aug-2026 10:00:00 America/Mexico_City] ❌ Error en venta: SQLSTATE[42S22]: Column not found: 1054 Unknown column 'gasto_operacion' in 'field list'
[27-Aug-2026 10:00:00 America/Mexico_City] 📋 Datos empresa - Plan: , Org ID: 6986242e7c56a2008bcd3869, Timbres: 497
[27-Aug-2026 10:00:00 America/Mexico_City] ℹ️ Plan  - No se requiere API Key de Facturapi
[27-Aug-2026 10:00:00 America/Mexico_City] ✅ Configuración de Facturapi cargada - Plan: , API Key disponible: NO
[27-Aug-2026 10:00:00 America/Mexico_City] ✅ Caja encontrada por ID de sesión - ID: 8
[27-Aug-2026 10:00:07 America/Mexico_City] 📋 Datos empresa - Plan: , Org ID: 6986242e7c56a2008bcd3869, Timbres: 497
[27-Aug-2026 10:00:07 America/Mexico_City] ℹ️ Plan  - No se requiere API Key de Facturapi
[27-Aug-2026 10:00:07 America/Mexico_City] ✅ Configuración de Facturapi cargada - Plan: , API Key disponible: NO
[27-Aug-2026 10:00:07 America/Mexico_City] ✅ Caja encontrada por ID de sesión - ID: 8
[27-Aug-2026 10:00:07 America/Mexico_City] === INICIO PROCESAR PAGO ===
[27-Aug-2026 10:00:07 America/Mexico_City] Plan de empresa: 
[27-Aug-2026 10:00:07 America/Mexico_City] Timbres disponibles: 497
[27-Aug-2026 10:00:07 America/Mexico_City] ✅ Venta insertada - ID: 191, Código: 20260827100007
[27-Aug-2026 10:00:07 America/Mexico_City] ❌ Error en venta: SQLSTATE[42S22]: Column not found: 1054 Unknown column 'gasto_operacion' in 'field list'
[27-Aug-2026 10:00:07 America/Mexico_City] 📋 Datos empresa - Plan: , Org ID: 6986242e7c56a2008bcd3869, Timbres: 497
[27-Aug-2026 10:00:07 America/Mexico_City] ℹ️ Plan  - No se requiere API Key de Facturapi
[27-Aug-2026 10:00:07 America/Mexico_City] ✅ Configuración de Facturapi cargada - Plan: , API Key disponible: NO
[27-Aug-2026 10:00:07 America/Mexico_City] ✅ Caja encontrada por ID de sesión - ID: 8
[27-Aug-2026 10:09:04 America/Mexico_City] 📋 Datos empresa - Plan: , Org ID: 6986242e7c56a2008bcd3869, Timbres: 497
[27-Aug-2026 10:09:04 America/Mexico_City] ℹ️ Plan  - No se requiere API Key de Facturapi
[27-Aug-2026 10:09:04 America/Mexico_City] ✅ Configuración de Facturapi cargada - Plan: , API Key disponible: NO
[27-Aug-2026 10:09:04 America/Mexico_City] ✅ Caja encontrada por ID de sesión - ID: 8
[27-Aug-2026 10:09:10 America/Mexico_City] 📋 Datos empresa - Plan: , Org ID: 6986242e7c56a2008bcd3869, Timbres: 497
[27-Aug-2026 10:09:10 America/Mexico_City] ℹ️ Plan  - No se requiere API Key de Facturapi
[27-Aug-2026 10:09:10 America/Mexico_City] ✅ Configuración de Facturapi cargada - Plan: , API Key disponible: NO
[27-Aug-2026 10:09:10 America/Mexico_City] ✅ Caja encontrada por ID de sesión - ID: 8
[27-Aug-2026 10:09:10 America/Mexico_City] 📋 Datos empresa - Plan: , Org ID: 6986242e7c56a2008bcd3869, Timbres: 497
[27-Aug-2026 10:09:10 America/Mexico_City] ℹ️ Plan  - No se requiere API Key de Facturapi
[27-Aug-2026 10:09:10 America/Mexico_City] ✅ Configuración de Facturapi cargada - Plan: , API Key disponible: NO
[27-Aug-2026 10:09:10 America/Mexico_City] ✅ Caja encontrada por ID de sesión - ID: 8
[27-Aug-2026 10:09:20 America/Mexico_City] 📋 Datos empresa - Plan: , Org ID: 6986242e7c56a2008bcd3869, Timbres: 497
[27-Aug-2026 10:09:20 America/Mexico_City] ℹ️ Plan  - No se requiere API Key de Facturapi
[27-Aug-2026 10:09:20 America/Mexico_City] ✅ Configuración de Facturapi cargada - Plan: , API Key disponible: NO
[27-Aug-2026 10:09:20 America/Mexico_City] ✅ Caja encontrada por ID de sesión - ID: 8
[27-Aug-2026 10:09:20 America/Mexico_City] === INICIO PROCESAR PAGO ===
[27-Aug-2026 10:09:20 America/Mexico_City] Plan de empresa: 
[27-Aug-2026 10:09:20 America/Mexico_City] Timbres disponibles: 497
[27-Aug-2026 10:09:20 America/Mexico_City] ✅ Venta insertada - ID: 192, Código: 20260827100920
[27-Aug-2026 10:09:20 America/Mexico_City] ❌ Error en venta: SQLSTATE[42S22]: Column not found: 1054 Unknown column 'gasto_operacion' in 'field list'
[27-Aug-2026 10:09:21 America/Mexico_City] 📋 Datos empresa - Plan: , Org ID: 6986242e7c56a2008bcd3869, Timbres: 497
[27-Aug-2026 10:09:21 America/Mexico_City] ℹ️ Plan  - No se requiere API Key de Facturapi
[27-Aug-2026 10:09:21 America/Mexico_City] ✅ Configuración de Facturapi cargada - Plan: , API Key disponible: NO
[27-Aug-2026 10:09:21 America/Mexico_City] ✅ Caja encontrada por ID de sesión - ID: 8
[27-Aug-2026 10:09:45 America/Mexico_City] 📋 Datos empresa - Plan: , Org ID: 6986242e7c56a2008bcd3869, Timbres: 497
[27-Aug-2026 10:09:45 America/Mexico_City] ℹ️ Plan  - No se requiere API Key de Facturapi
[27-Aug-2026 10:09:45 America/Mexico_City] ✅ Configuración de Facturapi cargada - Plan: , API Key disponible: NO
[27-Aug-2026 10:09:45 America/Mexico_City] ✅ Caja encontrada por ID de sesión - ID: 8
[27-Aug-2026 10:09:45 America/Mexico_City] === INICIO PROCESAR PAGO ===
[27-Aug-2026 10:09:45 America/Mexico_City] Plan de empresa: 
[27-Aug-2026 10:09:45 America/Mexico_City] Timbres disponibles: 497
[27-Aug-2026 10:09:45 America/Mexico_City] ✅ Venta insertada - ID: 193, Código: 20260827100945
[27-Aug-2026 10:09:45 America/Mexico_City] ❌ Error en venta: SQLSTATE[42S22]: Column not found: 1054 Unknown column 'gasto_operacion' in 'field list'
[27-Aug-2026 10:09:46 America/Mexico_City] 📋 Datos empresa - Plan: , Org ID: 6986242e7c56a2008bcd3869, Timbres: 497
[27-Aug-2026 10:09:46 America/Mexico_City] ℹ️ Plan  - No se requiere API Key de Facturapi
[27-Aug-2026 10:09:46 America/Mexico_City] ✅ Configuración de Facturapi cargada - Plan: , API Key disponible: NO
[27-Aug-2026 10:09:46 America/Mexico_City] ✅ Caja encontrada por ID de sesión - ID: 8
[27-Aug-2026 10:09:55 America/Mexico_City] 📋 Datos empresa - Plan: , Org ID: 6986242e7c56a2008bcd3869, Timbres: 497
[27-Aug-2026 10:09:55 America/Mexico_City] ℹ️ Plan  - No se requiere API Key de Facturapi
[27-Aug-2026 10:09:55 America/Mexico_City] ✅ Configuración de Facturapi cargada - Plan: , API Key disponible: NO
[27-Aug-2026 10:09:55 America/Mexico_City] ✅ Caja encontrada por ID de sesión - ID: 8
[27-Aug-2026 10:09:55 America/Mexico_City] === INICIO PROCESAR PAGO ===
[27-Aug-2026 10:09:55 America/Mexico_City] Plan de empresa: 
[27-Aug-2026 10:09:55 America/Mexico_City] Timbres disponibles: 497
[27-Aug-2026 10:09:55 America/Mexico_City] ✅ Venta insertada - ID: 194, Código: 20260827100955
[27-Aug-2026 10:09:55 America/Mexico_City] ❌ Error en venta: SQLSTATE[42S22]: Column not found: 1054 Unknown column 'gasto_operacion' in 'field list'
[27-Aug-2026 10:09:55 America/Mexico_City] 📋 Datos empresa - Plan: , Org ID: 6986242e7c56a2008bcd3869, Timbres: 497
[27-Aug-2026 10:09:55 America/Mexico_City] ℹ️ Plan  - No se requiere API Key de Facturapi
[27-Aug-2026 10:09:55 America/Mexico_City] ✅ Configuración de Facturapi cargada - Plan: , API Key disponible: NO
[27-Aug-2026 10:09:55 America/Mexico_City] ✅ Caja encontrada por ID de sesión - ID: 8
[27-Aug-2026 10:10:36 America/Mexico_City] 📋 Datos empresa - Plan: , Org ID: 6986242e7c56a2008bcd3869, Timbres: 497
[27-Aug-2026 10:10:36 America/Mexico_City] ℹ️ Plan  - No se requiere API Key de Facturapi
[27-Aug-2026 10:10:36 America/Mexico_City] ✅ Configuración de Facturapi cargada - Plan: , API Key disponible: NO
[27-Aug-2026 10:10:36 America/Mexico_City] ✅ Caja encontrada por ID de sesión - ID: 8
[27-Aug-2026 10:10:36 America/Mexico_City] === INICIO PROCESAR PAGO ===
[27-Aug-2026 10:10:36 America/Mexico_City] Plan de empresa: 
[27-Aug-2026 10:10:36 America/Mexico_City] Timbres disponibles: 497
[27-Aug-2026 10:10:36 America/Mexico_City] ✅ Venta insertada - ID: 195, Código: 20260827101036
[27-Aug-2026 10:10:36 America/Mexico_City] ❌ Error en venta: SQLSTATE[42S22]: Column not found: 1054 Unknown column 'gasto_operacion' in 'field list'
[27-Aug-2026 10:10:37 America/Mexico_City] 📋 Datos empresa - Plan: , Org ID: 6986242e7c56a2008bcd3869, Timbres: 497
[27-Aug-2026 10:10:37 America/Mexico_City] ℹ️ Plan  - No se requiere API Key de Facturapi
[27-Aug-2026 10:10:37 America/Mexico_City] ✅ Configuración de Facturapi cargada - Plan: , API Key disponible: NO
[27-Aug-2026 10:10:37 America/Mexico_City] ✅ Caja encontrada por ID de sesión - ID: 8
[27-Aug-2026 10:10:39 America/Mexico_City] 📋 Datos empresa - Plan: , Org ID: 6986242e7c56a2008bcd3869, Timbres: 497
[27-Aug-2026 10:10:39 America/Mexico_City] ℹ️ Plan  - No se requiere API Key de Facturapi
[27-Aug-2026 10:10:39 America/Mexico_City] ✅ Configuración de Facturapi cargada - Plan: , API Key disponible: NO
[27-Aug-2026 10:10:39 America/Mexico_City] ✅ Caja encontrada por ID de sesión - ID: 8
[27-Aug-2026 10:10:42 America/Mexico_City] 📋 Datos empresa - Plan: , Org ID: 6986242e7c56a2008bcd3869, Timbres: 497
[27-Aug-2026 10:10:42 America/Mexico_City] ℹ️ Plan  - No se requiere API Key de Facturapi
[27-Aug-2026 10:10:42 America/Mexico_City] ✅ Configuración de Facturapi cargada - Plan: , API Key disponible: NO
[27-Aug-2026 10:10:42 America/Mexico_City] ✅ Caja encontrada por ID de sesión - ID: 8
[27-Aug-2026 10:10:42 America/Mexico_City] === INICIO PROCESAR PAGO ===
[27-Aug-2026 10:10:42 America/Mexico_City] Plan de empresa: 
[27-Aug-2026 10:10:42 America/Mexico_City] Timbres disponibles: 497
[27-Aug-2026 10:10:42 America/Mexico_City] ✅ Venta insertada - ID: 196, Código: 20260827101042
[27-Aug-2026 10:10:42 America/Mexico_City] ❌ Error en venta: SQLSTATE[42S22]: Column not found: 1054 Unknown column 'gasto_operacion' in 'field list'
[27-Aug-2026 10:10:42 America/Mexico_City] 📋 Datos empresa - Plan: , Org ID: 6986242e7c56a2008bcd3869, Timbres: 497
[27-Aug-2026 10:10:42 America/Mexico_City] ℹ️ Plan  - No se requiere API Key de Facturapi
[27-Aug-2026 10:10:42 America/Mexico_City] ✅ Configuración de Facturapi cargada - Plan: , API Key disponible: NO
[27-Aug-2026 10:10:42 America/Mexico_City] ✅ Caja encontrada por ID de sesión - ID: 8
[27-Aug-2026 10:10:51 America/Mexico_City] 📋 Datos empresa - Plan: , Org ID: 6986242e7c56a2008bcd3869, Timbres: 497
[27-Aug-2026 10:10:51 America/Mexico_City] ℹ️ Plan  - No se requiere API Key de Facturapi
[27-Aug-2026 10:10:51 America/Mexico_City] ✅ Configuración de Facturapi cargada - Plan: , API Key disponible: NO
[27-Aug-2026 10:10:51 America/Mexico_City] ✅ Caja encontrada por ID de sesión - ID: 8
[27-Aug-2026 10:10:51 America/Mexico_City] === INICIO PROCESAR PAGO ===
[27-Aug-2026 10:10:51 America/Mexico_City] Plan de empresa: 
[27-Aug-2026 10:10:51 America/Mexico_City] Timbres disponibles: 497
[27-Aug-2026 10:10:51 America/Mexico_City] ✅ Venta insertada - ID: 197, Código: 20260827101051
[27-Aug-2026 10:10:51 America/Mexico_City] ❌ Error en venta: SQLSTATE[42S22]: Column not found: 1054 Unknown column 'gasto_operacion' in 'field list'
[27-Aug-2026 10:10:51 America/Mexico_City] 📋 Datos empresa - Plan: , Org ID: 6986242e7c56a2008bcd3869, Timbres: 497
[27-Aug-2026 10:10:51 America/Mexico_City] ℹ️ Plan  - No se requiere API Key de Facturapi
[27-Aug-2026 10:10:51 America/Mexico_City] ✅ Configuración de Facturapi cargada - Plan: , API Key disponible: NO
[27-Aug-2026 10:10:51 America/Mexico_City] ✅ Caja encontrada por ID de sesión - ID: 8
[27-Aug-2026 10:13:04 America/Mexico_City] 📋 Datos empresa - Plan: , Org ID: 6986242e7c56a2008bcd3869, Timbres: 497
[27-Aug-2026 10:13:04 America/Mexico_City] ℹ️ Plan  - No se requiere API Key de Facturapi
[27-Aug-2026 10:13:04 America/Mexico_City] ✅ Configuración de Facturapi cargada - Plan: , API Key disponible: NO
[27-Aug-2026 10:13:04 America/Mexico_City] ✅ Caja encontrada por ID de sesión - ID: 8
[27-Aug-2026 10:13:04 America/Mexico_City] === INICIO PROCESAR PAGO ===
[27-Aug-2026 10:13:04 America/Mexico_City] Plan de empresa: 
[27-Aug-2026 10:13:04 America/Mexico_City] Timbres disponibles: 497
[27-Aug-2026 10:13:04 America/Mexico_City] ✅ Venta insertada - ID: 198, Código: 20260827101304
[27-Aug-2026 10:13:04 America/Mexico_City] ✅ STOCK ACTUALIZADO - Producto: Bordados, Cantidad descontada: 1
[27-Aug-2026 10:13:04 America/Mexico_City] ✅ Caja actualizada correctamente
[27-Aug-2026 10:13:04 America/Mexico_City] ✅ Gasto automático registrado para la venta 198 - Monto: 950
[27-Aug-2026 10:13:04 America/Mexico_City] ℹ️ Plan  - No se genera recibo Facturapi
[27-Aug-2026 10:13:05 America/Mexico_City] 📋 Datos empresa - Plan: , Org ID: 6986242e7c56a2008bcd3869, Timbres: 497
[27-Aug-2026 10:13:05 America/Mexico_City] ℹ️ Plan  - No se requiere API Key de Facturapi
[27-Aug-2026 10:13:05 America/Mexico_City] ✅ Configuración de Facturapi cargada - Plan: , API Key disponible: NO
[27-Aug-2026 10:13:05 America/Mexico_City] ✅ Caja encontrada por ID de sesión - ID: 8
[27-Aug-2026 10:30:33 America/Mexico_City] 📋 Datos empresa - Plan: , Org ID: 6986242e7c56a2008bcd3869, Timbres: 497
[27-Aug-2026 10:30:33 America/Mexico_City] ℹ️ Plan  - No se requiere API Key de Facturapi
[27-Aug-2026 10:30:33 America/Mexico_City] ✅ Configuración de Facturapi cargada - Plan: , API Key disponible: NO
[27-Aug-2026 10:30:33 America/Mexico_City] ✅ Caja encontrada por ID de sesión - ID: 8
[27-Aug-2026 10:30:38 America/Mexico_City] 📋 Datos empresa - Plan: , Org ID: 6986242e7c56a2008bcd3869, Timbres: 497
[27-Aug-2026 10:30:38 America/Mexico_City] ℹ️ Plan  - No se requiere API Key de Facturapi
[27-Aug-2026 10:30:38 America/Mexico_City] ✅ Configuración de Facturapi cargada - Plan: , API Key disponible: NO
[27-Aug-2026 10:30:38 America/Mexico_City] ✅ Caja encontrada por ID de sesión - ID: 8
[27-Aug-2026 10:30:44 America/Mexico_City] 📋 Datos empresa - Plan: , Org ID: 6986242e7c56a2008bcd3869, Timbres: 497
[27-Aug-2026 10:30:44 America/Mexico_City] ℹ️ Plan  - No se requiere API Key de Facturapi
[27-Aug-2026 10:30:44 America/Mexico_City] ✅ Configuración de Facturapi cargada - Plan: , API Key disponible: NO
[27-Aug-2026 10:30:44 America/Mexico_City] ✅ Caja encontrada por ID de sesión - ID: 8
[27-Aug-2026 10:30:56 America/Mexico_City] 📋 Datos empresa - Plan: , Org ID: 6986242e7c56a2008bcd3869, Timbres: 497
[27-Aug-2026 10:30:56 America/Mexico_City] ℹ️ Plan  - No se requiere API Key de Facturapi
[27-Aug-2026 10:30:56 America/Mexico_City] ✅ Configuración de Facturapi cargada - Plan: , API Key disponible: NO
[27-Aug-2026 10:30:56 America/Mexico_City] ✅ Caja encontrada por ID de sesión - ID: 8
[27-Aug-2026 10:30:59 America/Mexico_City] 📋 Datos empresa - Plan: , Org ID: 6986242e7c56a2008bcd3869, Timbres: 497
[27-Aug-2026 10:30:59 America/Mexico_City] ℹ️ Plan  - No se requiere API Key de Facturapi
[27-Aug-2026 10:30:59 America/Mexico_City] ✅ Configuración de Facturapi cargada - Plan: , API Key disponible: NO
[27-Aug-2026 10:30:59 America/Mexico_City] ✅ Caja encontrada por ID de sesión - ID: 8
[27-Aug-2026 10:30:59 America/Mexico_City] === INICIO PROCESAR PAGO ===
[27-Aug-2026 10:30:59 America/Mexico_City] Plan de empresa: 
[27-Aug-2026 10:30:59 America/Mexico_City] Timbres disponibles: 497
[27-Aug-2026 10:30:59 America/Mexico_City] ✅ Venta insertada - ID: 199, Código: 20260827103059
[27-Aug-2026 10:30:59 America/Mexico_City] ✅ STOCK ACTUALIZADO - Producto: Bordados, Cantidad descontada: 1
[27-Aug-2026 10:30:59 America/Mexico_City] ✅ Caja actualizada correctamente
[27-Aug-2026 10:30:59 America/Mexico_City] ✅ Gasto automático registrado para la venta 199 - Monto: 950
[27-Aug-2026 10:30:59 America/Mexico_City] ℹ️ Plan  - No se genera recibo Facturapi
[27-Aug-2026 10:30:59 America/Mexico_City] 📋 Datos empresa - Plan: , Org ID: 6986242e7c56a2008bcd3869, Timbres: 497
[27-Aug-2026 10:30:59 America/Mexico_City] ℹ️ Plan  - No se requiere API Key de Facturapi
[27-Aug-2026 10:30:59 America/Mexico_City] ✅ Configuración de Facturapi cargada - Plan: , API Key disponible: NO
[27-Aug-2026 10:30:59 America/Mexico_City] ✅ Caja encontrada por ID de sesión - ID: 8
[27-Aug-2026 10:55:31 America/Mexico_City] 📋 Datos empresa - Plan: , Org ID: 6986242e7c56a2008bcd3869, Timbres: 497
[27-Aug-2026 10:55:31 America/Mexico_City] ℹ️ Plan  - No se requiere API Key de Facturapi
[27-Aug-2026 10:55:31 America/Mexico_City] ✅ Configuración de Facturapi cargada - Plan: , API Key disponible: NO
[27-Aug-2026 10:55:31 America/Mexico_City] Buscando caja por usuario/sucursal...
[27-Aug-2026 10:55:31 America/Mexico_City] ✅ Caja encontrada por usuario/sucursal - ID: 8
[27-Aug-2026 10:55:39 America/Mexico_City] 📋 Datos empresa - Plan: , Org ID: 6986242e7c56a2008bcd3869, Timbres: 497
[27-Aug-2026 10:55:39 America/Mexico_City] ℹ️ Plan  - No se requiere API Key de Facturapi
[27-Aug-2026 10:55:39 America/Mexico_City] ✅ Configuración de Facturapi cargada - Plan: , API Key disponible: NO
[27-Aug-2026 10:55:39 America/Mexico_City] ✅ Caja encontrada por ID de sesión - ID: 8
[27-Aug-2026 10:55:39 America/Mexico_City] 📋 Datos empresa - Plan: , Org ID: 6986242e7c56a2008bcd3869, Timbres: 497
[27-Aug-2026 10:55:39 America/Mexico_City] ℹ️ Plan  - No se requiere API Key de Facturapi
[27-Aug-2026 10:55:39 America/Mexico_City] ✅ Configuración de Facturapi cargada - Plan: , API Key disponible: NO
[27-Aug-2026 10:55:39 America/Mexico_City] ✅ Caja encontrada por ID de sesión - ID: 8
[27-Aug-2026 10:55:39 America/Mexico_City] 📋 Datos empresa - Plan: , Org ID: 6986242e7c56a2008bcd3869, Timbres: 497
[27-Aug-2026 10:55:39 America/Mexico_City] ℹ️ Plan  - No se requiere API Key de Facturapi
[27-Aug-2026 10:55:39 America/Mexico_City] ✅ Configuración de Facturapi cargada - Plan: , API Key disponible: NO
[27-Aug-2026 10:55:39 America/Mexico_City] ✅ Caja encontrada por ID de sesión - ID: 8
[27-Aug-2026 10:55:39 America/Mexico_City] 📋 Datos empresa - Plan: , Org ID: 6986242e7c56a2008bcd3869, Timbres: 497
[27-Aug-2026 10:55:39 America/Mexico_City] ℹ️ Plan  - No se requiere API Key de Facturapi
[27-Aug-2026 10:55:39 America/Mexico_City] ✅ Configuración de Facturapi cargada - Plan: , API Key disponible: NO
[27-Aug-2026 10:55:39 America/Mexico_City] ✅ Caja encontrada por ID de sesión - ID: 8
[27-Aug-2026 10:55:40 America/Mexico_City] 📋 Datos empresa - Plan: , Org ID: 6986242e7c56a2008bcd3869, Timbres: 497
[27-Aug-2026 10:55:40 America/Mexico_City] ℹ️ Plan  - No se requiere API Key de Facturapi
[27-Aug-2026 10:55:40 America/Mexico_City] ✅ Configuración de Facturapi cargada - Plan: , API Key disponible: NO
[27-Aug-2026 10:55:40 America/Mexico_City] ✅ Caja encontrada por ID de sesión - ID: 8
[27-Aug-2026 10:55:40 America/Mexico_City] 📋 Datos empresa - Plan: , Org ID: 6986242e7c56a2008bcd3869, Timbres: 497
[27-Aug-2026 10:55:40 America/Mexico_City] ℹ️ Plan  - No se requiere API Key de Facturapi
[27-Aug-2026 10:55:40 America/Mexico_City] ✅ Configuración de Facturapi cargada - Plan: , API Key disponible: NO
[27-Aug-2026 10:55:40 America/Mexico_City] ✅ Caja encontrada por ID de sesión - ID: 8
[27-Aug-2026 10:55:58 America/Mexico_City] 📋 Datos empresa - Plan: , Org ID: 6986242e7c56a2008bcd3869, Timbres: 497
[27-Aug-2026 10:55:58 America/Mexico_City] ℹ️ Plan  - No se requiere API Key de Facturapi
[27-Aug-2026 10:55:58 America/Mexico_City] ✅ Configuración de Facturapi cargada - Plan: , API Key disponible: NO
[27-Aug-2026 10:55:58 America/Mexico_City] ✅ Caja encontrada por ID de sesión - ID: 8
[27-Aug-2026 10:56:10 America/Mexico_City] 📋 Datos empresa - Plan: , Org ID: 6986242e7c56a2008bcd3869, Timbres: 497
[27-Aug-2026 10:56:10 America/Mexico_City] ℹ️ Plan  - No se requiere API Key de Facturapi
[27-Aug-2026 10:56:10 America/Mexico_City] ✅ Configuración de Facturapi cargada - Plan: , API Key disponible: NO
[27-Aug-2026 10:56:10 America/Mexico_City] ✅ Caja encontrada por ID de sesión - ID: 8
[27-Aug-2026 10:56:10 America/Mexico_City] === INICIO PROCESAR PAGO ===
[27-Aug-2026 10:56:10 America/Mexico_City] Plan de empresa: 
[27-Aug-2026 10:56:10 America/Mexico_City] Timbres disponibles: 497
[27-Aug-2026 10:56:10 America/Mexico_City] ✅ Venta insertada - ID: 200, Código: 20260827105610
[27-Aug-2026 10:56:10 America/Mexico_City] ✅ STOCK ACTUALIZADO - Producto: Bordados, Cantidad descontada: 1
[27-Aug-2026 10:56:10 America/Mexico_City] ✅ STOCK ACTUALIZADO - Producto: Coca cola lata, Cantidad descontada: 1
[27-Aug-2026 10:56:10 America/Mexico_City] ✅ STOCK ACTUALIZADO - Producto: cscsw2cs, Cantidad descontada: 1
[27-Aug-2026 10:56:10 America/Mexico_City] ✅ STOCK ACTUALIZADO - Producto: Cuaderno Italiano Scribe 100 hojas, Cantidad descontada: 1
[27-Aug-2026 10:56:10 America/Mexico_City] ✅ STOCK ACTUALIZADO - Producto: Cuaderno Italiano Scribe, Cantidad descontada: 1
[27-Aug-2026 10:56:10 America/Mexico_City] ✅ STOCK ACTUALIZADO - Producto: cscsxc, Cantidad descontada: 1
[27-Aug-2026 10:56:10 America/Mexico_City] ✅ Caja actualizada correctamente
[27-Aug-2026 10:56:10 America/Mexico_City] ✅ Gasto automático registrado para la venta 200 - Monto: 986
[27-Aug-2026 10:56:10 America/Mexico_City] ℹ️ Plan  - No se genera recibo Facturapi
[27-Aug-2026 10:56:10 America/Mexico_City] 📋 Datos empresa - Plan: , Org ID: 6986242e7c56a2008bcd3869, Timbres: 497
[27-Aug-2026 10:56:10 America/Mexico_City] ℹ️ Plan  - No se requiere API Key de Facturapi
[27-Aug-2026 10:56:10 America/Mexico_City] ✅ Configuración de Facturapi cargada - Plan: , API Key disponible: NO
[27-Aug-2026 10:56:10 America/Mexico_City] ✅ Caja encontrada por ID de sesión - ID: 8
[27-Aug-2026 10:56:22 America/Mexico_City] 📋 Datos empresa - Plan: , Org ID: 6986242e7c56a2008bcd3869, Timbres: 497
[27-Aug-2026 10:56:22 America/Mexico_City] ℹ️ Plan  - No se requiere API Key de Facturapi
[27-Aug-2026 10:56:22 America/Mexico_City] ✅ Configuración de Facturapi cargada - Plan: , API Key disponible: NO
[27-Aug-2026 10:56:22 America/Mexico_City] ✅ Caja encontrada por ID de sesión - ID: 8
[27-Aug-2026 10:56:25 America/Mexico_City] 📋 Datos empresa - Plan: , Org ID: 6986242e7c56a2008bcd3869, Timbres: 497
[27-Aug-2026 10:56:25 America/Mexico_City] ℹ️ Plan  - No se requiere API Key de Facturapi
[27-Aug-2026 10:56:25 America/Mexico_City] ✅ Configuración de Facturapi cargada - Plan: , API Key disponible: NO
[27-Aug-2026 10:56:25 America/Mexico_City] ✅ Caja encontrada por ID de sesión - ID: 8
[27-Aug-2026 10:58:05 America/Mexico_City] 📋 Datos empresa - Plan: , Org ID: 6986242e7c56a2008bcd3869, Timbres: 497
[27-Aug-2026 10:58:05 America/Mexico_City] ℹ️ Plan  - No se requiere API Key de Facturapi
[27-Aug-2026 10:58:05 America/Mexico_City] ✅ Configuración de Facturapi cargada - Plan: , API Key disponible: NO
[27-Aug-2026 10:58:05 America/Mexico_City] Buscando caja por usuario/sucursal...
[27-Aug-2026 10:58:05 America/Mexico_City] ✅ Caja encontrada por usuario/sucursal - ID: 8
[27-Aug-2026 10:58:29 America/Mexico_City] 📋 Datos empresa - Plan: , Org ID: 6986242e7c56a2008bcd3869, Timbres: 497
[27-Aug-2026 10:58:29 America/Mexico_City] ℹ️ Plan  - No se requiere API Key de Facturapi
[27-Aug-2026 10:58:29 America/Mexico_City] ✅ Configuración de Facturapi cargada - Plan: , API Key disponible: NO
[27-Aug-2026 10:58:29 America/Mexico_City] ✅ Caja encontrada por ID de sesión - ID: 8
[27-Aug-2026 10:58:32 America/Mexico_City] 📋 Datos empresa - Plan: , Org ID: 6986242e7c56a2008bcd3869, Timbres: 497
[27-Aug-2026 10:58:32 America/Mexico_City] ℹ️ Plan  - No se requiere API Key de Facturapi
[27-Aug-2026 10:58:32 America/Mexico_City] ✅ Configuración de Facturapi cargada - Plan: , API Key disponible: NO
[27-Aug-2026 10:58:32 America/Mexico_City] ✅ Caja encontrada por ID de sesión - ID: 8
[27-Aug-2026 11:03:31 America/Mexico_City] 📋 Datos empresa - Plan: , Org ID: 6986242e7c56a2008bcd3869, Timbres: 497
[27-Aug-2026 11:03:31 America/Mexico_City] ℹ️ Plan  - No se requiere API Key de Facturapi
[27-Aug-2026 11:03:31 America/Mexico_City] ✅ Configuración de Facturapi cargada - Plan: , API Key disponible: NO
[27-Aug-2026 11:03:31 America/Mexico_City] ✅ Caja encontrada por ID de sesión - ID: 8
[27-Aug-2026 11:12:01 America/Mexico_City] 📋 Datos empresa - Plan: , Org ID: 6986242e7c56a2008bcd3869, Timbres: 497
[27-Aug-2026 11:12:01 America/Mexico_City] ℹ️ Plan  - No se requiere API Key de Facturapi
[27-Aug-2026 11:12:01 America/Mexico_City] ✅ Configuración de Facturapi cargada - Plan: , API Key disponible: NO
[27-Aug-2026 11:12:01 America/Mexico_City] ✅ Caja encontrada por ID de sesión - ID: 8
[27-Aug-2026 11:12:08 America/Mexico_City] 📋 Datos empresa - Plan: , Org ID: 6986242e7c56a2008bcd3869, Timbres: 497
[27-Aug-2026 11:12:08 America/Mexico_City] ℹ️ Plan  - No se requiere API Key de Facturapi
[27-Aug-2026 11:12:08 America/Mexico_City] ✅ Configuración de Facturapi cargada - Plan: , API Key disponible: NO
[27-Aug-2026 11:12:08 America/Mexico_City] ✅ Caja encontrada por ID de sesión - ID: 8
[27-Aug-2026 15:19:54 America/Mexico_City] 📋 Datos empresa - Plan: premium, Org ID: 6986242e7c56a2008bcd3869, Timbres: 497
[27-Aug-2026 15:19:54 America/Mexico_City] 🔑 Obteniendo API Key de prueba para organización: 6986242e7c56a2008bcd3869
[27-Aug-2026 15:19:54 America/Mexico_City] ✅ API Key de prueba obtenida correctamente
[27-Aug-2026 15:19:54 America/Mexico_City] 💾 API Key de prueba guardada en sistema_config
[27-Aug-2026 15:19:54 America/Mexico_City] ✅ Configuración de Facturapi cargada - Plan: premium, API Key disponible: SÍ
[27-Aug-2026 15:19:54 America/Mexico_City] ✅ Caja encontrada por ID de sesión - ID: 8
[27-Aug-2026 15:47:24 America/Mexico_City] 📋 Datos empresa - Plan: premium, Org ID: , Timbres: 500
[27-Aug-2026 15:47:24 America/Mexico_City] ⚠️ No se puede obtener API Key - Org ID: 
[27-Aug-2026 15:47:24 America/Mexico_City] ✅ Configuración de Facturapi cargada - Plan: premium, API Key disponible: SÍ
[27-Aug-2026 15:47:24 America/Mexico_City] Error al obtener configuración: SQLSTATE[42S22]: Column not found: 1054 Unknown column 'paypal_client_id' in 'field list'
[27-Aug-2026 15:47:24 America/Mexico_City] Buscando caja por usuario/sucursal...
[27-Aug-2026 15:47:24 America/Mexico_City] ✅ Caja encontrada por usuario/sucursal - ID: 6
[27-Aug-2026 15:47:53 America/Mexico_City] 📋 Datos empresa - Plan: premium, Org ID: , Timbres: 500
[27-Aug-2026 15:47:53 America/Mexico_City] ⚠️ No se puede obtener API Key - Org ID: 
[27-Aug-2026 15:47:53 America/Mexico_City] ✅ Configuración de Facturapi cargada - Plan: premium, API Key disponible: SÍ
[27-Aug-2026 15:47:53 America/Mexico_City] Error al obtener configuración: SQLSTATE[42S22]: Column not found: 1054 Unknown column 'paypal_client_id' in 'field list'
[27-Aug-2026 15:47:53 America/Mexico_City] ✅ Caja encontrada por ID de sesión - ID: 6
[27-Aug-2026 15:49:26 America/Mexico_City] 📋 Datos empresa - Plan: premium, Org ID: 6986242e7c56a2008bcd3869, Timbres: 497
[27-Aug-2026 15:49:26 America/Mexico_City] 🔑 Obteniendo API Key de prueba para organización: 6986242e7c56a2008bcd3869
[27-Aug-2026 15:49:26 America/Mexico_City] ✅ API Key de prueba obtenida correctamente
[27-Aug-2026 15:49:26 America/Mexico_City] 💾 API Key de prueba guardada en sistema_config
[27-Aug-2026 15:49:26 America/Mexico_City] ✅ Configuración de Facturapi cargada - Plan: premium, API Key disponible: SÍ
[27-Aug-2026 15:49:26 America/Mexico_City] ✅ Caja encontrada por ID de sesión - ID: 8
[27-Aug-2026 15:49:27 America/Mexico_City] 📋 Datos empresa - Plan: premium, Org ID: 6986242e7c56a2008bcd3869, Timbres: 497
[27-Aug-2026 15:49:27 America/Mexico_City] 🔑 Obteniendo API Key de prueba para organización: 6986242e7c56a2008bcd3869
[27-Aug-2026 15:49:28 America/Mexico_City] ✅ API Key de prueba obtenida correctamente
[27-Aug-2026 15:49:28 America/Mexico_City] 💾 API Key de prueba guardada en sistema_config
[27-Aug-2026 15:49:28 America/Mexico_City] ✅ Configuración de Facturapi cargada - Plan: premium, API Key disponible: SÍ
[27-Aug-2026 15:49:28 America/Mexico_City] ✅ Caja encontrada por ID de sesión - ID: 8
[27-Aug-2026 15:49:32 America/Mexico_City] 📋 Datos empresa - Plan: premium, Org ID: 6986242e7c56a2008bcd3869, Timbres: 497
[27-Aug-2026 15:49:32 America/Mexico_City] 🔑 Obteniendo API Key de prueba para organización: 6986242e7c56a2008bcd3869
[27-Aug-2026 15:49:33 America/Mexico_City] ✅ API Key de prueba obtenida correctamente
[27-Aug-2026 15:49:33 America/Mexico_City] 💾 API Key de prueba guardada en sistema_config
[27-Aug-2026 15:49:33 America/Mexico_City] ✅ Configuración de Facturapi cargada - Plan: premium, API Key disponible: SÍ
[27-Aug-2026 15:49:33 America/Mexico_City] ✅ Caja encontrada por ID de sesión - ID: 8
[27-Aug-2026 15:57:25 America/Mexico_City] 📋 Datos empresa - Plan: premium, Org ID: , Timbres: 500
[27-Aug-2026 15:57:25 America/Mexico_City] ⚠️ No se puede obtener API Key - Org ID: 
[27-Aug-2026 15:57:25 America/Mexico_City] ✅ Configuración de Facturapi cargada - Plan: premium, API Key disponible: SÍ
[27-Aug-2026 15:57:25 America/Mexico_City] Error al obtener configuración: SQLSTATE[42S22]: Column not found: 1054 Unknown column 'paypal_client_id' in 'field list'
[27-Aug-2026 15:57:25 America/Mexico_City] ✅ Caja encontrada por ID de sesión - ID: 6
[27-Aug-2026 15:58:04 America/Mexico_City] 📋 Datos empresa - Plan: premium, Org ID: , Timbres: 500
[27-Aug-2026 15:58:04 America/Mexico_City] ⚠️ No se puede obtener API Key - Org ID: 
[27-Aug-2026 15:58:04 America/Mexico_City] ✅ Configuración de Facturapi cargada - Plan: premium, API Key disponible: SÍ
[27-Aug-2026 15:58:04 America/Mexico_City] Error al obtener configuración: SQLSTATE[42S22]: Column not found: 1054 Unknown column 'paypal_client_id' in 'field list'
[27-Aug-2026 15:58:04 America/Mexico_City] ✅ Caja encontrada por ID de sesión - ID: 6
[27-Aug-2026 15:58:05 America/Mexico_City] 📋 Datos empresa - Plan: premium, Org ID: , Timbres: 500
[27-Aug-2026 15:58:05 America/Mexico_City] ⚠️ No se puede obtener API Key - Org ID: 
[27-Aug-2026 15:58:05 America/Mexico_City] ✅ Configuración de Facturapi cargada - Plan: premium, API Key disponible: SÍ
[27-Aug-2026 15:58:05 America/Mexico_City] Error al obtener configuración: SQLSTATE[42S22]: Column not found: 1054 Unknown column 'paypal_client_id' in 'field list'
[27-Aug-2026 15:58:05 America/Mexico_City] ✅ Caja encontrada por ID de sesión - ID: 6
[27-Aug-2026 15:58:26 America/Mexico_City] 📋 Datos empresa - Plan: premium, Org ID: , Timbres: 500
[27-Aug-2026 15:58:26 America/Mexico_City] ⚠️ No se puede obtener API Key - Org ID: 
[27-Aug-2026 15:58:26 America/Mexico_City] ✅ Configuración de Facturapi cargada - Plan: premium, API Key disponible: SÍ
[27-Aug-2026 15:58:26 America/Mexico_City] Error al obtener configuración: SQLSTATE[42S22]: Column not found: 1054 Unknown column 'paypal_client_id' in 'field list'
[27-Aug-2026 15:58:26 America/Mexico_City] ✅ Caja encontrada por ID de sesión - ID: 6
[27-Aug-2026 15:58:26 America/Mexico_City] === INICIO PROCESAR PAGO ===
[27-Aug-2026 15:58:26 America/Mexico_City] Plan de empresa: premium
[27-Aug-2026 15:58:26 America/Mexico_City] Timbres disponibles: 500
[27-Aug-2026 15:58:26 America/Mexico_City] ✅ Venta insertada - ID: 93, Código: 20260827155826
[27-Aug-2026 15:58:26 America/Mexico_City] ✅ STOCK ACTUALIZADO - Producto: TRABAJO ESPECIFICO DE MARKETING, Cantidad descontada: 1
[27-Aug-2026 15:58:26 America/Mexico_City] ✅ Caja actualizada correctamente
[27-Aug-2026 15:58:26 America/Mexico_City] 🎯 Plan Premium detectado - Generando recibo Facturapi
[27-Aug-2026 15:58:26 America/Mexico_City] 🔑 Usando API Key: sk_test_3N...
[27-Aug-2026 15:58:26 America/Mexico_City] ⚠️ Producto ID 146 no tiene facturapi_producto_id
[27-Aug-2026 15:58:26 America/Mexico_City] ❌ Error al crear recibo Facturapi: No se encontraron productos válidos para Facturapi.
[27-Aug-2026 15:58:27 America/Mexico_City] 📋 Datos empresa - Plan: premium, Org ID: , Timbres: 500
[27-Aug-2026 15:58:27 America/Mexico_City] ⚠️ No se puede obtener API Key - Org ID: 
[27-Aug-2026 15:58:27 America/Mexico_City] ✅ Configuración de Facturapi cargada - Plan: premium, API Key disponible: SÍ
[27-Aug-2026 15:58:27 America/Mexico_City] Error al obtener configuración: SQLSTATE[42S22]: Column not found: 1054 Unknown column 'paypal_client_id' in 'field list'
[27-Aug-2026 15:58:27 America/Mexico_City] ✅ Caja encontrada por ID de sesión - ID: 6
[27-Aug-2026 15:58:37 America/Mexico_City] 📋 Datos empresa - Plan: premium, Org ID: , Timbres: 500
[27-Aug-2026 15:58:37 America/Mexico_City] ⚠️ No se puede obtener API Key - Org ID: 
[27-Aug-2026 15:58:37 America/Mexico_City] ✅ Configuración de Facturapi cargada - Plan: premium, API Key disponible: SÍ
[27-Aug-2026 15:58:37 America/Mexico_City] Error al obtener configuración: SQLSTATE[42S22]: Column not found: 1054 Unknown column 'paypal_client_id' in 'field list'
[27-Aug-2026 15:58:37 America/Mexico_City] Buscando caja por usuario/sucursal...
[27-Aug-2026 15:58:37 America/Mexico_City] ✅ Caja encontrada por usuario/sucursal - ID: 5
[27-Aug-2026 15:58:41 America/Mexico_City] 📋 Datos empresa - Plan: premium, Org ID: , Timbres: 500
[27-Aug-2026 15:58:41 America/Mexico_City] ⚠️ No se puede obtener API Key - Org ID: 
[27-Aug-2026 15:58:41 America/Mexico_City] ✅ Configuración de Facturapi cargada - Plan: premium, API Key disponible: SÍ
[27-Aug-2026 15:58:41 America/Mexico_City] Error al obtener configuración: SQLSTATE[42S22]: Column not found: 1054 Unknown column 'paypal_client_id' in 'field list'
[27-Aug-2026 15:58:41 America/Mexico_City] ✅ Caja encontrada por ID de sesión - ID: 5
[27-Aug-2026 15:58:43 America/Mexico_City] 📋 Datos empresa - Plan: premium, Org ID: , Timbres: 500
[27-Aug-2026 15:58:43 America/Mexico_City] ⚠️ No se puede obtener API Key - Org ID: 
[27-Aug-2026 15:58:43 America/Mexico_City] ✅ Configuración de Facturapi cargada - Plan: premium, API Key disponible: SÍ
[27-Aug-2026 15:58:43 America/Mexico_City] Error al obtener configuración: SQLSTATE[42S22]: Column not found: 1054 Unknown column 'paypal_client_id' in 'field list'
[27-Aug-2026 15:58:43 America/Mexico_City] ✅ Caja encontrada por ID de sesión - ID: 5
[27-Aug-2026 15:58:54 America/Mexico_City] 📋 Datos empresa - Plan: premium, Org ID: , Timbres: 500
[27-Aug-2026 15:58:54 America/Mexico_City] ⚠️ No se puede obtener API Key - Org ID: 
[27-Aug-2026 15:58:54 America/Mexico_City] ✅ Configuración de Facturapi cargada - Plan: premium, API Key disponible: SÍ
[27-Aug-2026 15:58:54 America/Mexico_City] Error al obtener configuración: SQLSTATE[42S22]: Column not found: 1054 Unknown column 'paypal_client_id' in 'field list'
[27-Aug-2026 15:58:54 America/Mexico_City] ✅ Caja encontrada por ID de sesión - ID: 6
[27-Aug-2026 15:58:59 America/Mexico_City] 📋 Datos empresa - Plan: premium, Org ID: , Timbres: 500
[27-Aug-2026 15:58:59 America/Mexico_City] ⚠️ No se puede obtener API Key - Org ID: 
[27-Aug-2026 15:58:59 America/Mexico_City] ✅ Configuración de Facturapi cargada - Plan: premium, API Key disponible: SÍ
[27-Aug-2026 15:58:59 America/Mexico_City] Error al obtener configuración: SQLSTATE[42S22]: Column not found: 1054 Unknown column 'paypal_client_id' in 'field list'
[27-Aug-2026 15:58:59 America/Mexico_City] ✅ Caja encontrada por ID de sesión - ID: 5
[27-Aug-2026 15:59:00 America/Mexico_City] 📋 Datos empresa - Plan: premium, Org ID: , Timbres: 500
[27-Aug-2026 15:59:00 America/Mexico_City] ⚠️ No se puede obtener API Key - Org ID: 
[27-Aug-2026 15:59:00 America/Mexico_City] ✅ Configuración de Facturapi cargada - Plan: premium, API Key disponible: SÍ
[27-Aug-2026 15:59:00 America/Mexico_City] Error al obtener configuración: SQLSTATE[42S22]: Column not found: 1054 Unknown column 'paypal_client_id' in 'field list'
[27-Aug-2026 15:59:00 America/Mexico_City] ✅ Caja encontrada por ID de sesión - ID: 5
[27-Aug-2026 15:59:15 America/Mexico_City] 📋 Datos empresa - Plan: premium, Org ID: , Timbres: 500
[27-Aug-2026 15:59:15 America/Mexico_City] ⚠️ No se puede obtener API Key - Org ID: 
[27-Aug-2026 15:59:15 America/Mexico_City] ✅ Configuración de Facturapi cargada - Plan: premium, API Key disponible: SÍ
[27-Aug-2026 15:59:15 America/Mexico_City] Error al obtener configuración: SQLSTATE[42S22]: Column not found: 1054 Unknown column 'paypal_client_id' in 'field list'
[27-Aug-2026 15:59:15 America/Mexico_City] ✅ Caja encontrada por ID de sesión - ID: 6
[27-Aug-2026 15:59:32 America/Mexico_City] 📋 Datos empresa - Plan: premium, Org ID: , Timbres: 500
[27-Aug-2026 15:59:32 America/Mexico_City] ⚠️ No se puede obtener API Key - Org ID: 
[27-Aug-2026 15:59:32 America/Mexico_City] ✅ Configuración de Facturapi cargada - Plan: premium, API Key disponible: SÍ
[27-Aug-2026 15:59:32 America/Mexico_City] Error al obtener configuración: SQLSTATE[42S22]: Column not found: 1054 Unknown column 'paypal_client_id' in 'field list'
[27-Aug-2026 15:59:32 America/Mexico_City] ✅ Caja encontrada por ID de sesión - ID: 6
[27-Aug-2026 15:59:33 America/Mexico_City] 📋 Datos empresa - Plan: premium, Org ID: , Timbres: 500
[27-Aug-2026 15:59:33 America/Mexico_City] ⚠️ No se puede obtener API Key - Org ID: 
[27-Aug-2026 15:59:33 America/Mexico_City] ✅ Configuración de Facturapi cargada - Plan: premium, API Key disponible: SÍ
[27-Aug-2026 15:59:33 America/Mexico_City] Error al obtener configuración: SQLSTATE[42S22]: Column not found: 1054 Unknown column 'paypal_client_id' in 'field list'
[27-Aug-2026 15:59:33 America/Mexico_City] ✅ Caja encontrada por ID de sesión - ID: 6
[27-Aug-2026 15:59:51 America/Mexico_City] 📋 Datos empresa - Plan: premium, Org ID: , Timbres: 500
[27-Aug-2026 15:59:51 America/Mexico_City] ⚠️ No se puede obtener API Key - Org ID: 
[27-Aug-2026 15:59:51 America/Mexico_City] ✅ Configuración de Facturapi cargada - Plan: premium, API Key disponible: SÍ
[27-Aug-2026 15:59:51 America/Mexico_City] Error al obtener configuración: SQLSTATE[42S22]: Column not found: 1054 Unknown column 'paypal_client_id' in 'field list'
[27-Aug-2026 15:59:51 America/Mexico_City] ✅ Caja encontrada por ID de sesión - ID: 6
[27-Aug-2026 15:59:51 America/Mexico_City] === INICIO PROCESAR PAGO ===
[27-Aug-2026 15:59:51 America/Mexico_City] Plan de empresa: premium
[27-Aug-2026 15:59:51 America/Mexico_City] Timbres disponibles: 500
[27-Aug-2026 15:59:51 America/Mexico_City] ✅ Venta insertada - ID: 94, Código: 20260827155951
[27-Aug-2026 15:59:51 America/Mexico_City] ✅ STOCK ACTUALIZADO - Producto: TRABAJO FINANCIERO ESPECIFICO, Cantidad descontada: 1
[27-Aug-2026 15:59:51 America/Mexico_City] ✅ Caja actualizada correctamente
[27-Aug-2026 15:59:51 America/Mexico_City] 🎯 Plan Premium detectado - Generando recibo Facturapi
[27-Aug-2026 15:59:51 America/Mexico_City] 🔑 Usando API Key: sk_test_3N...
[27-Aug-2026 15:59:51 America/Mexico_City] ⚠️ Producto ID 139 no tiene facturapi_producto_id
[27-Aug-2026 15:59:51 America/Mexico_City] ❌ Error al crear recibo Facturapi: No se encontraron productos válidos para Facturapi.
[27-Aug-2026 15:59:51 America/Mexico_City] 📋 Datos empresa - Plan: premium, Org ID: , Timbres: 500
[27-Aug-2026 15:59:51 America/Mexico_City] ⚠️ No se puede obtener API Key - Org ID: 
[27-Aug-2026 15:59:51 America/Mexico_City] ✅ Configuración de Facturapi cargada - Plan: premium, API Key disponible: SÍ
[27-Aug-2026 15:59:51 America/Mexico_City] Error al obtener configuración: SQLSTATE[42S22]: Column not found: 1054 Unknown column 'paypal_client_id' in 'field list'
[27-Aug-2026 15:59:51 America/Mexico_City] ✅ Caja encontrada por ID de sesión - ID: 6
[27-Aug-2026 16:00:01 America/Mexico_City] 📋 Datos empresa - Plan: premium, Org ID: , Timbres: 500
[27-Aug-2026 16:00:01 America/Mexico_City] ⚠️ No se puede obtener API Key - Org ID: 
[27-Aug-2026 16:00:01 America/Mexico_City] ✅ Configuración de Facturapi cargada - Plan: premium, API Key disponible: SÍ
[27-Aug-2026 16:00:01 America/Mexico_City] Error al obtener configuración: SQLSTATE[42S22]: Column not found: 1054 Unknown column 'paypal_client_id' in 'field list'
[27-Aug-2026 16:00:01 America/Mexico_City] ✅ Caja encontrada por ID de sesión - ID: 5
[27-Aug-2026 16:00:03 America/Mexico_City] 📋 Datos empresa - Plan: premium, Org ID: , Timbres: 500
[27-Aug-2026 16:00:03 America/Mexico_City] ⚠️ No se puede obtener API Key - Org ID: 
[27-Aug-2026 16:00:03 America/Mexico_City] ✅ Configuración de Facturapi cargada - Plan: premium, API Key disponible: SÍ
[27-Aug-2026 16:00:03 America/Mexico_City] Error al obtener configuración: SQLSTATE[42S22]: Column not found: 1054 Unknown column 'paypal_client_id' in 'field list'
[27-Aug-2026 16:00:03 America/Mexico_City] ✅ Caja encontrada por ID de sesión - ID: 5
[27-Aug-2026 16:00:52 America/Mexico_City] 📋 Datos empresa - Plan: premium, Org ID: , Timbres: 500
[27-Aug-2026 16:00:52 America/Mexico_City] ⚠️ No se puede obtener API Key - Org ID: 
[27-Aug-2026 16:00:52 America/Mexico_City] ✅ Configuración de Facturapi cargada - Plan: premium, API Key disponible: SÍ
[27-Aug-2026 16:00:52 America/Mexico_City] Error al obtener configuración: SQLSTATE[42S22]: Column not found: 1054 Unknown column 'paypal_client_id' in 'field list'
[27-Aug-2026 16:00:52 America/Mexico_City] ✅ Caja encontrada por ID de sesión - ID: 6
[27-Aug-2026 16:01:03 America/Mexico_City] 📋 Datos empresa - Plan: premium, Org ID: , Timbres: 500
[27-Aug-2026 16:01:03 America/Mexico_City] ⚠️ No se puede obtener API Key - Org ID: 
[27-Aug-2026 16:01:03 America/Mexico_City] ✅ Configuración de Facturapi cargada - Plan: premium, API Key disponible: SÍ
[27-Aug-2026 16:01:03 America/Mexico_City] Error al obtener configuración: SQLSTATE[42S22]: Column not found: 1054 Unknown column 'paypal_client_id' in 'field list'
[27-Aug-2026 16:01:03 America/Mexico_City] ✅ Caja encontrada por ID de sesión - ID: 6
[27-Aug-2026 16:01:14 America/Mexico_City] 📋 Datos empresa - Plan: premium, Org ID: , Timbres: 500
[27-Aug-2026 16:01:14 America/Mexico_City] ⚠️ No se puede obtener API Key - Org ID: 
[27-Aug-2026 16:01:14 America/Mexico_City] ✅ Configuración de Facturapi cargada - Plan: premium, API Key disponible: SÍ
[27-Aug-2026 16:01:14 America/Mexico_City] Error al obtener configuración: SQLSTATE[42S22]: Column not found: 1054 Unknown column 'paypal_client_id' in 'field list'
[27-Aug-2026 16:01:14 America/Mexico_City] ✅ Caja encontrada por ID de sesión - ID: 6
[27-Aug-2026 16:01:15 America/Mexico_City] 📋 Datos empresa - Plan: premium, Org ID: , Timbres: 500
[27-Aug-2026 16:01:15 America/Mexico_City] ⚠️ No se puede obtener API Key - Org ID: 
[27-Aug-2026 16:01:15 America/Mexico_City] ✅ Configuración de Facturapi cargada - Plan: premium, API Key disponible: SÍ
[27-Aug-2026 16:01:15 America/Mexico_City] Error al obtener configuración: SQLSTATE[42S22]: Column not found: 1054 Unknown column 'paypal_client_id' in 'field list'
[27-Aug-2026 16:01:15 America/Mexico_City] ✅ Caja encontrada por ID de sesión - ID: 6
[27-Aug-2026 16:01:36 America/Mexico_City] 📋 Datos empresa - Plan: premium, Org ID: , Timbres: 500
[27-Aug-2026 16:01:36 America/Mexico_City] ⚠️ No se puede obtener API Key - Org ID: 
[27-Aug-2026 16:01:36 America/Mexico_City] ✅ Configuración de Facturapi cargada - Plan: premium, API Key disponible: SÍ
[27-Aug-2026 16:01:36 America/Mexico_City] Error al obtener configuración: SQLSTATE[42S22]: Column not found: 1054 Unknown column 'paypal_client_id' in 'field list'
[27-Aug-2026 16:01:36 America/Mexico_City] ✅ Caja encontrada por ID de sesión - ID: 6
[27-Aug-2026 16:01:36 America/Mexico_City] === INICIO PROCESAR PAGO ===
[27-Aug-2026 16:01:36 America/Mexico_City] Plan de empresa: premium
[27-Aug-2026 16:01:36 America/Mexico_City] Timbres disponibles: 500
[27-Aug-2026 16:01:36 America/Mexico_City] ✅ Venta insertada - ID: 95, Código: 20260827160136
[27-Aug-2026 16:01:36 America/Mexico_City] ✅ STOCK ACTUALIZADO - Producto: TRABAJO ESPECIFICO DE MARKETING, Cantidad descontada: 1
[27-Aug-2026 16:01:36 America/Mexico_City] ✅ Caja actualizada correctamente
[27-Aug-2026 16:01:36 America/Mexico_City] 🎯 Plan Premium detectado - Generando recibo Facturapi
[27-Aug-2026 16:01:36 America/Mexico_City] 🔑 Usando API Key: sk_test_3N...
[27-Aug-2026 16:01:36 America/Mexico_City] ⚠️ Producto ID 146 no tiene facturapi_producto_id
[27-Aug-2026 16:01:36 America/Mexico_City] ❌ Error al crear recibo Facturapi: No se encontraron productos válidos para Facturapi.
[27-Aug-2026 16:01:36 America/Mexico_City] 📋 Datos empresa - Plan: premium, Org ID: , Timbres: 500
[27-Aug-2026 16:01:36 America/Mexico_City] ⚠️ No se puede obtener API Key - Org ID: 
[27-Aug-2026 16:01:36 America/Mexico_City] ✅ Configuración de Facturapi cargada - Plan: premium, API Key disponible: SÍ
[27-Aug-2026 16:01:36 America/Mexico_City] Error al obtener configuración: SQLSTATE[42S22]: Column not found: 1054 Unknown column 'paypal_client_id' in 'field list'
[27-Aug-2026 16:01:36 America/Mexico_City] ✅ Caja encontrada por ID de sesión - ID: 6
[27-Aug-2026 16:04:29 America/Mexico_City] 📋 Datos empresa - Plan: premium, Org ID: 6986242e7c56a2008bcd3869, Timbres: 497
[27-Aug-2026 16:04:29 America/Mexico_City] 🔑 Obteniendo API Key de prueba para organización: 6986242e7c56a2008bcd3869
[27-Aug-2026 16:04:30 America/Mexico_City] ✅ API Key de prueba obtenida correctamente
[27-Aug-2026 16:04:30 America/Mexico_City] 💾 API Key de prueba guardada en sistema_config
[27-Aug-2026 16:04:30 America/Mexico_City] ✅ Configuración de Facturapi cargada - Plan: premium, API Key disponible: SÍ
[27-Aug-2026 16:04:30 America/Mexico_City] ✅ Caja encontrada por ID de sesión - ID: 8
[27-Aug-2026 16:04:47 America/Mexico_City] 📋 Datos empresa - Plan: premium, Org ID: 6986242e7c56a2008bcd3869, Timbres: 497
[27-Aug-2026 16:04:47 America/Mexico_City] 🔑 Obteniendo API Key de prueba para organización: 6986242e7c56a2008bcd3869
[27-Aug-2026 16:04:47 America/Mexico_City] ✅ API Key de prueba obtenida correctamente
[27-Aug-2026 16:04:47 America/Mexico_City] 💾 API Key de prueba guardada en sistema_config
[27-Aug-2026 16:04:47 America/Mexico_City] ✅ Configuración de Facturapi cargada - Plan: premium, API Key disponible: SÍ
[27-Aug-2026 16:04:47 America/Mexico_City] ✅ Caja encontrada por ID de sesión - ID: 8
[27-Aug-2026 16:04:48 America/Mexico_City] 📋 Datos empresa - Plan: premium, Org ID: , Timbres: 500
[27-Aug-2026 16:04:48 America/Mexico_City] ⚠️ No se puede obtener API Key - Org ID: 
[27-Aug-2026 16:04:48 America/Mexico_City] ✅ Configuración de Facturapi cargada - Plan: premium, API Key disponible: SÍ
[27-Aug-2026 16:04:48 America/Mexico_City] Error al obtener configuración: SQLSTATE[42S22]: Column not found: 1054 Unknown column 'paypal_client_id' in 'field list'
[27-Aug-2026 16:04:48 America/Mexico_City] ✅ Caja encontrada por ID de sesión - ID: 6
[27-Aug-2026 16:05:10 America/Mexico_City] 📋 Datos empresa - Plan: premium, Org ID: , Timbres: 500
[27-Aug-2026 16:05:10 America/Mexico_City] ⚠️ No se puede obtener API Key - Org ID: 
[27-Aug-2026 16:05:10 America/Mexico_City] ✅ Configuración de Facturapi cargada - Plan: premium, API Key disponible: SÍ
[27-Aug-2026 16:05:10 America/Mexico_City] Error al obtener configuración: SQLSTATE[42S22]: Column not found: 1054 Unknown column 'paypal_client_id' in 'field list'
[27-Aug-2026 16:05:10 America/Mexico_City] ✅ Caja encontrada por ID de sesión - ID: 6
[27-Aug-2026 16:05:20 America/Mexico_City] 📋 Datos empresa - Plan: premium, Org ID: , Timbres: 500
[27-Aug-2026 16:05:20 America/Mexico_City] ⚠️ No se puede obtener API Key - Org ID: 
[27-Aug-2026 16:05:20 America/Mexico_City] ✅ Configuración de Facturapi cargada - Plan: premium, API Key disponible: SÍ
[27-Aug-2026 16:05:20 America/Mexico_City] Error al obtener configuración: SQLSTATE[42S22]: Column not found: 1054 Unknown column 'paypal_client_id' in 'field list'
[27-Aug-2026 16:05:20 America/Mexico_City] ✅ Caja encontrada por ID de sesión - ID: 6
[27-Aug-2026 16:05:21 America/Mexico_City] 📋 Datos empresa - Plan: premium, Org ID: , Timbres: 500
[27-Aug-2026 16:05:21 America/Mexico_City] ⚠️ No se puede obtener API Key - Org ID: 
[27-Aug-2026 16:05:21 America/Mexico_City] ✅ Configuración de Facturapi cargada - Plan: premium, API Key disponible: SÍ
[27-Aug-2026 16:05:21 America/Mexico_City] Error al obtener configuración: SQLSTATE[42S22]: Column not found: 1054 Unknown column 'paypal_client_id' in 'field list'
[27-Aug-2026 16:05:21 America/Mexico_City] ✅ Caja encontrada por ID de sesión - ID: 6
[27-Aug-2026 16:05:37 America/Mexico_City] 📋 Datos empresa - Plan: premium, Org ID: , Timbres: 500
[27-Aug-2026 16:05:37 America/Mexico_City] ⚠️ No se puede obtener API Key - Org ID: 
[27-Aug-2026 16:05:37 America/Mexico_City] ✅ Configuración de Facturapi cargada - Plan: premium, API Key disponible: SÍ
[27-Aug-2026 16:05:37 America/Mexico_City] Error al obtener configuración: SQLSTATE[42S22]: Column not found: 1054 Unknown column 'paypal_client_id' in 'field list'
[27-Aug-2026 16:05:37 America/Mexico_City] ✅ Caja encontrada por ID de sesión - ID: 6
[27-Aug-2026 16:05:37 America/Mexico_City] === INICIO PROCESAR PAGO ===
[27-Aug-2026 16:05:37 America/Mexico_City] Plan de empresa: premium
[27-Aug-2026 16:05:37 America/Mexico_City] Timbres disponibles: 500
[27-Aug-2026 16:05:37 America/Mexico_City] ✅ Venta insertada - ID: 96, Código: 20260827160537
[27-Aug-2026 16:05:37 America/Mexico_City] ✅ STOCK ACTUALIZADO - Producto: TRABAJO ESPECIFICO DE MARKETING, Cantidad descontada: 1
[27-Aug-2026 16:05:37 America/Mexico_City] ✅ Caja actualizada correctamente
[27-Aug-2026 16:05:37 America/Mexico_City] 🎯 Plan Premium detectado - Generando recibo Facturapi
[27-Aug-2026 16:05:37 America/Mexico_City] 🔑 Usando API Key: sk_test_3N...
[27-Aug-2026 16:05:37 America/Mexico_City] ⚠️ Producto ID 146 no tiene facturapi_producto_id
[27-Aug-2026 16:05:37 America/Mexico_City] ❌ Error al crear recibo Facturapi: No se encontraron productos válidos para Facturapi.
[27-Aug-2026 16:05:38 America/Mexico_City] 📋 Datos empresa - Plan: premium, Org ID: , Timbres: 500
[27-Aug-2026 16:05:38 America/Mexico_City] ⚠️ No se puede obtener API Key - Org ID: 
[27-Aug-2026 16:05:38 America/Mexico_City] ✅ Configuración de Facturapi cargada - Plan: premium, API Key disponible: SÍ
[27-Aug-2026 16:05:38 America/Mexico_City] Error al obtener configuración: SQLSTATE[42S22]: Column not found: 1054 Unknown column 'paypal_client_id' in 'field list'
[27-Aug-2026 16:05:38 America/Mexico_City] ✅ Caja encontrada por ID de sesión - ID: 6
[27-Aug-2026 16:06:32 America/Mexico_City] 📋 Datos empresa - Plan: premium, Org ID: 6986242e7c56a2008bcd3869, Timbres: 497
[27-Aug-2026 16:06:32 America/Mexico_City] 🔑 Obteniendo API Key de prueba para organización: 6986242e7c56a2008bcd3869
[27-Aug-2026 16:06:32 America/Mexico_City] ✅ API Key de prueba obtenida correctamente
[27-Aug-2026 16:06:32 America/Mexico_City] 💾 API Key de prueba guardada en sistema_config
[27-Aug-2026 16:06:32 America/Mexico_City] ✅ Configuración de Facturapi cargada - Plan: premium, API Key disponible: SÍ
[27-Aug-2026 16:06:32 America/Mexico_City] ✅ Caja encontrada por ID de sesión - ID: 8
[27-Aug-2026 16:06:54 America/Mexico_City] 📋 Datos empresa - Plan: premium, Org ID: 6986242e7c56a2008bcd3869, Timbres: 497
[27-Aug-2026 16:06:54 America/Mexico_City] 🔑 Obteniendo API Key de prueba para organización: 6986242e7c56a2008bcd3869
[27-Aug-2026 16:06:54 America/Mexico_City] ✅ API Key de prueba obtenida correctamente
[27-Aug-2026 16:06:54 America/Mexico_City] 💾 API Key de prueba guardada en sistema_config
[27-Aug-2026 16:06:54 America/Mexico_City] ✅ Configuración de Facturapi cargada - Plan: premium, API Key disponible: SÍ
[27-Aug-2026 16:06:54 America/Mexico_City] ✅ Caja encontrada por ID de sesión - ID: 8
[27-Aug-2026 16:06:56 America/Mexico_City] 📋 Datos empresa - Plan: premium, Org ID: 6986242e7c56a2008bcd3869, Timbres: 497
[27-Aug-2026 16:06:56 America/Mexico_City] 🔑 Obteniendo API Key de prueba para organización: 6986242e7c56a2008bcd3869
[27-Aug-2026 16:06:56 America/Mexico_City] ✅ API Key de prueba obtenida correctamente
[27-Aug-2026 16:06:56 America/Mexico_City] 💾 API Key de prueba guardada en sistema_config
[27-Aug-2026 16:06:56 America/Mexico_City] ✅ Configuración de Facturapi cargada - Plan: premium, API Key disponible: SÍ
[27-Aug-2026 16:06:56 America/Mexico_City] ✅ Caja encontrada por ID de sesión - ID: 8
[27-Aug-2026 16:07:59 America/Mexico_City] 📋 Datos empresa - Plan: premium, Org ID: 6986242e7c56a2008bcd3869, Timbres: 497
[27-Aug-2026 16:07:59 America/Mexico_City] 🔑 Obteniendo API Key de prueba para organización: 6986242e7c56a2008bcd3869
[27-Aug-2026 16:07:59 America/Mexico_City] ✅ API Key de prueba obtenida correctamente
[27-Aug-2026 16:08:00 America/Mexico_City] 💾 API Key de prueba guardada en sistema_config
[27-Aug-2026 16:08:00 America/Mexico_City] ✅ Configuración de Facturapi cargada - Plan: premium, API Key disponible: SÍ
[27-Aug-2026 16:08:00 America/Mexico_City] ✅ Caja encontrada por ID de sesión - ID: 8
[27-Aug-2026 16:08:00 America/Mexico_City] === INICIO actualizar_descuento_ajax ===
[27-Aug-2026 16:08:00 America/Mexico_City] Datos recibidos - producto_id: 7, descuento: 0, index: 0
[27-Aug-2026 16:08:00 America/Mexico_City] Descuento actualizado en BD para producto ID: 7
[27-Aug-2026 16:08:00 America/Mexico_City] Respuesta exitosa preparada
[27-Aug-2026 16:08:00 America/Mexico_City] === FIN actualizar_descuento_ajax ===
[27-Aug-2026 16:13:09 America/Mexico_City] 📋 Datos empresa - Plan: premium, Org ID: , Timbres: 500
[27-Aug-2026 16:13:09 America/Mexico_City] ⚠️ No se puede obtener API Key - Org ID: 
[27-Aug-2026 16:13:09 America/Mexico_City] ✅ Configuración de Facturapi cargada - Plan: premium, API Key disponible: SÍ
[27-Aug-2026 16:13:09 America/Mexico_City] Error al obtener configuración: SQLSTATE[42S22]: Column not found: 1054 Unknown column 'paypal_client_id' in 'field list'
[27-Aug-2026 16:13:09 America/Mexico_City] ✅ Caja encontrada por ID de sesión - ID: 6
[27-Aug-2026 16:13:16 America/Mexico_City] 📋 Datos empresa - Plan: premium, Org ID: , Timbres: 500
[27-Aug-2026 16:13:16 America/Mexico_City] ⚠️ No se puede obtener API Key - Org ID: 
[27-Aug-2026 16:13:16 America/Mexico_City] ✅ Configuración de Facturapi cargada - Plan: premium, API Key disponible: SÍ
[27-Aug-2026 16:13:16 America/Mexico_City] Error al obtener configuración: SQLSTATE[42S22]: Column not found: 1054 Unknown column 'paypal_client_id' in 'field list'
[27-Aug-2026 16:13:16 America/Mexico_City] ✅ Caja encontrada por ID de sesión - ID: 6
[27-Aug-2026 16:13:26 America/Mexico_City] 📋 Datos empresa - Plan: premium, Org ID: , Timbres: 500
[27-Aug-2026 16:13:26 America/Mexico_City] ⚠️ No se puede obtener API Key - Org ID: 
[27-Aug-2026 16:13:26 America/Mexico_City] ✅ Configuración de Facturapi cargada - Plan: premium, API Key disponible: SÍ
[27-Aug-2026 16:13:26 America/Mexico_City] Error al obtener configuración: SQLSTATE[42S22]: Column not found: 1054 Unknown column 'paypal_client_id' in 'field list'
[27-Aug-2026 16:13:26 America/Mexico_City] ✅ Caja encontrada por ID de sesión - ID: 6
[27-Aug-2026 16:13:54 America/Mexico_City] 📋 Datos empresa - Plan: premium, Org ID: , Timbres: 500
[27-Aug-2026 16:13:54 America/Mexico_City] ⚠️ No se puede obtener API Key - Org ID: 
[27-Aug-2026 16:13:54 America/Mexico_City] ✅ Configuración de Facturapi cargada - Plan: premium, API Key disponible: SÍ
[27-Aug-2026 16:13:54 America/Mexico_City] Error al obtener configuración: SQLSTATE[42S22]: Column not found: 1054 Unknown column 'paypal_client_id' in 'field list'
[27-Aug-2026 16:13:54 America/Mexico_City] ✅ Caja encontrada por ID de sesión - ID: 6
[27-Aug-2026 16:13:58 America/Mexico_City] 📋 Datos empresa - Plan: premium, Org ID: , Timbres: 500
[27-Aug-2026 16:13:58 America/Mexico_City] ⚠️ No se puede obtener API Key - Org ID: 
[27-Aug-2026 16:13:58 America/Mexico_City] ✅ Configuración de Facturapi cargada - Plan: premium, API Key disponible: SÍ
[27-Aug-2026 16:13:58 America/Mexico_City] Error al obtener configuración: SQLSTATE[42S22]: Column not found: 1054 Unknown column 'paypal_client_id' in 'field list'
[27-Aug-2026 16:13:58 America/Mexico_City] ✅ Caja encontrada por ID de sesión - ID: 6
[27-Aug-2026 16:13:59 America/Mexico_City] 📋 Datos empresa - Plan: premium, Org ID: , Timbres: 500
[27-Aug-2026 16:13:59 America/Mexico_City] ⚠️ No se puede obtener API Key - Org ID: 
[27-Aug-2026 16:13:59 America/Mexico_City] ✅ Configuración de Facturapi cargada - Plan: premium, API Key disponible: SÍ
[27-Aug-2026 16:13:59 America/Mexico_City] Error al obtener configuración: SQLSTATE[42S22]: Column not found: 1054 Unknown column 'paypal_client_id' in 'field list'
[27-Aug-2026 16:13:59 America/Mexico_City] ✅ Caja encontrada por ID de sesión - ID: 6
[27-Aug-2026 16:21:23 America/Mexico_City] 📋 Datos empresa - Plan: premium, Org ID: , Timbres: 500
[27-Aug-2026 16:21:23 America/Mexico_City] ⚠️ No se puede obtener API Key - Org ID: 
[27-Aug-2026 16:21:23 America/Mexico_City] ✅ Configuración de Facturapi cargada - Plan: premium, API Key disponible: SÍ
[27-Aug-2026 16:21:23 America/Mexico_City] Error al obtener configuración: SQLSTATE[42S22]: Column not found: 1054 Unknown column 'paypal_client_id' in 'field list'
[27-Aug-2026 16:21:23 America/Mexico_City] ✅ Caja encontrada por ID de sesión - ID: 6
[27-Aug-2026 16:21:39 America/Mexico_City] 📋 Datos empresa - Plan: premium, Org ID: , Timbres: 500
[27-Aug-2026 16:21:39 America/Mexico_City] ⚠️ No se puede obtener API Key - Org ID: 
[27-Aug-2026 16:21:39 America/Mexico_City] ✅ Configuración de Facturapi cargada - Plan: premium, API Key disponible: SÍ
[27-Aug-2026 16:21:39 America/Mexico_City] Error al obtener configuración: SQLSTATE[42S22]: Column not found: 1054 Unknown column 'paypal_client_id' in 'field list'
[27-Aug-2026 16:21:39 America/Mexico_City] ✅ Caja encontrada por ID de sesión - ID: 6
[27-Aug-2026 16:22:00 America/Mexico_City] 📋 Datos empresa - Plan: premium, Org ID: , Timbres: 500
[27-Aug-2026 16:22:00 America/Mexico_City] ⚠️ No se puede obtener API Key - Org ID: 
[27-Aug-2026 16:22:00 America/Mexico_City] ✅ Configuración de Facturapi cargada - Plan: premium, API Key disponible: SÍ
[27-Aug-2026 16:22:00 America/Mexico_City] Error al obtener configuración: SQLSTATE[42S22]: Column not found: 1054 Unknown column 'paypal_client_id' in 'field list'
[27-Aug-2026 16:22:01 America/Mexico_City] ✅ Caja encontrada por ID de sesión - ID: 6
[27-Aug-2026 16:22:02 America/Mexico_City] 📋 Datos empresa - Plan: premium, Org ID: , Timbres: 500
[27-Aug-2026 16:22:02 America/Mexico_City] ⚠️ No se puede obtener API Key - Org ID: 
[27-Aug-2026 16:22:02 America/Mexico_City] ✅ Configuración de Facturapi cargada - Plan: premium, API Key disponible: SÍ
[27-Aug-2026 16:22:02 America/Mexico_City] Error al obtener configuración: SQLSTATE[42S22]: Column not found: 1054 Unknown column 'paypal_client_id' in 'field list'
[27-Aug-2026 16:22:02 America/Mexico_City] ✅ Caja encontrada por ID de sesión - ID: 6
[27-Aug-2026 16:22:41 America/Mexico_City] 📋 Datos empresa - Plan: premium, Org ID: , Timbres: 500
[27-Aug-2026 16:22:41 America/Mexico_City] ⚠️ No se puede obtener API Key - Org ID: 
[27-Aug-2026 16:22:41 America/Mexico_City] ✅ Configuración de Facturapi cargada - Plan: premium, API Key disponible: SÍ
[27-Aug-2026 16:22:41 America/Mexico_City] Error al obtener configuración: SQLSTATE[42S22]: Column not found: 1054 Unknown column 'paypal_client_id' in 'field list'
[27-Aug-2026 16:22:41 America/Mexico_City] ✅ Caja encontrada por ID de sesión - ID: 6
[27-Aug-2026 16:22:41 America/Mexico_City] === INICIO PROCESAR PAGO ===
[27-Aug-2026 16:22:41 America/Mexico_City] Plan de empresa: premium
[27-Aug-2026 16:22:41 America/Mexico_City] Timbres disponibles: 500
[27-Aug-2026 16:22:41 America/Mexico_City] ✅ Venta insertada - ID: 97, Código: 20260827162241
[27-Aug-2026 16:22:41 America/Mexico_City] ✅ STOCK ACTUALIZADO - Producto: TRABAJO FINANCIERO ESPECIFICO, Cantidad descontada: 1
[27-Aug-2026 16:22:41 America/Mexico_City] ✅ Caja actualizada correctamente
[27-Aug-2026 16:22:41 America/Mexico_City] 🎯 Plan Premium detectado - Generando recibo Facturapi
[27-Aug-2026 16:22:41 America/Mexico_City] 🔑 Usando API Key: sk_test_3N...
[27-Aug-2026 16:22:41 America/Mexico_City] ⚠️ Producto ID 139 no tiene facturapi_producto_id
[27-Aug-2026 16:22:41 America/Mexico_City] ❌ Error al crear recibo Facturapi: No se encontraron productos válidos para Facturapi.
[27-Aug-2026 16:22:41 America/Mexico_City] 📋 Datos empresa - Plan: premium, Org ID: , Timbres: 500
[27-Aug-2026 16:22:41 America/Mexico_City] ⚠️ No se puede obtener API Key - Org ID: 
[27-Aug-2026 16:22:41 America/Mexico_City] ✅ Configuración de Facturapi cargada - Plan: premium, API Key disponible: SÍ
[27-Aug-2026 16:22:41 America/Mexico_City] Error al obtener configuración: SQLSTATE[42S22]: Column not found: 1054 Unknown column 'paypal_client_id' in 'field list'
[27-Aug-2026 16:22:41 America/Mexico_City] ✅ Caja encontrada por ID de sesión - ID: 6
[27-Aug-2026 16:24:32 America/Mexico_City] 📋 Datos empresa - Plan: premium, Org ID: , Timbres: 500
[27-Aug-2026 16:24:32 America/Mexico_City] ⚠️ No se puede obtener API Key - Org ID: 
[27-Aug-2026 16:24:32 America/Mexico_City] ✅ Configuración de Facturapi cargada - Plan: premium, API Key disponible: SÍ
[27-Aug-2026 16:24:32 America/Mexico_City] Error al obtener configuración: SQLSTATE[42S22]: Column not found: 1054 Unknown column 'paypal_client_id' in 'field list'
[27-Aug-2026 16:24:32 America/Mexico_City] ✅ Caja encontrada por ID de sesión - ID: 6
[27-Aug-2026 16:24:42 America/Mexico_City] 📋 Datos empresa - Plan: premium, Org ID: , Timbres: 500
[27-Aug-2026 16:24:42 America/Mexico_City] ⚠️ No se puede obtener API Key - Org ID: 
[27-Aug-2026 16:24:42 America/Mexico_City] ✅ Configuración de Facturapi cargada - Plan: premium, API Key disponible: SÍ
[27-Aug-2026 16:24:42 America/Mexico_City] Error al obtener configuración: SQLSTATE[42S22]: Column not found: 1054 Unknown column 'paypal_client_id' in 'field list'
[27-Aug-2026 16:24:42 America/Mexico_City] ✅ Caja encontrada por ID de sesión - ID: 6
[27-Aug-2026 16:27:14 America/Mexico_City] 📋 Datos empresa - Plan: premium, Org ID: , Timbres: 500
[27-Aug-2026 16:27:14 America/Mexico_City] ⚠️ No se puede obtener API Key - Org ID: 
[27-Aug-2026 16:27:14 America/Mexico_City] ✅ Configuración de Facturapi cargada - Plan: premium, API Key disponible: SÍ
[27-Aug-2026 16:27:14 America/Mexico_City] Error al obtener configuración: SQLSTATE[42S22]: Column not found: 1054 Unknown column 'paypal_client_id' in 'field list'
[27-Aug-2026 16:27:14 America/Mexico_City] ✅ Caja encontrada por ID de sesión - ID: 6
[27-Aug-2026 16:27:16 America/Mexico_City] 📋 Datos empresa - Plan: premium, Org ID: , Timbres: 500
[27-Aug-2026 16:27:16 America/Mexico_City] ⚠️ No se puede obtener API Key - Org ID: 
[27-Aug-2026 16:27:16 America/Mexico_City] ✅ Configuración de Facturapi cargada - Plan: premium, API Key disponible: SÍ
[27-Aug-2026 16:27:16 America/Mexico_City] Error al obtener configuración: SQLSTATE[42S22]: Column not found: 1054 Unknown column 'paypal_client_id' in 'field list'
[27-Aug-2026 16:27:16 America/Mexico_City] ✅ Caja encontrada por ID de sesión - ID: 6
[27-Aug-2026 16:27:17 America/Mexico_City] 📋 Datos empresa - Plan: premium, Org ID: , Timbres: 500
[27-Aug-2026 16:27:17 America/Mexico_City] ⚠️ No se puede obtener API Key - Org ID: 
[27-Aug-2026 16:27:17 America/Mexico_City] ✅ Configuración de Facturapi cargada - Plan: premium, API Key disponible: SÍ
[27-Aug-2026 16:27:17 America/Mexico_City] Error al obtener configuración: SQLSTATE[42S22]: Column not found: 1054 Unknown column 'paypal_client_id' in 'field list'
[27-Aug-2026 16:27:17 America/Mexico_City] ✅ Caja encontrada por ID de sesión - ID: 6
[27-Aug-2026 16:27:30 America/Mexico_City] 📋 Datos empresa - Plan: premium, Org ID: , Timbres: 500
[27-Aug-2026 16:27:30 America/Mexico_City] ⚠️ No se puede obtener API Key - Org ID: 
[27-Aug-2026 16:27:30 America/Mexico_City] ✅ Configuración de Facturapi cargada - Plan: premium, API Key disponible: SÍ
[27-Aug-2026 16:27:30 America/Mexico_City] Error al obtener configuración: SQLSTATE[42S22]: Column not found: 1054 Unknown column 'paypal_client_id' in 'field list'
[27-Aug-2026 16:27:30 America/Mexico_City] ✅ Caja encontrada por ID de sesión - ID: 6
[27-Aug-2026 16:27:32 America/Mexico_City] 📋 Datos empresa - Plan: premium, Org ID: , Timbres: 500
[27-Aug-2026 16:27:32 America/Mexico_City] ⚠️ No se puede obtener API Key - Org ID: 
[27-Aug-2026 16:27:32 America/Mexico_City] ✅ Configuración de Facturapi cargada - Plan: premium, API Key disponible: SÍ
[27-Aug-2026 16:27:32 America/Mexico_City] Error al obtener configuración: SQLSTATE[42S22]: Column not found: 1054 Unknown column 'paypal_client_id' in 'field list'
[27-Aug-2026 16:27:32 America/Mexico_City] ✅ Caja encontrada por ID de sesión - ID: 6
[27-Aug-2026 16:28:00 America/Mexico_City] 📋 Datos empresa - Plan: premium, Org ID: , Timbres: 500
[27-Aug-2026 16:28:00 America/Mexico_City] ⚠️ No se puede obtener API Key - Org ID: 
[27-Aug-2026 16:28:00 America/Mexico_City] ✅ Configuración de Facturapi cargada - Plan: premium, API Key disponible: SÍ
[27-Aug-2026 16:28:00 America/Mexico_City] Error al obtener configuración: SQLSTATE[42S22]: Column not found: 1054 Unknown column 'paypal_client_id' in 'field list'
[27-Aug-2026 16:28:00 America/Mexico_City] ✅ Caja encontrada por ID de sesión - ID: 6
[27-Aug-2026 16:28:00 America/Mexico_City] === INICIO PROCESAR PAGO ===
[27-Aug-2026 16:28:00 America/Mexico_City] Plan de empresa: premium
[27-Aug-2026 16:28:00 America/Mexico_City] Timbres disponibles: 500
[27-Aug-2026 16:28:00 America/Mexico_City] ✅ Venta insertada - ID: 98, Código: 20260827162800
[27-Aug-2026 16:28:00 America/Mexico_City] ✅ STOCK ACTUALIZADO - Producto: TRABAJO FINANCIERO ESPECIFICO, Cantidad descontada: 1
[27-Aug-2026 16:28:00 America/Mexico_City] ✅ Caja actualizada correctamente
[27-Aug-2026 16:28:00 America/Mexico_City] 🎯 Plan Premium detectado - Generando recibo Facturapi
[27-Aug-2026 16:28:00 America/Mexico_City] 🔑 Usando API Key: sk_test_3N...
[27-Aug-2026 16:28:00 America/Mexico_City] ⚠️ Producto ID 139 no tiene facturapi_producto_id
[27-Aug-2026 16:28:00 America/Mexico_City] ❌ Error al crear recibo Facturapi: No se encontraron productos válidos para Facturapi.
[27-Aug-2026 16:28:01 America/Mexico_City] 📋 Datos empresa - Plan: premium, Org ID: , Timbres: 500
[27-Aug-2026 16:28:01 America/Mexico_City] ⚠️ No se puede obtener API Key - Org ID: 
[27-Aug-2026 16:28:01 America/Mexico_City] ✅ Configuración de Facturapi cargada - Plan: premium, API Key disponible: SÍ
[27-Aug-2026 16:28:01 America/Mexico_City] Error al obtener configuración: SQLSTATE[42S22]: Column not found: 1054 Unknown column 'paypal_client_id' in 'field list'
[27-Aug-2026 16:28:01 America/Mexico_City] ✅ Caja encontrada por ID de sesión - ID: 6
[27-Aug-2026 16:28:14 America/Mexico_City] 📋 Datos empresa - Plan: premium, Org ID: , Timbres: 500
[27-Aug-2026 16:28:14 America/Mexico_City] ⚠️ No se puede obtener API Key - Org ID: 
[27-Aug-2026 16:28:14 America/Mexico_City] ✅ Configuración de Facturapi cargada - Plan: premium, API Key disponible: SÍ
[27-Aug-2026 16:28:14 America/Mexico_City] Error al obtener configuración: SQLSTATE[42S22]: Column not found: 1054 Unknown column 'paypal_client_id' in 'field list'
[27-Aug-2026 16:28:14 America/Mexico_City] ✅ Caja encontrada por ID de sesión - ID: 6
[27-Aug-2026 16:28:27 America/Mexico_City] 📋 Datos empresa - Plan: premium, Org ID: , Timbres: 500
[27-Aug-2026 16:28:27 America/Mexico_City] ⚠️ No se puede obtener API Key - Org ID: 
[27-Aug-2026 16:28:27 America/Mexico_City] ✅ Configuración de Facturapi cargada - Plan: premium, API Key disponible: SÍ
[27-Aug-2026 16:28:27 America/Mexico_City] Error al obtener configuración: SQLSTATE[42S22]: Column not found: 1054 Unknown column 'paypal_client_id' in 'field list'
[27-Aug-2026 16:28:27 America/Mexico_City] ✅ Caja encontrada por ID de sesión - ID: 6
[27-Aug-2026 16:28:45 America/Mexico_City] 📋 Datos empresa - Plan: premium, Org ID: , Timbres: 500
[27-Aug-2026 16:28:45 America/Mexico_City] ⚠️ No se puede obtener API Key - Org ID: 
[27-Aug-2026 16:28:45 America/Mexico_City] ✅ Configuración de Facturapi cargada - Plan: premium, API Key disponible: SÍ
[27-Aug-2026 16:28:45 America/Mexico_City] Error al obtener configuración: SQLSTATE[42S22]: Column not found: 1054 Unknown column 'paypal_client_id' in 'field list'
[27-Aug-2026 16:28:45 America/Mexico_City] ✅ Caja encontrada por ID de sesión - ID: 6
[27-Aug-2026 16:28:47 America/Mexico_City] 📋 Datos empresa - Plan: premium, Org ID: , Timbres: 500
[27-Aug-2026 16:28:47 America/Mexico_City] ⚠️ No se puede obtener API Key - Org ID: 
[27-Aug-2026 16:28:47 America/Mexico_City] ✅ Configuración de Facturapi cargada - Plan: premium, API Key disponible: SÍ
[27-Aug-2026 16:28:47 America/Mexico_City] Error al obtener configuración: SQLSTATE[42S22]: Column not found: 1054 Unknown column 'paypal_client_id' in 'field list'
[27-Aug-2026 16:28:47 America/Mexico_City] ✅ Caja encontrada por ID de sesión - ID: 6
[27-Aug-2026 16:29:05 America/Mexico_City] 📋 Datos empresa - Plan: premium, Org ID: , Timbres: 500
[27-Aug-2026 16:29:05 America/Mexico_City] ⚠️ No se puede obtener API Key - Org ID: 
[27-Aug-2026 16:29:05 America/Mexico_City] ✅ Configuración de Facturapi cargada - Plan: premium, API Key disponible: SÍ
[27-Aug-2026 16:29:05 America/Mexico_City] Error al obtener configuración: SQLSTATE[42S22]: Column not found: 1054 Unknown column 'paypal_client_id' in 'field list'
[27-Aug-2026 16:29:05 America/Mexico_City] ✅ Caja encontrada por ID de sesión - ID: 6
[27-Aug-2026 16:29:05 America/Mexico_City] === INICIO PROCESAR PAGO ===
[27-Aug-2026 16:29:05 America/Mexico_City] Plan de empresa: premium
[27-Aug-2026 16:29:05 America/Mexico_City] Timbres disponibles: 500
[27-Aug-2026 16:29:05 America/Mexico_City] ✅ Venta insertada - ID: 99, Código: 20260827162905
[27-Aug-2026 16:29:05 America/Mexico_City] ✅ STOCK ACTUALIZADO - Producto: TRABAJO FINANCIERO ESPECIFICO, Cantidad descontada: 1
[27-Aug-2026 16:29:05 America/Mexico_City] ✅ Caja actualizada correctamente
[27-Aug-2026 16:29:05 America/Mexico_City] 🎯 Plan Premium detectado - Generando recibo Facturapi
[27-Aug-2026 16:29:05 America/Mexico_City] 🔑 Usando API Key: sk_test_3N...
[27-Aug-2026 16:29:05 America/Mexico_City] ⚠️ Producto ID 139 no tiene facturapi_producto_id
[27-Aug-2026 16:29:05 America/Mexico_City] ❌ Error al crear recibo Facturapi: No se encontraron productos válidos para Facturapi.
[27-Aug-2026 16:29:05 America/Mexico_City] 📋 Datos empresa - Plan: premium, Org ID: , Timbres: 500
[27-Aug-2026 16:29:05 America/Mexico_City] ⚠️ No se puede obtener API Key - Org ID: 
[27-Aug-2026 16:29:05 America/Mexico_City] ✅ Configuración de Facturapi cargada - Plan: premium, API Key disponible: SÍ
[27-Aug-2026 16:29:05 America/Mexico_City] Error al obtener configuración: SQLSTATE[42S22]: Column not found: 1054 Unknown column 'paypal_client_id' in 'field list'
[27-Aug-2026 16:29:05 America/Mexico_City] ✅ Caja encontrada por ID de sesión - ID: 6
[27-Aug-2026 16:29:18 America/Mexico_City] 📋 Datos empresa - Plan: premium, Org ID: , Timbres: 500
[27-Aug-2026 16:29:18 America/Mexico_City] ⚠️ No se puede obtener API Key - Org ID: 
[27-Aug-2026 16:29:18 America/Mexico_City] ✅ Configuración de Facturapi cargada - Plan: premium, API Key disponible: SÍ
[27-Aug-2026 16:29:18 America/Mexico_City] Error al obtener configuración: SQLSTATE[42S22]: Column not found: 1054 Unknown column 'paypal_client_id' in 'field list'
[27-Aug-2026 16:29:18 America/Mexico_City] ✅ Caja encontrada por ID de sesión - ID: 6
[27-Aug-2026 16:29:31 America/Mexico_City] 📋 Datos empresa - Plan: premium, Org ID: , Timbres: 500
[27-Aug-2026 16:29:31 America/Mexico_City] ⚠️ No se puede obtener API Key - Org ID: 
[27-Aug-2026 16:29:31 America/Mexico_City] ✅ Configuración de Facturapi cargada - Plan: premium, API Key disponible: SÍ
[27-Aug-2026 16:29:31 America/Mexico_City] Error al obtener configuración: SQLSTATE[42S22]: Column not found: 1054 Unknown column 'paypal_client_id' in 'field list'
[27-Aug-2026 16:29:31 America/Mexico_City] ✅ Caja encontrada por ID de sesión - ID: 6
[27-Aug-2026 16:29:40 America/Mexico_City] 📋 Datos empresa - Plan: premium, Org ID: , Timbres: 500
[27-Aug-2026 16:29:40 America/Mexico_City] ⚠️ No se puede obtener API Key - Org ID: 
[27-Aug-2026 16:29:40 America/Mexico_City] ✅ Configuración de Facturapi cargada - Plan: premium, API Key disponible: SÍ
[27-Aug-2026 16:29:40 America/Mexico_City] Error al obtener configuración: SQLSTATE[42S22]: Column not found: 1054 Unknown column 'paypal_client_id' in 'field list'
[27-Aug-2026 16:29:40 America/Mexico_City] ✅ Caja encontrada por ID de sesión - ID: 6
[27-Aug-2026 16:29:41 America/Mexico_City] 📋 Datos empresa - Plan: premium, Org ID: , Timbres: 500
[27-Aug-2026 16:29:41 America/Mexico_City] ⚠️ No se puede obtener API Key - Org ID: 
[27-Aug-2026 16:29:41 America/Mexico_City] ✅ Configuración de Facturapi cargada - Plan: premium, API Key disponible: SÍ
[27-Aug-2026 16:29:41 America/Mexico_City] Error al obtener configuración: SQLSTATE[42S22]: Column not found: 1054 Unknown column 'paypal_client_id' in 'field list'
[27-Aug-2026 16:29:41 America/Mexico_City] ✅ Caja encontrada por ID de sesión - ID: 6
[27-Aug-2026 16:30:14 America/Mexico_City] 📋 Datos empresa - Plan: premium, Org ID: , Timbres: 500
[27-Aug-2026 16:30:14 America/Mexico_City] ⚠️ No se puede obtener API Key - Org ID: 
[27-Aug-2026 16:30:14 America/Mexico_City] ✅ Configuración de Facturapi cargada - Plan: premium, API Key disponible: SÍ
[27-Aug-2026 16:30:14 America/Mexico_City] Error al obtener configuración: SQLSTATE[42S22]: Column not found: 1054 Unknown column 'paypal_client_id' in 'field list'
[27-Aug-2026 16:30:14 America/Mexico_City] ✅ Caja encontrada por ID de sesión - ID: 6
[27-Aug-2026 16:30:14 America/Mexico_City] === INICIO PROCESAR PAGO ===
[27-Aug-2026 16:30:14 America/Mexico_City] Plan de empresa: premium
[27-Aug-2026 16:30:14 America/Mexico_City] Timbres disponibles: 500
[27-Aug-2026 16:30:14 America/Mexico_City] ✅ Venta insertada - ID: 100, Código: 20260827163014
[27-Aug-2026 16:30:14 America/Mexico_City] ✅ STOCK ACTUALIZADO - Producto: TRABAJO FINANCIERO ESPECIFICO, Cantidad descontada: 1
[27-Aug-2026 16:30:14 America/Mexico_City] ✅ Caja actualizada correctamente
[27-Aug-2026 16:30:14 America/Mexico_City] 🎯 Plan Premium detectado - Generando recibo Facturapi
[27-Aug-2026 16:30:14 America/Mexico_City] 🔑 Usando API Key: sk_test_3N...
[27-Aug-2026 16:30:15 America/Mexico_City] ⚠️ Producto ID 139 no tiene facturapi_producto_id
[27-Aug-2026 16:30:15 America/Mexico_City] ❌ Error al crear recibo Facturapi: No se encontraron productos válidos para Facturapi.
[27-Aug-2026 16:30:15 America/Mexico_City] 📋 Datos empresa - Plan: premium, Org ID: , Timbres: 500
[27-Aug-2026 16:30:15 America/Mexico_City] ⚠️ No se puede obtener API Key - Org ID: 
[27-Aug-2026 16:30:15 America/Mexico_City] ✅ Configuración de Facturapi cargada - Plan: premium, API Key disponible: SÍ
[27-Aug-2026 16:30:15 America/Mexico_City] Error al obtener configuración: SQLSTATE[42S22]: Column not found: 1054 Unknown column 'paypal_client_id' in 'field list'
[27-Aug-2026 16:30:15 America/Mexico_City] ✅ Caja encontrada por ID de sesión - ID: 6
[27-Aug-2026 16:30:23 America/Mexico_City] 📋 Datos empresa - Plan: premium, Org ID: , Timbres: 500
[27-Aug-2026 16:30:23 America/Mexico_City] ⚠️ No se puede obtener API Key - Org ID: 
[27-Aug-2026 16:30:23 America/Mexico_City] ✅ Configuración de Facturapi cargada - Plan: premium, API Key disponible: SÍ
[27-Aug-2026 16:30:23 America/Mexico_City] Error al obtener configuración: SQLSTATE[42S22]: Column not found: 1054 Unknown column 'paypal_client_id' in 'field list'
[27-Aug-2026 16:30:23 America/Mexico_City] ✅ Caja encontrada por ID de sesión - ID: 6
[27-Aug-2026 16:30:33 America/Mexico_City] 📋 Datos empresa - Plan: premium, Org ID: , Timbres: 500
[27-Aug-2026 16:30:33 America/Mexico_City] ⚠️ No se puede obtener API Key - Org ID: 
[27-Aug-2026 16:30:33 America/Mexico_City] ✅ Configuración de Facturapi cargada - Plan: premium, API Key disponible: SÍ
[27-Aug-2026 16:30:33 America/Mexico_City] Error al obtener configuración: SQLSTATE[42S22]: Column not found: 1054 Unknown column 'paypal_client_id' in 'field list'
[27-Aug-2026 16:30:33 America/Mexico_City] ✅ Caja encontrada por ID de sesión - ID: 6
[27-Aug-2026 16:30:47 America/Mexico_City] 📋 Datos empresa - Plan: premium, Org ID: , Timbres: 500
[27-Aug-2026 16:30:47 America/Mexico_City] ⚠️ No se puede obtener API Key - Org ID: 
[27-Aug-2026 16:30:47 America/Mexico_City] ✅ Configuración de Facturapi cargada - Plan: premium, API Key disponible: SÍ
[27-Aug-2026 16:30:47 America/Mexico_City] Error al obtener configuración: SQLSTATE[42S22]: Column not found: 1054 Unknown column 'paypal_client_id' in 'field list'
[27-Aug-2026 16:30:47 America/Mexico_City] ✅ Caja encontrada por ID de sesión - ID: 6
[27-Aug-2026 16:30:48 America/Mexico_City] 📋 Datos empresa - Plan: premium, Org ID: , Timbres: 500
[27-Aug-2026 16:30:48 America/Mexico_City] ⚠️ No se puede obtener API Key - Org ID: 
[27-Aug-2026 16:30:48 America/Mexico_City] ✅ Configuración de Facturapi cargada - Plan: premium, API Key disponible: SÍ
[27-Aug-2026 16:30:48 America/Mexico_City] Error al obtener configuración: SQLSTATE[42S22]: Column not found: 1054 Unknown column 'paypal_client_id' in 'field list'
[27-Aug-2026 16:30:48 America/Mexico_City] ✅ Caja encontrada por ID de sesión - ID: 6
[27-Aug-2026 16:31:37 America/Mexico_City] 📋 Datos empresa - Plan: premium, Org ID: , Timbres: 500
[27-Aug-2026 16:31:37 America/Mexico_City] ⚠️ No se puede obtener API Key - Org ID: 
[27-Aug-2026 16:31:37 America/Mexico_City] ✅ Configuración de Facturapi cargada - Plan: premium, API Key disponible: SÍ
[27-Aug-2026 16:31:37 America/Mexico_City] Error al obtener configuración: SQLSTATE[42S22]: Column not found: 1054 Unknown column 'paypal_client_id' in 'field list'
[27-Aug-2026 16:31:37 America/Mexico_City] ✅ Caja encontrada por ID de sesión - ID: 6
[27-Aug-2026 16:31:37 America/Mexico_City] === INICIO PROCESAR PAGO ===
[27-Aug-2026 16:31:37 America/Mexico_City] Plan de empresa: premium
[27-Aug-2026 16:31:37 America/Mexico_City] Timbres disponibles: 500
[27-Aug-2026 16:31:37 America/Mexico_City] ✅ Venta insertada - ID: 101, Código: 20260827163137
[27-Aug-2026 16:31:37 America/Mexico_City] ✅ STOCK ACTUALIZADO - Producto: TRABAJO FINANCIERO ESPECIFICO, Cantidad descontada: 1
[27-Aug-2026 16:31:37 America/Mexico_City] ✅ Caja actualizada correctamente
[27-Aug-2026 16:31:37 America/Mexico_City] 🎯 Plan Premium detectado - Generando recibo Facturapi
[27-Aug-2026 16:31:37 America/Mexico_City] 🔑 Usando API Key: sk_test_3N...
[27-Aug-2026 16:31:37 America/Mexico_City] ⚠️ Producto ID 139 no tiene facturapi_producto_id
[27-Aug-2026 16:31:37 America/Mexico_City] ❌ Error al crear recibo Facturapi: No se encontraron productos válidos para Facturapi.
[27-Aug-2026 16:31:37 America/Mexico_City] 📋 Datos empresa - Plan: premium, Org ID: , Timbres: 500
[27-Aug-2026 16:31:37 America/Mexico_City] ⚠️ No se puede obtener API Key - Org ID: 
[27-Aug-2026 16:31:37 America/Mexico_City] ✅ Configuración de Facturapi cargada - Plan: premium, API Key disponible: SÍ
[27-Aug-2026 16:31:37 America/Mexico_City] Error al obtener configuración: SQLSTATE[42S22]: Column not found: 1054 Unknown column 'paypal_client_id' in 'field list'
[27-Aug-2026 16:31:37 America/Mexico_City] ✅ Caja encontrada por ID de sesión - ID: 6
[27-Aug-2026 16:31:59 America/Mexico_City] 📋 Datos empresa - Plan: premium, Org ID: , Timbres: 500
[27-Aug-2026 16:31:59 America/Mexico_City] ⚠️ No se puede obtener API Key - Org ID: 
[27-Aug-2026 16:31:59 America/Mexico_City] ✅ Configuración de Facturapi cargada - Plan: premium, API Key disponible: SÍ
[27-Aug-2026 16:31:59 America/Mexico_City] Error al obtener configuración: SQLSTATE[42S22]: Column not found: 1054 Unknown column 'paypal_client_id' in 'field list'
[27-Aug-2026 16:31:59 America/Mexico_City] ✅ Caja encontrada por ID de sesión - ID: 6
[27-Aug-2026 16:32:15 America/Mexico_City] 📋 Datos empresa - Plan: premium, Org ID: , Timbres: 500
[27-Aug-2026 16:32:15 America/Mexico_City] ⚠️ No se puede obtener API Key - Org ID: 
[27-Aug-2026 16:32:15 America/Mexico_City] ✅ Configuración de Facturapi cargada - Plan: premium, API Key disponible: SÍ
[27-Aug-2026 16:32:15 America/Mexico_City] Error al obtener configuración: SQLSTATE[42S22]: Column not found: 1054 Unknown column 'paypal_client_id' in 'field list'
[27-Aug-2026 16:32:15 America/Mexico_City] ✅ Caja encontrada por ID de sesión - ID: 6
[27-Aug-2026 16:32:25 America/Mexico_City] 📋 Datos empresa - Plan: premium, Org ID: , Timbres: 500
[27-Aug-2026 16:32:25 America/Mexico_City] ⚠️ No se puede obtener API Key - Org ID: 
[27-Aug-2026 16:32:25 America/Mexico_City] ✅ Configuración de Facturapi cargada - Plan: premium, API Key disponible: SÍ
[27-Aug-2026 16:32:25 America/Mexico_City] Error al obtener configuración: SQLSTATE[42S22]: Column not found: 1054 Unknown column 'paypal_client_id' in 'field list'
[27-Aug-2026 16:32:25 America/Mexico_City] ✅ Caja encontrada por ID de sesión - ID: 6
[27-Aug-2026 16:32:26 America/Mexico_City] 📋 Datos empresa - Plan: premium, Org ID: , Timbres: 500
[27-Aug-2026 16:32:26 America/Mexico_City] ⚠️ No se puede obtener API Key - Org ID: 
[27-Aug-2026 16:32:26 America/Mexico_City] ✅ Configuración de Facturapi cargada - Plan: premium, API Key disponible: SÍ
[27-Aug-2026 16:32:26 America/Mexico_City] Error al obtener configuración: SQLSTATE[42S22]: Column not found: 1054 Unknown column 'paypal_client_id' in 'field list'
[27-Aug-2026 16:32:26 America/Mexico_City] ✅ Caja encontrada por ID de sesión - ID: 6
[27-Aug-2026 16:32:56 America/Mexico_City] 📋 Datos empresa - Plan: premium, Org ID: , Timbres: 500
[27-Aug-2026 16:32:56 America/Mexico_City] ⚠️ No se puede obtener API Key - Org ID: 
[27-Aug-2026 16:32:56 America/Mexico_City] ✅ Configuración de Facturapi cargada - Plan: premium, API Key disponible: SÍ
[27-Aug-2026 16:32:56 America/Mexico_City] Error al obtener configuración: SQLSTATE[42S22]: Column not found: 1054 Unknown column 'paypal_client_id' in 'field list'
[27-Aug-2026 16:32:56 America/Mexico_City] ✅ Caja encontrada por ID de sesión - ID: 6
[27-Aug-2026 16:32:56 America/Mexico_City] === INICIO PROCESAR PAGO ===
[27-Aug-2026 16:32:56 America/Mexico_City] Plan de empresa: premium
[27-Aug-2026 16:32:56 America/Mexico_City] Timbres disponibles: 500
[27-Aug-2026 16:32:56 America/Mexico_City] ✅ Venta insertada - ID: 102, Código: 20260827163256
[27-Aug-2026 16:32:56 America/Mexico_City] ✅ STOCK ACTUALIZADO - Producto: TRABAJO FINANCIERO ESPECIFICO, Cantidad descontada: 1
[27-Aug-2026 16:32:56 America/Mexico_City] ✅ Caja actualizada correctamente
[27-Aug-2026 16:32:56 America/Mexico_City] 🎯 Plan Premium detectado - Generando recibo Facturapi
[27-Aug-2026 16:32:56 America/Mexico_City] 🔑 Usando API Key: sk_test_3N...
[27-Aug-2026 16:32:56 America/Mexico_City] ⚠️ Producto ID 139 no tiene facturapi_producto_id
[27-Aug-2026 16:32:56 America/Mexico_City] ❌ Error al crear recibo Facturapi: No se encontraron productos válidos para Facturapi.
[27-Aug-2026 16:32:57 America/Mexico_City] 📋 Datos empresa - Plan: premium, Org ID: , Timbres: 500
[27-Aug-2026 16:32:57 America/Mexico_City] ⚠️ No se puede obtener API Key - Org ID: 
[27-Aug-2026 16:32:57 America/Mexico_City] ✅ Configuración de Facturapi cargada - Plan: premium, API Key disponible: SÍ
[27-Aug-2026 16:32:57 America/Mexico_City] Error al obtener configuración: SQLSTATE[42S22]: Column not found: 1054 Unknown column 'paypal_client_id' in 'field list'
[27-Aug-2026 16:32:57 America/Mexico_City] ✅ Caja encontrada por ID de sesión - ID: 6
[27-Aug-2026 16:33:26 America/Mexico_City] 📋 Datos empresa - Plan: premium, Org ID: , Timbres: 500
[27-Aug-2026 16:33:26 America/Mexico_City] ⚠️ No se puede obtener API Key - Org ID: 
[27-Aug-2026 16:33:26 America/Mexico_City] ✅ Configuración de Facturapi cargada - Plan: premium, API Key disponible: SÍ
[27-Aug-2026 16:33:26 America/Mexico_City] Error al obtener configuración: SQLSTATE[42S22]: Column not found: 1054 Unknown column 'paypal_client_id' in 'field list'
[27-Aug-2026 16:33:26 America/Mexico_City] ✅ Caja encontrada por ID de sesión - ID: 6
[27-Aug-2026 16:33:34 America/Mexico_City] 📋 Datos empresa - Plan: premium, Org ID: , Timbres: 500
[27-Aug-2026 16:33:34 America/Mexico_City] ⚠️ No se puede obtener API Key - Org ID: 
[27-Aug-2026 16:33:34 America/Mexico_City] ✅ Configuración de Facturapi cargada - Plan: premium, API Key disponible: SÍ
[27-Aug-2026 16:33:34 America/Mexico_City] Error al obtener configuración: SQLSTATE[42S22]: Column not found: 1054 Unknown column 'paypal_client_id' in 'field list'
[27-Aug-2026 16:33:34 America/Mexico_City] ✅ Caja encontrada por ID de sesión - ID: 6
[27-Aug-2026 16:33:40 America/Mexico_City] 📋 Datos empresa - Plan: premium, Org ID: , Timbres: 500
[27-Aug-2026 16:33:40 America/Mexico_City] ⚠️ No se puede obtener API Key - Org ID: 
[27-Aug-2026 16:33:40 America/Mexico_City] ✅ Configuración de Facturapi cargada - Plan: premium, API Key disponible: SÍ
[27-Aug-2026 16:33:40 America/Mexico_City] Error al obtener configuración: SQLSTATE[42S22]: Column not found: 1054 Unknown column 'paypal_client_id' in 'field list'
[27-Aug-2026 16:33:40 America/Mexico_City] ✅ Caja encontrada por ID de sesión - ID: 6
[27-Aug-2026 16:33:43 America/Mexico_City] 📋 Datos empresa - Plan: premium, Org ID: , Timbres: 500
[27-Aug-2026 16:33:43 America/Mexico_City] ⚠️ No se puede obtener API Key - Org ID: 
[27-Aug-2026 16:33:43 America/Mexico_City] ✅ Configuración de Facturapi cargada - Plan: premium, API Key disponible: SÍ
[27-Aug-2026 16:33:43 America/Mexico_City] Error al obtener configuración: SQLSTATE[42S22]: Column not found: 1054 Unknown column 'paypal_client_id' in 'field list'
[27-Aug-2026 16:33:43 America/Mexico_City] ✅ Caja encontrada por ID de sesión - ID: 6
[27-Aug-2026 16:33:51 America/Mexico_City] 📋 Datos empresa - Plan: premium, Org ID: , Timbres: 500
[27-Aug-2026 16:33:51 America/Mexico_City] ⚠️ No se puede obtener API Key - Org ID: 
[27-Aug-2026 16:33:51 America/Mexico_City] ✅ Configuración de Facturapi cargada - Plan: premium, API Key disponible: SÍ
[27-Aug-2026 16:33:51 America/Mexico_City] Error al obtener configuración: SQLSTATE[42S22]: Column not found: 1054 Unknown column 'paypal_client_id' in 'field list'
[27-Aug-2026 16:33:51 America/Mexico_City] ✅ Caja encontrada por ID de sesión - ID: 6
[27-Aug-2026 16:33:52 America/Mexico_City] 📋 Datos empresa - Plan: premium, Org ID: , Timbres: 500
[27-Aug-2026 16:33:52 America/Mexico_City] ⚠️ No se puede obtener API Key - Org ID: 
[27-Aug-2026 16:33:52 America/Mexico_City] ✅ Configuración de Facturapi cargada - Plan: premium, API Key disponible: SÍ
[27-Aug-2026 16:33:52 America/Mexico_City] Error al obtener configuración: SQLSTATE[42S22]: Column not found: 1054 Unknown column 'paypal_client_id' in 'field list'
[27-Aug-2026 16:33:52 America/Mexico_City] ✅ Caja encontrada por ID de sesión - ID: 6
[27-Aug-2026 16:34:44 America/Mexico_City] 📋 Datos empresa - Plan: premium, Org ID: , Timbres: 500
[27-Aug-2026 16:34:44 America/Mexico_City] ⚠️ No se puede obtener API Key - Org ID: 
[27-Aug-2026 16:34:44 America/Mexico_City] ✅ Configuración de Facturapi cargada - Plan: premium, API Key disponible: SÍ
[27-Aug-2026 16:34:44 America/Mexico_City] Error al obtener configuración: SQLSTATE[42S22]: Column not found: 1054 Unknown column 'paypal_client_id' in 'field list'
[27-Aug-2026 16:34:44 America/Mexico_City] ✅ Caja encontrada por ID de sesión - ID: 6
[27-Aug-2026 16:34:44 America/Mexico_City] === INICIO PROCESAR PAGO ===
[27-Aug-2026 16:34:44 America/Mexico_City] Plan de empresa: premium
[27-Aug-2026 16:34:44 America/Mexico_City] Timbres disponibles: 500
[27-Aug-2026 16:34:44 America/Mexico_City] ✅ Venta insertada - ID: 103, Código: 20260827163444
[27-Aug-2026 16:34:44 America/Mexico_City] ✅ STOCK ACTUALIZADO - Producto: TRABAJO FINANCIERO ESPECIFICO, Cantidad descontada: 1
[27-Aug-2026 16:34:44 America/Mexico_City] ✅ Caja actualizada correctamente
[27-Aug-2026 16:34:44 America/Mexico_City] 🎯 Plan Premium detectado - Generando recibo Facturapi
[27-Aug-2026 16:34:44 America/Mexico_City] 🔑 Usando API Key: sk_test_3N...
[27-Aug-2026 16:34:44 America/Mexico_City] ⚠️ Producto ID 139 no tiene facturapi_producto_id
[27-Aug-2026 16:34:44 America/Mexico_City] ❌ Error al crear recibo Facturapi: No se encontraron productos válidos para Facturapi.
[27-Aug-2026 16:34:44 America/Mexico_City] 📋 Datos empresa - Plan: premium, Org ID: , Timbres: 500
[27-Aug-2026 16:34:44 America/Mexico_City] ⚠️ No se puede obtener API Key - Org ID: 
[27-Aug-2026 16:34:44 America/Mexico_City] ✅ Configuración de Facturapi cargada - Plan: premium, API Key disponible: SÍ
[27-Aug-2026 16:34:44 America/Mexico_City] Error al obtener configuración: SQLSTATE[42S22]: Column not found: 1054 Unknown column 'paypal_client_id' in 'field list'
[27-Aug-2026 16:34:44 America/Mexico_City] ✅ Caja encontrada por ID de sesión - ID: 6
[27-Aug-2026 16:58:52 America/Mexico_City] 📋 Datos empresa - Plan: premium, Org ID: , Timbres: 500
[27-Aug-2026 16:58:52 America/Mexico_City] ⚠️ No se puede obtener API Key - Org ID: 
[27-Aug-2026 16:58:52 America/Mexico_City] ✅ Configuración de Facturapi cargada - Plan: premium, API Key disponible: SÍ
[27-Aug-2026 16:58:52 America/Mexico_City] Error al obtener configuración: SQLSTATE[42S22]: Column not found: 1054 Unknown column 'paypal_client_id' in 'field list'
[27-Aug-2026 16:58:52 America/Mexico_City] ✅ Caja encontrada por ID de sesión - ID: 6
[27-Aug-2026 22:27:52 America/Mexico_City] 📋 Datos empresa - Plan: premium, Org ID: 6986242e7c56a2008bcd3869, Timbres: 497
[27-Aug-2026 22:27:52 America/Mexico_City] 🔑 Obteniendo API Key de prueba para organización: 6986242e7c56a2008bcd3869
[27-Aug-2026 22:27:52 America/Mexico_City] ✅ API Key de prueba obtenida correctamente
[27-Aug-2026 22:27:52 America/Mexico_City] 💾 API Key de prueba guardada en sistema_config
[27-Aug-2026 22:27:52 America/Mexico_City] ✅ Configuración de Facturapi cargada - Plan: premium, API Key disponible: SÍ
[27-Aug-2026 22:27:52 America/Mexico_City] Buscando caja por usuario/sucursal...
[27-Aug-2026 22:27:52 America/Mexico_City] ✅ Caja encontrada por usuario/sucursal - ID: 8
[31-Aug-2026 17:05:40 America/Mexico_City] 📋 Datos empresa - Plan: premium, Org ID: , Timbres: 500
[31-Aug-2026 17:05:40 America/Mexico_City] ⚠️ No se puede obtener API Key - Org ID: 
[31-Aug-2026 17:05:40 America/Mexico_City] ✅ Configuración de Facturapi cargada - Plan: premium, API Key disponible: SÍ
[31-Aug-2026 17:05:40 America/Mexico_City] Error al obtener configuración: SQLSTATE[42S22]: Column not found: 1054 Unknown column 'paypal_client_id' in 'field list'
[31-Aug-2026 17:05:40 America/Mexico_City] Buscando caja por usuario/sucursal...
[31-Aug-2026 17:05:40 America/Mexico_City] ✅ Caja encontrada por usuario/sucursal - ID: 6
[31-Aug-2026 17:05:46 America/Mexico_City] 📋 Datos empresa - Plan: premium, Org ID: , Timbres: 500
[31-Aug-2026 17:05:46 America/Mexico_City] ⚠️ No se puede obtener API Key - Org ID: 
[31-Aug-2026 17:05:46 America/Mexico_City] ✅ Configuración de Facturapi cargada - Plan: premium, API Key disponible: SÍ
[31-Aug-2026 17:05:46 America/Mexico_City] Error al obtener configuración: SQLSTATE[42S22]: Column not found: 1054 Unknown column 'paypal_client_id' in 'field list'
[31-Aug-2026 17:05:46 America/Mexico_City] ✅ Caja encontrada por ID de sesión - ID: 6
[31-Aug-2026 17:05:59 America/Mexico_City] 📋 Datos empresa - Plan: premium, Org ID: , Timbres: 500
[31-Aug-2026 17:05:59 America/Mexico_City] ⚠️ No se puede obtener API Key - Org ID: 
[31-Aug-2026 17:05:59 America/Mexico_City] ✅ Configuración de Facturapi cargada - Plan: premium, API Key disponible: SÍ
[31-Aug-2026 17:05:59 America/Mexico_City] Error al obtener configuración: SQLSTATE[42S22]: Column not found: 1054 Unknown column 'paypal_client_id' in 'field list'
[31-Aug-2026 17:05:59 America/Mexico_City] ✅ Caja encontrada por ID de sesión - ID: 6
[31-Aug-2026 17:06:15 America/Mexico_City] 📋 Datos empresa - Plan: premium, Org ID: , Timbres: 500
[31-Aug-2026 17:06:15 America/Mexico_City] ⚠️ No se puede obtener API Key - Org ID: 
[31-Aug-2026 17:06:15 America/Mexico_City] ✅ Configuración de Facturapi cargada - Plan: premium, API Key disponible: SÍ
[31-Aug-2026 17:06:15 America/Mexico_City] Error al obtener configuración: SQLSTATE[42S22]: Column not found: 1054 Unknown column 'paypal_client_id' in 'field list'
[31-Aug-2026 17:06:15 America/Mexico_City] ✅ Caja encontrada por ID de sesión - ID: 6
[31-Aug-2026 17:06:16 America/Mexico_City] 📋 Datos empresa - Plan: premium, Org ID: , Timbres: 500
[31-Aug-2026 17:06:16 America/Mexico_City] ⚠️ No se puede obtener API Key - Org ID: 
[31-Aug-2026 17:06:16 America/Mexico_City] ✅ Configuración de Facturapi cargada - Plan: premium, API Key disponible: SÍ
[31-Aug-2026 17:06:16 America/Mexico_City] Error al obtener configuración: SQLSTATE[42S22]: Column not found: 1054 Unknown column 'paypal_client_id' in 'field list'
[31-Aug-2026 17:06:16 America/Mexico_City] ✅ Caja encontrada por ID de sesión - ID: 6
[31-Aug-2026 17:06:20 America/Mexico_City] 📋 Datos empresa - Plan: premium, Org ID: , Timbres: 500
[31-Aug-2026 17:06:20 America/Mexico_City] ⚠️ No se puede obtener API Key - Org ID: 
[31-Aug-2026 17:06:20 America/Mexico_City] ✅ Configuración de Facturapi cargada - Plan: premium, API Key disponible: SÍ
[31-Aug-2026 17:06:20 America/Mexico_City] Error al obtener configuración: SQLSTATE[42S22]: Column not found: 1054 Unknown column 'paypal_client_id' in 'field list'
[31-Aug-2026 17:06:20 America/Mexico_City] ✅ Caja encontrada por ID de sesión - ID: 6
[31-Aug-2026 17:06:45 America/Mexico_City] 📋 Datos empresa - Plan: premium, Org ID: , Timbres: 500
[31-Aug-2026 17:06:45 America/Mexico_City] ⚠️ No se puede obtener API Key - Org ID: 
[31-Aug-2026 17:06:45 America/Mexico_City] ✅ Configuración de Facturapi cargada - Plan: premium, API Key disponible: SÍ
[31-Aug-2026 17:06:45 America/Mexico_City] Error al obtener configuración: SQLSTATE[42S22]: Column not found: 1054 Unknown column 'paypal_client_id' in 'field list'
[31-Aug-2026 17:06:45 America/Mexico_City] ✅ Caja encontrada por ID de sesión - ID: 6
[31-Aug-2026 17:06:45 America/Mexico_City] === INICIO PROCESAR PAGO ===
[31-Aug-2026 17:06:45 America/Mexico_City] Plan de empresa: premium
[31-Aug-2026 17:06:45 America/Mexico_City] Timbres disponibles: 500
[31-Aug-2026 17:06:45 America/Mexico_City] ✅ Venta insertada - ID: 104, Código: 20260831170645
[31-Aug-2026 17:06:45 America/Mexico_City] ✅ STOCK ACTUALIZADO - Producto: CONTABILIDAD GENERAL MENSUAL PERSONAS FISICAS, Cantidad descontada: 1
[31-Aug-2026 17:06:45 America/Mexico_City] ✅ Caja actualizada correctamente
[31-Aug-2026 17:06:45 America/Mexico_City] 🎯 Plan Premium detectado - Generando recibo Facturapi
[31-Aug-2026 17:06:45 America/Mexico_City] 🔑 Usando API Key: sk_test_3N...
[31-Aug-2026 17:06:45 America/Mexico_City] 📦 Producto agregado a Facturapi: ID 126, Producto Facturapi: 6a4bd07c3c49adca9871330c
[31-Aug-2026 17:06:45 America/Mexico_City] 👤 Cliente encontrado para Facturapi: JIMMY DANIEL MARTINEZ LOZANO
[31-Aug-2026 17:06:45 America/Mexico_City] 📝 Creando recibo Facturapi con datos: {
    "folio_number": 20260831170645,
    "payment_form": "03",
    "items": [
        {
            "quantity": 1,
            "product": "6a4bd07c3c49adca9871330c"
        }
    ],
    "customer": {
        "legal_name": "JIMMY DANIEL MARTINEZ LOZANO",
        "tax_id": "",
        "email": "",
        "phone": ""
    }
}
[31-Aug-2026 17:06:47 America/Mexico_City] PHP Warning:  Undefined property: stdClass::$id in /home2/juanc141/public_html/caja.php on line 1994
[31-Aug-2026 17:06:47 America/Mexico_City] ✅ Recibo Facturapi creado: 
[31-Aug-2026 17:06:47 America/Mexico_City] 🔗 URL de facturación: 
[31-Aug-2026 17:06:47 America/Mexico_City] ✅ Venta actualizada con facturapi_receipt_id y urlfacturacion
[31-Aug-2026 17:06:47 America/Mexico_City] 📋 Datos empresa - Plan: premium, Org ID: , Timbres: 500
[31-Aug-2026 17:06:47 America/Mexico_City] ⚠️ No se puede obtener API Key - Org ID: 
[31-Aug-2026 17:06:47 America/Mexico_City] ✅ Configuración de Facturapi cargada - Plan: premium, API Key disponible: SÍ
[31-Aug-2026 17:06:47 America/Mexico_City] Error al obtener configuración: SQLSTATE[42S22]: Column not found: 1054 Unknown column 'paypal_client_id' in 'field list'
[31-Aug-2026 17:06:47 America/Mexico_City] ✅ Caja encontrada por ID de sesión - ID: 6
[31-Aug-2026 17:06:59 America/Mexico_City] 📋 Datos empresa - Plan: premium, Org ID: , Timbres: 500
[31-Aug-2026 17:06:59 America/Mexico_City] ⚠️ No se puede obtener API Key - Org ID: 
[31-Aug-2026 17:06:59 America/Mexico_City] ✅ Configuración de Facturapi cargada - Plan: premium, API Key disponible: SÍ
[31-Aug-2026 17:06:59 America/Mexico_City] Error al obtener configuración: SQLSTATE[42S22]: Column not found: 1054 Unknown column 'paypal_client_id' in 'field list'
[31-Aug-2026 17:06:59 America/Mexico_City] ✅ Caja encontrada por ID de sesión - ID: 6
[31-Aug-2026 17:07:09 America/Mexico_City] 📋 Datos empresa - Plan: premium, Org ID: , Timbres: 500
[31-Aug-2026 17:07:09 America/Mexico_City] ⚠️ No se puede obtener API Key - Org ID: 
[31-Aug-2026 17:07:09 America/Mexico_City] ✅ Configuración de Facturapi cargada - Plan: premium, API Key disponible: SÍ
[31-Aug-2026 17:07:09 America/Mexico_City] Error al obtener configuración: SQLSTATE[42S22]: Column not found: 1054 Unknown column 'paypal_client_id' in 'field list'
[31-Aug-2026 17:07:09 America/Mexico_City] ✅ Caja encontrada por ID de sesión - ID: 6
[31-Aug-2026 17:07:43 America/Mexico_City] 📋 Datos empresa - Plan: premium, Org ID: , Timbres: 500
[31-Aug-2026 17:07:43 America/Mexico_City] ⚠️ No se puede obtener API Key - Org ID: 
[31-Aug-2026 17:07:43 America/Mexico_City] ✅ Configuración de Facturapi cargada - Plan: premium, API Key disponible: SÍ
[31-Aug-2026 17:07:43 America/Mexico_City] Error al obtener configuración: SQLSTATE[42S22]: Column not found: 1054 Unknown column 'paypal_client_id' in 'field list'
[31-Aug-2026 17:07:43 America/Mexico_City] ✅ Caja encontrada por ID de sesión - ID: 6
[31-Aug-2026 17:07:43 America/Mexico_City] === INICIO PROCESAR PAGO ===
[31-Aug-2026 17:07:43 America/Mexico_City] Plan de empresa: premium
[31-Aug-2026 17:07:43 America/Mexico_City] Timbres disponibles: 500
[31-Aug-2026 17:07:43 America/Mexico_City] ✅ Venta insertada - ID: 105, Código: 20260831170743
[31-Aug-2026 17:07:43 America/Mexico_City] ✅ STOCK ACTUALIZADO - Producto: CONTABILIDAD GENERAL MENSUAL PERSONAS FISICAS, Cantidad descontada: 1
[31-Aug-2026 17:07:43 America/Mexico_City] ✅ Caja actualizada correctamente
[31-Aug-2026 17:07:43 America/Mexico_City] 🎯 Plan Premium detectado - Generando recibo Facturapi
[31-Aug-2026 17:07:43 America/Mexico_City] 🔑 Usando API Key: sk_test_3N...
[31-Aug-2026 17:07:43 America/Mexico_City] 📦 Producto agregado a Facturapi: ID 126, Producto Facturapi: 6a4bd07c3c49adca9871330c
[31-Aug-2026 17:07:43 America/Mexico_City] 👤 Cliente encontrado para Facturapi: GABRIEL DAVID RENDON PEREZ
[31-Aug-2026 17:07:43 America/Mexico_City] 📝 Creando recibo Facturapi con datos: {
    "folio_number": 20260831170743,
    "payment_form": "03",
    "items": [
        {
            "quantity": 1,
            "product": "6a4bd07c3c49adca9871330c"
        }
    ],
    "customer": {
        "legal_name": "GABRIEL DAVID RENDON PEREZ",
        "tax_id": "",
        "email": "",
        "phone": ""
    }
}
[31-Aug-2026 17:07:43 America/Mexico_City] PHP Warning:  Undefined property: stdClass::$id in /home2/juanc141/public_html/caja.php on line 1994
[31-Aug-2026 17:07:43 America/Mexico_City] ✅ Recibo Facturapi creado: 
[31-Aug-2026 17:07:43 America/Mexico_City] 🔗 URL de facturación: 
[31-Aug-2026 17:07:44 America/Mexico_City] ✅ Venta actualizada con facturapi_receipt_id y urlfacturacion
[31-Aug-2026 17:07:44 America/Mexico_City] 📋 Datos empresa - Plan: premium, Org ID: , Timbres: 500
[31-Aug-2026 17:07:44 America/Mexico_City] ⚠️ No se puede obtener API Key - Org ID: 
[31-Aug-2026 17:07:44 America/Mexico_City] ✅ Configuración de Facturapi cargada - Plan: premium, API Key disponible: SÍ
[31-Aug-2026 17:07:44 America/Mexico_City] Error al obtener configuración: SQLSTATE[42S22]: Column not found: 1054 Unknown column 'paypal_client_id' in 'field list'
[31-Aug-2026 17:07:44 America/Mexico_City] ✅ Caja encontrada por ID de sesión - ID: 6
[31-Aug-2026 17:07:53 America/Mexico_City] 📋 Datos empresa - Plan: premium, Org ID: , Timbres: 500
[31-Aug-2026 17:07:53 America/Mexico_City] ⚠️ No se puede obtener API Key - Org ID: 
[31-Aug-2026 17:07:53 America/Mexico_City] ✅ Configuración de Facturapi cargada - Plan: premium, API Key disponible: SÍ
[31-Aug-2026 17:07:53 America/Mexico_City] Error al obtener configuración: SQLSTATE[42S22]: Column not found: 1054 Unknown column 'paypal_client_id' in 'field list'
[31-Aug-2026 17:07:53 America/Mexico_City] ✅ Caja encontrada por ID de sesión - ID: 6
[31-Aug-2026 17:08:01 America/Mexico_City] 📋 Datos empresa - Plan: premium, Org ID: , Timbres: 500
[31-Aug-2026 17:08:01 America/Mexico_City] ⚠️ No se puede obtener API Key - Org ID: 
[31-Aug-2026 17:08:01 America/Mexico_City] ✅ Configuración de Facturapi cargada - Plan: premium, API Key disponible: SÍ
[31-Aug-2026 17:08:01 America/Mexico_City] Error al obtener configuración: SQLSTATE[42S22]: Column not found: 1054 Unknown column 'paypal_client_id' in 'field list'
[31-Aug-2026 17:08:01 America/Mexico_City] ✅ Caja encontrada por ID de sesión - ID: 6
[31-Aug-2026 17:08:19 America/Mexico_City] 📋 Datos empresa - Plan: premium, Org ID: , Timbres: 500
[31-Aug-2026 17:08:19 America/Mexico_City] ⚠️ No se puede obtener API Key - Org ID: 
[31-Aug-2026 17:08:19 America/Mexico_City] ✅ Configuración de Facturapi cargada - Plan: premium, API Key disponible: SÍ
[31-Aug-2026 17:08:19 America/Mexico_City] Error al obtener configuración: SQLSTATE[42S22]: Column not found: 1054 Unknown column 'paypal_client_id' in 'field list'
[31-Aug-2026 17:08:19 America/Mexico_City] ✅ Caja encontrada por ID de sesión - ID: 6
[31-Aug-2026 17:08:19 America/Mexico_City] === INICIO PROCESAR PAGO ===
[31-Aug-2026 17:08:19 America/Mexico_City] Plan de empresa: premium
[31-Aug-2026 17:08:19 America/Mexico_City] Timbres disponibles: 500
[31-Aug-2026 17:08:19 America/Mexico_City] ✅ Venta insertada - ID: 106, Código: 20260831170819
[31-Aug-2026 17:08:19 America/Mexico_City] ✅ STOCK ACTUALIZADO - Producto: CONTABILIDAD GENERAL MENSUAL PERSONAS FISICAS, Cantidad descontada: 1
[31-Aug-2026 17:08:19 America/Mexico_City] ✅ Caja actualizada correctamente
[31-Aug-2026 17:08:19 America/Mexico_City] 🎯 Plan Premium detectado - Generando recibo Facturapi
[31-Aug-2026 17:08:19 America/Mexico_City] 🔑 Usando API Key: sk_test_3N...
[31-Aug-2026 17:08:19 America/Mexico_City] 📦 Producto agregado a Facturapi: ID 126, Producto Facturapi: 6a4bd07c3c49adca9871330c
[31-Aug-2026 17:08:19 America/Mexico_City] 👤 Cliente encontrado para Facturapi: ANA MARGARITA LEZAMA ORTEGA
[31-Aug-2026 17:08:19 America/Mexico_City] 📝 Creando recibo Facturapi con datos: {
    "folio_number": 20260831170819,
    "payment_form": "03",
    "items": [
        {
            "quantity": 1,
            "product": "6a4bd07c3c49adca9871330c"
        }
    ],
    "customer": {
        "legal_name": "ANA MARGARITA LEZAMA ORTEGA",
        "tax_id": "",
        "email": "",
        "phone": ""
    }
}
[31-Aug-2026 17:08:20 America/Mexico_City] PHP Warning:  Undefined property: stdClass::$id in /home2/juanc141/public_html/caja.php on line 1994
[31-Aug-2026 17:08:20 America/Mexico_City] ✅ Recibo Facturapi creado: 
[31-Aug-2026 17:08:20 America/Mexico_City] 🔗 URL de facturación: 
[31-Aug-2026 17:08:20 America/Mexico_City] ✅ Venta actualizada con facturapi_receipt_id y urlfacturacion
[31-Aug-2026 17:08:20 America/Mexico_City] 📋 Datos empresa - Plan: premium, Org ID: , Timbres: 500
[31-Aug-2026 17:08:20 America/Mexico_City] ⚠️ No se puede obtener API Key - Org ID: 
[31-Aug-2026 17:08:20 America/Mexico_City] ✅ Configuración de Facturapi cargada - Plan: premium, API Key disponible: SÍ
[31-Aug-2026 17:08:20 America/Mexico_City] Error al obtener configuración: SQLSTATE[42S22]: Column not found: 1054 Unknown column 'paypal_client_id' in 'field list'
[31-Aug-2026 17:08:20 America/Mexico_City] ✅ Caja encontrada por ID de sesión - ID: 6
[31-Aug-2026 17:08:33 America/Mexico_City] 📋 Datos empresa - Plan: premium, Org ID: , Timbres: 500
[31-Aug-2026 17:08:33 America/Mexico_City] ⚠️ No se puede obtener API Key - Org ID: 
[31-Aug-2026 17:08:33 America/Mexico_City] ✅ Configuración de Facturapi cargada - Plan: premium, API Key disponible: SÍ
[31-Aug-2026 17:08:33 America/Mexico_City] Error al obtener configuración: SQLSTATE[42S22]: Column not found: 1054 Unknown column 'paypal_client_id' in 'field list'
[31-Aug-2026 17:08:33 America/Mexico_City] ✅ Caja encontrada por ID de sesión - ID: 6
[31-Aug-2026 17:08:49 America/Mexico_City] 📋 Datos empresa - Plan: premium, Org ID: , Timbres: 500
[31-Aug-2026 17:08:49 America/Mexico_City] ⚠️ No se puede obtener API Key - Org ID: 
[31-Aug-2026 17:08:49 America/Mexico_City] ✅ Configuración de Facturapi cargada - Plan: premium, API Key disponible: SÍ
[31-Aug-2026 17:08:49 America/Mexico_City] Error al obtener configuración: SQLSTATE[42S22]: Column not found: 1054 Unknown column 'paypal_client_id' in 'field list'
[31-Aug-2026 17:08:49 America/Mexico_City] ✅ Caja encontrada por ID de sesión - ID: 6
[31-Aug-2026 17:09:05 America/Mexico_City] 📋 Datos empresa - Plan: premium, Org ID: , Timbres: 500
[31-Aug-2026 17:09:05 America/Mexico_City] ⚠️ No se puede obtener API Key - Org ID: 
[31-Aug-2026 17:09:05 America/Mexico_City] ✅ Configuración de Facturapi cargada - Plan: premium, API Key disponible: SÍ
[31-Aug-2026 17:09:05 America/Mexico_City] Error al obtener configuración: SQLSTATE[42S22]: Column not found: 1054 Unknown column 'paypal_client_id' in 'field list'
[31-Aug-2026 17:09:05 America/Mexico_City] ✅ Caja encontrada por ID de sesión - ID: 6
[31-Aug-2026 17:09:05 America/Mexico_City] === INICIO PROCESAR PAGO ===
[31-Aug-2026 17:09:05 America/Mexico_City] Plan de empresa: premium
[31-Aug-2026 17:09:05 America/Mexico_City] Timbres disponibles: 500
[31-Aug-2026 17:09:05 America/Mexico_City] ✅ Venta insertada - ID: 107, Código: 20260831170905
[31-Aug-2026 17:09:05 America/Mexico_City] ✅ STOCK ACTUALIZADO - Producto: CONTABILIDAD GENERAL MENSUAL PERSONAS MORALES, Cantidad descontada: 1
[31-Aug-2026 17:09:05 America/Mexico_City] ✅ Caja actualizada correctamente
[31-Aug-2026 17:09:05 America/Mexico_City] 🎯 Plan Premium detectado - Generando recibo Facturapi
[31-Aug-2026 17:09:05 America/Mexico_City] 🔑 Usando API Key: sk_test_3N...
[31-Aug-2026 17:09:05 America/Mexico_City] 📦 Producto agregado a Facturapi: ID 129, Producto Facturapi: 6a4bd0e5acda39b4304d7748
[31-Aug-2026 17:09:05 America/Mexico_City] 👤 Cliente encontrado para Facturapi: ZAZILMER
[31-Aug-2026 17:09:05 America/Mexico_City] 📝 Creando recibo Facturapi con datos: {
    "folio_number": 20260831170905,
    "payment_form": "03",
    "items": [
        {
            "quantity": 1,
            "product": "6a4bd0e5acda39b4304d7748"
        }
    ],
    "customer": {
        "legal_name": "ZAZILMER",
        "tax_id": "",
        "email": "",
        "phone": ""
    }
}
[31-Aug-2026 17:09:07 America/Mexico_City] PHP Warning:  Undefined property: stdClass::$id in /home2/juanc141/public_html/caja.php on line 1994
[31-Aug-2026 17:09:07 America/Mexico_City] ✅ Recibo Facturapi creado: 
[31-Aug-2026 17:09:07 America/Mexico_City] 🔗 URL de facturación: 
[31-Aug-2026 17:09:07 America/Mexico_City] ✅ Venta actualizada con facturapi_receipt_id y urlfacturacion
[31-Aug-2026 17:09:07 America/Mexico_City] 📋 Datos empresa - Plan: premium, Org ID: , Timbres: 500
[31-Aug-2026 17:09:07 America/Mexico_City] ⚠️ No se puede obtener API Key - Org ID: 
[31-Aug-2026 17:09:07 America/Mexico_City] ✅ Configuración de Facturapi cargada - Plan: premium, API Key disponible: SÍ
[31-Aug-2026 17:09:07 America/Mexico_City] Error al obtener configuración: SQLSTATE[42S22]: Column not found: 1054 Unknown column 'paypal_client_id' in 'field list'
[31-Aug-2026 17:09:07 America/Mexico_City] ✅ Caja encontrada por ID de sesión - ID: 6
[31-Aug-2026 17:09:17 America/Mexico_City] 📋 Datos empresa - Plan: premium, Org ID: , Timbres: 500
[31-Aug-2026 17:09:17 America/Mexico_City] ⚠️ No se puede obtener API Key - Org ID: 
[31-Aug-2026 17:09:17 America/Mexico_City] ✅ Configuración de Facturapi cargada - Plan: premium, API Key disponible: SÍ
[31-Aug-2026 17:09:17 America/Mexico_City] Error al obtener configuración: SQLSTATE[42S22]: Column not found: 1054 Unknown column 'paypal_client_id' in 'field list'
[31-Aug-2026 17:09:17 America/Mexico_City] ✅ Caja encontrada por ID de sesión - ID: 6
[31-Aug-2026 17:09:27 America/Mexico_City] 📋 Datos empresa - Plan: premium, Org ID: , Timbres: 500
[31-Aug-2026 17:09:27 America/Mexico_City] ⚠️ No se puede obtener API Key - Org ID: 
[31-Aug-2026 17:09:27 America/Mexico_City] ✅ Configuración de Facturapi cargada - Plan: premium, API Key disponible: SÍ
[31-Aug-2026 17:09:27 America/Mexico_City] Error al obtener configuración: SQLSTATE[42S22]: Column not found: 1054 Unknown column 'paypal_client_id' in 'field list'
[31-Aug-2026 17:09:27 America/Mexico_City] ✅ Caja encontrada por ID de sesión - ID: 6
[31-Aug-2026 17:09:50 America/Mexico_City] 📋 Datos empresa - Plan: premium, Org ID: , Timbres: 500
[31-Aug-2026 17:09:50 America/Mexico_City] ⚠️ No se puede obtener API Key - Org ID: 
[31-Aug-2026 17:09:50 America/Mexico_City] ✅ Configuración de Facturapi cargada - Plan: premium, API Key disponible: SÍ
[31-Aug-2026 17:09:50 America/Mexico_City] Error al obtener configuración: SQLSTATE[42S22]: Column not found: 1054 Unknown column 'paypal_client_id' in 'field list'
[31-Aug-2026 17:09:50 America/Mexico_City] ✅ Caja encontrada por ID de sesión - ID: 6
[31-Aug-2026 17:09:50 America/Mexico_City] === INICIO PROCESAR PAGO ===
[31-Aug-2026 17:09:50 America/Mexico_City] Plan de empresa: premium
[31-Aug-2026 17:09:50 America/Mexico_City] Timbres disponibles: 500
[31-Aug-2026 17:09:50 America/Mexico_City] ✅ Venta insertada - ID: 108, Código: 20260831170950
[31-Aug-2026 17:09:50 America/Mexico_City] ✅ STOCK ACTUALIZADO - Producto: ADELANTO DE CONTABILIDAD MENSUAL PF PISO 6, Cantidad descontada: 1
[31-Aug-2026 17:09:50 America/Mexico_City] ✅ Caja actualizada correctamente
[31-Aug-2026 17:09:50 America/Mexico_City] 🎯 Plan Premium detectado - Generando recibo Facturapi
[31-Aug-2026 17:09:50 America/Mexico_City] 🔑 Usando API Key: sk_test_3N...
[31-Aug-2026 17:09:50 America/Mexico_City] 📦 Producto agregado a Facturapi: ID 127, Producto Facturapi: 6a4e848c6ef84cfee9000712
[31-Aug-2026 17:09:50 America/Mexico_City] 👤 Cliente encontrado para Facturapi: TANIA ITZEL GARCIA RODRIGUEZ
[31-Aug-2026 17:09:50 America/Mexico_City] 📝 Creando recibo Facturapi con datos: {
    "folio_number": 20260831170950,
    "payment_form": "03",
    "items": [
        {
            "quantity": 1,
            "product": "6a4e848c6ef84cfee9000712"
        }
    ],
    "customer": {
        "legal_name": "TANIA ITZEL GARCIA RODRIGUEZ",
        "tax_id": "",
        "email": "",
        "phone": ""
    }
}
[31-Aug-2026 17:09:51 America/Mexico_City] PHP Warning:  Undefined property: stdClass::$id in /home2/juanc141/public_html/caja.php on line 1994
[31-Aug-2026 17:09:51 America/Mexico_City] ✅ Recibo Facturapi creado: 
[31-Aug-2026 17:09:51 America/Mexico_City] 🔗 URL de facturación: 
[31-Aug-2026 17:09:51 America/Mexico_City] ✅ Venta actualizada con facturapi_receipt_id y urlfacturacion
[31-Aug-2026 17:09:51 America/Mexico_City] 📋 Datos empresa - Plan: premium, Org ID: , Timbres: 500
[31-Aug-2026 17:09:51 America/Mexico_City] ⚠️ No se puede obtener API Key - Org ID: 
[31-Aug-2026 17:09:51 America/Mexico_City] ✅ Configuración de Facturapi cargada - Plan: premium, API Key disponible: SÍ
[31-Aug-2026 17:09:51 America/Mexico_City] Error al obtener configuración: SQLSTATE[42S22]: Column not found: 1054 Unknown column 'paypal_client_id' in 'field list'
[31-Aug-2026 17:09:51 America/Mexico_City] ✅ Caja encontrada por ID de sesión - ID: 6
[31-Aug-2026 17:09:59 America/Mexico_City] 📋 Datos empresa - Plan: premium, Org ID: , Timbres: 500
[31-Aug-2026 17:09:59 America/Mexico_City] ⚠️ No se puede obtener API Key - Org ID: 
[31-Aug-2026 17:09:59 America/Mexico_City] ✅ Configuración de Facturapi cargada - Plan: premium, API Key disponible: SÍ
[31-Aug-2026 17:09:59 America/Mexico_City] Error al obtener configuración: SQLSTATE[42S22]: Column not found: 1054 Unknown column 'paypal_client_id' in 'field list'
[31-Aug-2026 17:09:59 America/Mexico_City] ✅ Caja encontrada por ID de sesión - ID: 6
[31-Aug-2026 17:10:35 America/Mexico_City] 📋 Datos empresa - Plan: premium, Org ID: , Timbres: 500
[31-Aug-2026 17:10:35 America/Mexico_City] ⚠️ No se puede obtener API Key - Org ID: 
[31-Aug-2026 17:10:35 America/Mexico_City] ✅ Configuración de Facturapi cargada - Plan: premium, API Key disponible: SÍ
[31-Aug-2026 17:10:35 America/Mexico_City] Error al obtener configuración: SQLSTATE[42S22]: Column not found: 1054 Unknown column 'paypal_client_id' in 'field list'
[31-Aug-2026 17:10:35 America/Mexico_City] ✅ Caja encontrada por ID de sesión - ID: 6
[31-Aug-2026 17:10:51 America/Mexico_City] 📋 Datos empresa - Plan: premium, Org ID: , Timbres: 500
[31-Aug-2026 17:10:51 America/Mexico_City] ⚠️ No se puede obtener API Key - Org ID: 
[31-Aug-2026 17:10:51 America/Mexico_City] ✅ Configuración de Facturapi cargada - Plan: premium, API Key disponible: SÍ
[31-Aug-2026 17:10:51 America/Mexico_City] Error al obtener configuración: SQLSTATE[42S22]: Column not found: 1054 Unknown column 'paypal_client_id' in 'field list'
[31-Aug-2026 17:10:51 America/Mexico_City] ✅ Caja encontrada por ID de sesión - ID: 6
[31-Aug-2026 17:10:52 America/Mexico_City] 📋 Datos empresa - Plan: premium, Org ID: , Timbres: 500
[31-Aug-2026 17:10:52 America/Mexico_City] ⚠️ No se puede obtener API Key - Org ID: 
[31-Aug-2026 17:10:52 America/Mexico_City] ✅ Configuración de Facturapi cargada - Plan: premium, API Key disponible: SÍ
[31-Aug-2026 17:10:52 America/Mexico_City] Error al obtener configuración: SQLSTATE[42S22]: Column not found: 1054 Unknown column 'paypal_client_id' in 'field list'
[31-Aug-2026 17:10:52 America/Mexico_City] ✅ Caja encontrada por ID de sesión - ID: 6
[31-Aug-2026 17:11:16 America/Mexico_City] 📋 Datos empresa - Plan: premium, Org ID: , Timbres: 500
[31-Aug-2026 17:11:16 America/Mexico_City] ⚠️ No se puede obtener API Key - Org ID: 
[31-Aug-2026 17:11:16 America/Mexico_City] ✅ Configuración de Facturapi cargada - Plan: premium, API Key disponible: SÍ
[31-Aug-2026 17:11:16 America/Mexico_City] Error al obtener configuración: SQLSTATE[42S22]: Column not found: 1054 Unknown column 'paypal_client_id' in 'field list'
[31-Aug-2026 17:11:16 America/Mexico_City] ✅ Caja encontrada por ID de sesión - ID: 6
[31-Aug-2026 17:11:16 America/Mexico_City] === INICIO PROCESAR PAGO ===
[31-Aug-2026 17:11:16 America/Mexico_City] Plan de empresa: premium
[31-Aug-2026 17:11:16 America/Mexico_City] Timbres disponibles: 500
[31-Aug-2026 17:11:16 America/Mexico_City] ✅ Venta insertada - ID: 109, Código: 20260831171116
[31-Aug-2026 17:11:16 America/Mexico_City] ✅ STOCK ACTUALIZADO - Producto: TRABAJO FINANCIERO ESPECIFICO, Cantidad descontada: 1
[31-Aug-2026 17:11:16 America/Mexico_City] ✅ Caja actualizada correctamente
[31-Aug-2026 17:11:16 America/Mexico_City] 🎯 Plan Premium detectado - Generando recibo Facturapi
[31-Aug-2026 17:11:16 America/Mexico_City] 🔑 Usando API Key: sk_test_3N...
[31-Aug-2026 17:11:16 America/Mexico_City] ⚠️ Producto ID 139 no tiene facturapi_producto_id
[31-Aug-2026 17:11:16 America/Mexico_City] ❌ Error al crear recibo Facturapi: No se encontraron productos válidos para Facturapi.
[31-Aug-2026 17:11:17 America/Mexico_City] 📋 Datos empresa - Plan: premium, Org ID: , Timbres: 500
[31-Aug-2026 17:11:17 America/Mexico_City] ⚠️ No se puede obtener API Key - Org ID: 
[31-Aug-2026 17:11:17 America/Mexico_City] ✅ Configuración de Facturapi cargada - Plan: premium, API Key disponible: SÍ
[31-Aug-2026 17:11:17 America/Mexico_City] Error al obtener configuración: SQLSTATE[42S22]: Column not found: 1054 Unknown column 'paypal_client_id' in 'field list'
[31-Aug-2026 17:11:17 America/Mexico_City] ✅ Caja encontrada por ID de sesión - ID: 6
[31-Aug-2026 17:13:18 America/Mexico_City] 📋 Datos empresa - Plan: premium, Org ID: , Timbres: 500
[31-Aug-2026 17:13:18 America/Mexico_City] ⚠️ No se puede obtener API Key - Org ID: 
[31-Aug-2026 17:13:18 America/Mexico_City] ✅ Configuración de Facturapi cargada - Plan: premium, API Key disponible: SÍ
[31-Aug-2026 17:13:18 America/Mexico_City] Error al obtener configuración: SQLSTATE[42S22]: Column not found: 1054 Unknown column 'paypal_client_id' in 'field list'
[31-Aug-2026 17:13:18 America/Mexico_City] ✅ Caja encontrada por ID de sesión - ID: 6
[31-Aug-2026 17:13:38 America/Mexico_City] 📋 Datos empresa - Plan: premium, Org ID: , Timbres: 500
[31-Aug-2026 17:13:38 America/Mexico_City] ⚠️ No se puede obtener API Key - Org ID: 
[31-Aug-2026 17:13:38 America/Mexico_City] ✅ Configuración de Facturapi cargada - Plan: premium, API Key disponible: SÍ
[31-Aug-2026 17:13:38 America/Mexico_City] Error al obtener configuración: SQLSTATE[42S22]: Column not found: 1054 Unknown column 'paypal_client_id' in 'field list'
[31-Aug-2026 17:13:38 America/Mexico_City] ✅ Caja encontrada por ID de sesión - ID: 6
[31-Aug-2026 17:13:46 America/Mexico_City] 📋 Datos empresa - Plan: premium, Org ID: , Timbres: 500
[31-Aug-2026 17:13:46 America/Mexico_City] ⚠️ No se puede obtener API Key - Org ID: 
[31-Aug-2026 17:13:46 America/Mexico_City] ✅ Configuración de Facturapi cargada - Plan: premium, API Key disponible: SÍ
[31-Aug-2026 17:13:46 America/Mexico_City] Error al obtener configuración: SQLSTATE[42S22]: Column not found: 1054 Unknown column 'paypal_client_id' in 'field list'
[31-Aug-2026 17:13:46 America/Mexico_City] ✅ Caja encontrada por ID de sesión - ID: 6
[31-Aug-2026 17:13:47 America/Mexico_City] 📋 Datos empresa - Plan: premium, Org ID: , Timbres: 500
[31-Aug-2026 17:13:47 America/Mexico_City] ⚠️ No se puede obtener API Key - Org ID: 
[31-Aug-2026 17:13:47 America/Mexico_City] ✅ Configuración de Facturapi cargada - Plan: premium, API Key disponible: SÍ
[31-Aug-2026 17:13:47 America/Mexico_City] Error al obtener configuración: SQLSTATE[42S22]: Column not found: 1054 Unknown column 'paypal_client_id' in 'field list'
[31-Aug-2026 17:13:47 America/Mexico_City] ✅ Caja encontrada por ID de sesión - ID: 6
[31-Aug-2026 17:14:16 America/Mexico_City] 📋 Datos empresa - Plan: premium, Org ID: , Timbres: 500
[31-Aug-2026 17:14:16 America/Mexico_City] ⚠️ No se puede obtener API Key - Org ID: 
[31-Aug-2026 17:14:16 America/Mexico_City] ✅ Configuración de Facturapi cargada - Plan: premium, API Key disponible: SÍ
[31-Aug-2026 17:14:16 America/Mexico_City] Error al obtener configuración: SQLSTATE[42S22]: Column not found: 1054 Unknown column 'paypal_client_id' in 'field list'
[31-Aug-2026 17:14:16 America/Mexico_City] ✅ Caja encontrada por ID de sesión - ID: 6
[31-Aug-2026 17:14:16 America/Mexico_City] === INICIO PROCESAR PAGO ===
[31-Aug-2026 17:14:16 America/Mexico_City] Plan de empresa: premium
[31-Aug-2026 17:14:16 America/Mexico_City] Timbres disponibles: 500
[31-Aug-2026 17:14:16 America/Mexico_City] ✅ Venta insertada - ID: 110, Código: 20260831171416
[31-Aug-2026 17:14:16 America/Mexico_City] ✅ STOCK ACTUALIZADO - Producto: TRABAJO FINANCIERO ESPECIFICO, Cantidad descontada: 1
[31-Aug-2026 17:14:16 America/Mexico_City] ✅ Caja actualizada correctamente
[31-Aug-2026 17:14:16 America/Mexico_City] 🎯 Plan Premium detectado - Generando recibo Facturapi
[31-Aug-2026 17:14:16 America/Mexico_City] 🔑 Usando API Key: sk_test_3N...
[31-Aug-2026 17:14:16 America/Mexico_City] ⚠️ Producto ID 139 no tiene facturapi_producto_id
[31-Aug-2026 17:14:16 America/Mexico_City] ❌ Error al crear recibo Facturapi: No se encontraron productos válidos para Facturapi.
[31-Aug-2026 17:14:17 America/Mexico_City] 📋 Datos empresa - Plan: premium, Org ID: , Timbres: 500
[31-Aug-2026 17:14:17 America/Mexico_City] ⚠️ No se puede obtener API Key - Org ID: 
[31-Aug-2026 17:14:17 America/Mexico_City] ✅ Configuración de Facturapi cargada - Plan: premium, API Key disponible: SÍ
[31-Aug-2026 17:14:17 America/Mexico_City] Error al obtener configuración: SQLSTATE[42S22]: Column not found: 1054 Unknown column 'paypal_client_id' in 'field list'
[31-Aug-2026 17:14:17 America/Mexico_City] ✅ Caja encontrada por ID de sesión - ID: 6
[31-Aug-2026 17:44:41 America/Mexico_City] 📋 Datos empresa - Plan: premium, Org ID: , Timbres: 500
[31-Aug-2026 17:44:41 America/Mexico_City] ⚠️ No se puede obtener API Key - Org ID: 
[31-Aug-2026 17:44:41 America/Mexico_City] ✅ Configuración de Facturapi cargada - Plan: premium, API Key disponible: SÍ
[31-Aug-2026 17:44:41 America/Mexico_City] Error al obtener configuración: SQLSTATE[42S22]: Column not found: 1054 Unknown column 'paypal_client_id' in 'field list'
[31-Aug-2026 17:44:41 America/Mexico_City] ✅ Caja encontrada por ID de sesión - ID: 6
[31-Aug-2026 17:45:03 America/Mexico_City] 📋 Datos empresa - Plan: premium, Org ID: , Timbres: 500
[31-Aug-2026 17:45:03 America/Mexico_City] ⚠️ No se puede obtener API Key - Org ID: 
[31-Aug-2026 17:45:03 America/Mexico_City] ✅ Configuración de Facturapi cargada - Plan: premium, API Key disponible: SÍ
[31-Aug-2026 17:45:03 America/Mexico_City] Error al obtener configuración: SQLSTATE[42S22]: Column not found: 1054 Unknown column 'paypal_client_id' in 'field list'
[31-Aug-2026 17:45:03 America/Mexico_City] ✅ Caja encontrada por ID de sesión - ID: 6
[31-Aug-2026 17:45:04 America/Mexico_City] 📋 Datos empresa - Plan: premium, Org ID: , Timbres: 500
[31-Aug-2026 17:45:04 America/Mexico_City] ⚠️ No se puede obtener API Key - Org ID: 
[31-Aug-2026 17:45:04 America/Mexico_City] ✅ Configuración de Facturapi cargada - Plan: premium, API Key disponible: SÍ
[31-Aug-2026 17:45:04 America/Mexico_City] Error al obtener configuración: SQLSTATE[42S22]: Column not found: 1054 Unknown column 'paypal_client_id' in 'field list'
[31-Aug-2026 17:45:04 America/Mexico_City] ✅ Caja encontrada por ID de sesión - ID: 6
[31-Aug-2026 17:45:14 America/Mexico_City] 📋 Datos empresa - Plan: premium, Org ID: , Timbres: 500
[31-Aug-2026 17:45:14 America/Mexico_City] ⚠️ No se puede obtener API Key - Org ID: 
[31-Aug-2026 17:45:14 America/Mexico_City] ✅ Configuración de Facturapi cargada - Plan: premium, API Key disponible: SÍ
[31-Aug-2026 17:45:14 America/Mexico_City] Error al obtener configuración: SQLSTATE[42S22]: Column not found: 1054 Unknown column 'paypal_client_id' in 'field list'
[31-Aug-2026 17:45:14 America/Mexico_City] ✅ Caja encontrada por ID de sesión - ID: 6
[31-Aug-2026 17:45:31 America/Mexico_City] 📋 Datos empresa - Plan: premium, Org ID: , Timbres: 500
[31-Aug-2026 17:45:31 America/Mexico_City] ⚠️ No se puede obtener API Key - Org ID: 
[31-Aug-2026 17:45:31 America/Mexico_City] ✅ Configuración de Facturapi cargada - Plan: premium, API Key disponible: SÍ
[31-Aug-2026 17:45:31 America/Mexico_City] Error al obtener configuración: SQLSTATE[42S22]: Column not found: 1054 Unknown column 'paypal_client_id' in 'field list'
[31-Aug-2026 17:45:31 America/Mexico_City] ✅ Caja encontrada por ID de sesión - ID: 6
[31-Aug-2026 17:45:33 America/Mexico_City] 📋 Datos empresa - Plan: premium, Org ID: , Timbres: 500
[31-Aug-2026 17:45:33 America/Mexico_City] ⚠️ No se puede obtener API Key - Org ID: 
[31-Aug-2026 17:45:33 America/Mexico_City] ✅ Configuración de Facturapi cargada - Plan: premium, API Key disponible: SÍ
[31-Aug-2026 17:45:33 America/Mexico_City] Error al obtener configuración: SQLSTATE[42S22]: Column not found: 1054 Unknown column 'paypal_client_id' in 'field list'
[31-Aug-2026 17:45:33 America/Mexico_City] ✅ Caja encontrada por ID de sesión - ID: 6
[31-Aug-2026 17:46:09 America/Mexico_City] 📋 Datos empresa - Plan: premium, Org ID: , Timbres: 500
[31-Aug-2026 17:46:09 America/Mexico_City] ⚠️ No se puede obtener API Key - Org ID: 
[31-Aug-2026 17:46:09 America/Mexico_City] ✅ Configuración de Facturapi cargada - Plan: premium, API Key disponible: SÍ
[31-Aug-2026 17:46:09 America/Mexico_City] Error al obtener configuración: SQLSTATE[42S22]: Column not found: 1054 Unknown column 'paypal_client_id' in 'field list'
[31-Aug-2026 17:46:09 America/Mexico_City] ✅ Caja encontrada por ID de sesión - ID: 6
[31-Aug-2026 17:46:09 America/Mexico_City] === INICIO PROCESAR PAGO ===
[31-Aug-2026 17:46:09 America/Mexico_City] Plan de empresa: premium
[31-Aug-2026 17:46:09 America/Mexico_City] Timbres disponibles: 500
[31-Aug-2026 17:46:09 America/Mexico_City] ✅ Venta insertada - ID: 111, Código: 20260831174609
[31-Aug-2026 17:46:09 America/Mexico_City] ✅ STOCK ACTUALIZADO - Producto: TRABAJO ESPECIFICO SERVICIO LEGAL, Cantidad descontada: 1
[31-Aug-2026 17:46:09 America/Mexico_City] ✅ Caja actualizada correctamente
[31-Aug-2026 17:46:09 America/Mexico_City] 🎯 Plan Premium detectado - Generando recibo Facturapi
[31-Aug-2026 17:46:09 America/Mexico_City] 🔑 Usando API Key: sk_test_3N...
[31-Aug-2026 17:46:09 America/Mexico_City] ⚠️ Producto ID 136 no tiene facturapi_producto_id
[31-Aug-2026 17:46:09 America/Mexico_City] ❌ Error al crear recibo Facturapi: No se encontraron productos válidos para Facturapi.
[31-Aug-2026 17:46:09 America/Mexico_City] 📋 Datos empresa - Plan: premium, Org ID: , Timbres: 500
[31-Aug-2026 17:46:09 America/Mexico_City] ⚠️ No se puede obtener API Key - Org ID: 
[31-Aug-2026 17:46:09 America/Mexico_City] ✅ Configuración de Facturapi cargada - Plan: premium, API Key disponible: SÍ
[31-Aug-2026 17:46:09 America/Mexico_City] Error al obtener configuración: SQLSTATE[42S22]: Column not found: 1054 Unknown column 'paypal_client_id' in 'field list'
[31-Aug-2026 17:46:09 America/Mexico_City] ✅ Caja encontrada por ID de sesión - ID: 6
[31-Aug-2026 18:08:04 America/Mexico_City] 📋 Datos empresa - Plan: premium, Org ID: , Timbres: 500
[31-Aug-2026 18:08:04 America/Mexico_City] ⚠️ No se puede obtener API Key - Org ID: 
[31-Aug-2026 18:08:04 America/Mexico_City] ✅ Configuración de Facturapi cargada - Plan: premium, API Key disponible: SÍ
[31-Aug-2026 18:08:04 America/Mexico_City] Error al obtener configuración: SQLSTATE[42S22]: Column not found: 1054 Unknown column 'paypal_client_id' in 'field list'
[31-Aug-2026 18:08:04 America/Mexico_City] ✅ Caja encontrada por ID de sesión - ID: 6
[31-Aug-2026 18:08:14 America/Mexico_City] 📋 Datos empresa - Plan: premium, Org ID: , Timbres: 500
[31-Aug-2026 18:08:14 America/Mexico_City] ⚠️ No se puede obtener API Key - Org ID: 
[31-Aug-2026 18:08:14 America/Mexico_City] ✅ Configuración de Facturapi cargada - Plan: premium, API Key disponible: SÍ
[31-Aug-2026 18:08:14 America/Mexico_City] Error al obtener configuración: SQLSTATE[42S22]: Column not found: 1054 Unknown column 'paypal_client_id' in 'field list'
[31-Aug-2026 18:08:14 America/Mexico_City] Buscando caja por usuario/sucursal...
[31-Aug-2026 18:08:14 America/Mexico_City] ✅ Caja encontrada por usuario/sucursal - ID: 6
[31-Aug-2026 18:08:39 America/Mexico_City] 📋 Datos empresa - Plan: premium, Org ID: , Timbres: 500
[31-Aug-2026 18:08:39 America/Mexico_City] ⚠️ No se puede obtener API Key - Org ID: 
[31-Aug-2026 18:08:39 America/Mexico_City] ✅ Configuración de Facturapi cargada - Plan: premium, API Key disponible: SÍ
[31-Aug-2026 18:08:39 America/Mexico_City] Error al obtener configuración: SQLSTATE[42S22]: Column not found: 1054 Unknown column 'paypal_client_id' in 'field list'
[31-Aug-2026 18:08:39 America/Mexico_City] ✅ Caja encontrada por ID de sesión - ID: 6
[31-Aug-2026 18:08:39 America/Mexico_City] 📋 Datos empresa - Plan: premium, Org ID: , Timbres: 500
[31-Aug-2026 18:08:39 America/Mexico_City] ⚠️ No se puede obtener API Key - Org ID: 
[31-Aug-2026 18:08:39 America/Mexico_City] ✅ Configuración de Facturapi cargada - Plan: premium, API Key disponible: SÍ
[31-Aug-2026 18:08:39 America/Mexico_City] Error al obtener configuración: SQLSTATE[42S22]: Column not found: 1054 Unknown column 'paypal_client_id' in 'field list'
[31-Aug-2026 18:08:39 America/Mexico_City] ✅ Caja encontrada por ID de sesión - ID: 6
[31-Aug-2026 18:08:55 America/Mexico_City] 📋 Datos empresa - Plan: premium, Org ID: , Timbres: 500
[31-Aug-2026 18:08:55 America/Mexico_City] ⚠️ No se puede obtener API Key - Org ID: 
[31-Aug-2026 18:08:55 America/Mexico_City] ✅ Configuración de Facturapi cargada - Plan: premium, API Key disponible: SÍ
[31-Aug-2026 18:08:55 America/Mexico_City] Error al obtener configuración: SQLSTATE[42S22]: Column not found: 1054 Unknown column 'paypal_client_id' in 'field list'
[31-Aug-2026 18:08:55 America/Mexico_City] ✅ Caja encontrada por ID de sesión - ID: 6
[31-Aug-2026 18:09:15 America/Mexico_City] 📋 Datos empresa - Plan: premium, Org ID: , Timbres: 500
[31-Aug-2026 18:09:15 America/Mexico_City] ⚠️ No se puede obtener API Key - Org ID: 
[31-Aug-2026 18:09:15 America/Mexico_City] ✅ Configuración de Facturapi cargada - Plan: premium, API Key disponible: SÍ
[31-Aug-2026 18:09:15 America/Mexico_City] Error al obtener configuración: SQLSTATE[42S22]: Column not found: 1054 Unknown column 'paypal_client_id' in 'field list'
[31-Aug-2026 18:09:15 America/Mexico_City] ✅ Caja encontrada por ID de sesión - ID: 6
[31-Aug-2026 18:09:16 America/Mexico_City] 📋 Datos empresa - Plan: premium, Org ID: , Timbres: 500
[31-Aug-2026 18:09:16 America/Mexico_City] ⚠️ No se puede obtener API Key - Org ID: 
[31-Aug-2026 18:09:16 America/Mexico_City] ✅ Configuración de Facturapi cargada - Plan: premium, API Key disponible: SÍ
[31-Aug-2026 18:09:16 America/Mexico_City] Error al obtener configuración: SQLSTATE[42S22]: Column not found: 1054 Unknown column 'paypal_client_id' in 'field list'
[31-Aug-2026 18:09:16 America/Mexico_City] ✅ Caja encontrada por ID de sesión - ID: 6
[31-Aug-2026 18:09:37 America/Mexico_City] 📋 Datos empresa - Plan: premium, Org ID: , Timbres: 500
[31-Aug-2026 18:09:37 America/Mexico_City] ⚠️ No se puede obtener API Key - Org ID: 
[31-Aug-2026 18:09:37 America/Mexico_City] ✅ Configuración de Facturapi cargada - Plan: premium, API Key disponible: SÍ
[31-Aug-2026 18:09:37 America/Mexico_City] Error al obtener configuración: SQLSTATE[42S22]: Column not found: 1054 Unknown column 'paypal_client_id' in 'field list'
[31-Aug-2026 18:09:37 America/Mexico_City] ✅ Caja encontrada por ID de sesión - ID: 6
[31-Aug-2026 18:09:37 America/Mexico_City] === INICIO PROCESAR PAGO ===
[31-Aug-2026 18:09:37 America/Mexico_City] Plan de empresa: premium
[31-Aug-2026 18:09:37 America/Mexico_City] Timbres disponibles: 500
[31-Aug-2026 18:09:37 America/Mexico_City] ✅ Venta insertada - ID: 112, Código: 20260831180937
[31-Aug-2026 18:09:37 America/Mexico_City] ✅ STOCK ACTUALIZADO - Producto: CONTABILIDAD GENERAL MENSUAL PERSONAS MORALES, Cantidad descontada: 1
[31-Aug-2026 18:09:37 America/Mexico_City] ✅ Caja actualizada correctamente
[31-Aug-2026 18:09:37 America/Mexico_City] 🎯 Plan Premium detectado - Generando recibo Facturapi
[31-Aug-2026 18:09:37 America/Mexico_City] 🔑 Usando API Key: sk_test_3N...
[31-Aug-2026 18:09:37 America/Mexico_City] 📦 Producto agregado a Facturapi: ID 129, Producto Facturapi: 6a4bd0e5acda39b4304d7748
[31-Aug-2026 18:09:37 America/Mexico_City] 👤 Cliente encontrado para Facturapi: INITME SOLUTIONS
[31-Aug-2026 18:09:37 America/Mexico_City] 📝 Creando recibo Facturapi con datos: {
    "folio_number": 20260831180937,
    "payment_form": "03",
    "items": [
        {
            "quantity": 1,
            "product": "6a4bd0e5acda39b4304d7748"
        }
    ],
    "customer": {
        "legal_name": "INITME SOLUTIONS",
        "tax_id": "",
        "email": "",
        "phone": ""
    }
}
[31-Aug-2026 18:09:38 America/Mexico_City] PHP Warning:  Undefined property: stdClass::$id in /home2/juanc141/public_html/caja.php on line 1994
[31-Aug-2026 18:09:38 America/Mexico_City] ✅ Recibo Facturapi creado: 
[31-Aug-2026 18:09:38 America/Mexico_City] 🔗 URL de facturación: 
[31-Aug-2026 18:09:38 America/Mexico_City] ✅ Venta actualizada con facturapi_receipt_id y urlfacturacion
[31-Aug-2026 18:09:38 America/Mexico_City] 📋 Datos empresa - Plan: premium, Org ID: , Timbres: 500
[31-Aug-2026 18:09:38 America/Mexico_City] ⚠️ No se puede obtener API Key - Org ID: 
[31-Aug-2026 18:09:38 America/Mexico_City] ✅ Configuración de Facturapi cargada - Plan: premium, API Key disponible: SÍ
[31-Aug-2026 18:09:38 America/Mexico_City] Error al obtener configuración: SQLSTATE[42S22]: Column not found: 1054 Unknown column 'paypal_client_id' in 'field list'
[31-Aug-2026 18:09:38 America/Mexico_City] ✅ Caja encontrada por ID de sesión - ID: 6
[02-Sep-2026 12:20:11 America/Mexico_City] 📋 Datos empresa - Plan: premium, Org ID: 6986242e7c56a2008bcd3869, Timbres: 497
[02-Sep-2026 12:20:11 America/Mexico_City] 🔑 Obteniendo API Key de prueba para organización: 6986242e7c56a2008bcd3869
[02-Sep-2026 12:20:11 America/Mexico_City] ✅ API Key de prueba obtenida correctamente
[02-Sep-2026 12:20:11 America/Mexico_City] 💾 API Key de prueba guardada en sistema_config
[02-Sep-2026 12:20:11 America/Mexico_City] ✅ Configuración de Facturapi cargada - Plan: premium, API Key disponible: SÍ
[02-Sep-2026 12:20:11 America/Mexico_City] Buscando caja por usuario/sucursal...
[02-Sep-2026 12:20:11 America/Mexico_City] ✅ Caja encontrada por usuario/sucursal - ID: 8
[02-Sep-2026 12:20:15 America/Mexico_City] 📋 Datos empresa - Plan: premium, Org ID: 6986242e7c56a2008bcd3869, Timbres: 497
[02-Sep-2026 12:20:15 America/Mexico_City] 🔑 Obteniendo API Key de prueba para organización: 6986242e7c56a2008bcd3869
[02-Sep-2026 12:20:15 America/Mexico_City] ✅ API Key de prueba obtenida correctamente
[02-Sep-2026 12:20:15 America/Mexico_City] 💾 API Key de prueba guardada en sistema_config
[02-Sep-2026 12:20:15 America/Mexico_City] ✅ Configuración de Facturapi cargada - Plan: premium, API Key disponible: SÍ
[02-Sep-2026 12:20:15 America/Mexico_City] ✅ Caja encontrada por ID de sesión - ID: 8
[02-Sep-2026 15:43:01 America/Mexico_City] 📋 Datos empresa - Plan: premium, Org ID: , Timbres: 500
[02-Sep-2026 15:43:01 America/Mexico_City] ⚠️ No se puede obtener API Key - Org ID: 
[02-Sep-2026 15:43:01 America/Mexico_City] ✅ Configuración de Facturapi cargada - Plan: premium, API Key disponible: SÍ
[02-Sep-2026 15:43:01 America/Mexico_City] Error al obtener configuración: SQLSTATE[42S22]: Column not found: 1054 Unknown column 'paypal_client_id' in 'field list'
[02-Sep-2026 15:43:01 America/Mexico_City] Buscando caja por usuario/sucursal...
[02-Sep-2026 15:43:01 America/Mexico_City] ✅ Caja encontrada por usuario/sucursal - ID: 1
[03-Sep-2026 12:41:36 America/Mexico_City] 📋 Datos empresa - Plan: premium, Org ID: , Timbres: 500
[03-Sep-2026 12:41:36 America/Mexico_City] ⚠️ No se puede obtener API Key - Org ID: 
[03-Sep-2026 12:41:36 America/Mexico_City] ✅ Configuración de Facturapi cargada - Plan: premium, API Key disponible: SÍ
[03-Sep-2026 12:41:37 America/Mexico_City] Error al obtener configuración: SQLSTATE[42S22]: Column not found: 1054 Unknown column 'paypal_client_id' in 'field list'
[03-Sep-2026 12:41:37 America/Mexico_City] Buscando caja por usuario/sucursal...
[03-Sep-2026 12:41:37 America/Mexico_City] ✅ Caja encontrada por usuario/sucursal - ID: 1
[03-Sep-2026 17:07:47 America/Mexico_City] 📋 Datos empresa - Plan: premium, Org ID: , Timbres: 500
[03-Sep-2026 17:07:47 America/Mexico_City] ⚠️ No se puede obtener API Key - Org ID: 
[03-Sep-2026 17:07:47 America/Mexico_City] ✅ Configuración de Facturapi cargada - Plan: premium, API Key disponible: SÍ
[03-Sep-2026 17:07:47 America/Mexico_City] Error al obtener configuración: SQLSTATE[42S22]: Column not found: 1054 Unknown column 'paypal_client_id' in 'field list'
[03-Sep-2026 17:07:47 America/Mexico_City] Buscando caja por usuario/sucursal...
[03-Sep-2026 17:07:47 America/Mexico_City] ✅ Caja encontrada por usuario/sucursal - ID: 6
[03-Sep-2026 17:08:29 America/Mexico_City] 📋 Datos empresa - Plan: premium, Org ID: , Timbres: 500
[03-Sep-2026 17:08:29 America/Mexico_City] ⚠️ No se puede obtener API Key - Org ID: 
[03-Sep-2026 17:08:29 America/Mexico_City] ✅ Configuración de Facturapi cargada - Plan: premium, API Key disponible: SÍ
[03-Sep-2026 17:08:29 America/Mexico_City] Error al obtener configuración: SQLSTATE[42S22]: Column not found: 1054 Unknown column 'paypal_client_id' in 'field list'
[03-Sep-2026 17:08:29 America/Mexico_City] ✅ Caja encontrada por ID de sesión - ID: 6
[03-Sep-2026 17:10:43 America/Mexico_City] 📋 Datos empresa - Plan: premium, Org ID: , Timbres: 500
[03-Sep-2026 17:10:43 America/Mexico_City] ⚠️ No se puede obtener API Key - Org ID: 
[03-Sep-2026 17:10:43 America/Mexico_City] ✅ Configuración de Facturapi cargada - Plan: premium, API Key disponible: SÍ
[03-Sep-2026 17:10:43 America/Mexico_City] Error al obtener configuración: SQLSTATE[42S22]: Column not found: 1054 Unknown column 'paypal_client_id' in 'field list'
[03-Sep-2026 17:10:43 America/Mexico_City] ✅ Caja encontrada por ID de sesión - ID: 6
[03-Sep-2026 17:11:26 America/Mexico_City] 📋 Datos empresa - Plan: premium, Org ID: , Timbres: 500
[03-Sep-2026 17:11:26 America/Mexico_City] ⚠️ No se puede obtener API Key - Org ID: 
[03-Sep-2026 17:11:26 America/Mexico_City] ✅ Configuración de Facturapi cargada - Plan: premium, API Key disponible: SÍ
[03-Sep-2026 17:11:26 America/Mexico_City] Error al obtener configuración: SQLSTATE[42S22]: Column not found: 1054 Unknown column 'paypal_client_id' in 'field list'
[03-Sep-2026 17:11:26 America/Mexico_City] ✅ Caja encontrada por ID de sesión - ID: 6
[03-Sep-2026 17:11:29 America/Mexico_City] 📋 Datos empresa - Plan: premium, Org ID: , Timbres: 500
[03-Sep-2026 17:11:29 America/Mexico_City] ⚠️ No se puede obtener API Key - Org ID: 
[03-Sep-2026 17:11:29 America/Mexico_City] ✅ Configuración de Facturapi cargada - Plan: premium, API Key disponible: SÍ
[03-Sep-2026 17:11:29 America/Mexico_City] Error al obtener configuración: SQLSTATE[42S22]: Column not found: 1054 Unknown column 'paypal_client_id' in 'field list'
[03-Sep-2026 17:11:29 America/Mexico_City] ✅ Caja encontrada por ID de sesión - ID: 6
[03-Sep-2026 17:11:58 America/Mexico_City] 📋 Datos empresa - Plan: premium, Org ID: , Timbres: 500
[03-Sep-2026 17:11:58 America/Mexico_City] ⚠️ No se puede obtener API Key - Org ID: 
[03-Sep-2026 17:11:58 America/Mexico_City] ✅ Configuración de Facturapi cargada - Plan: premium, API Key disponible: SÍ
[03-Sep-2026 17:11:58 America/Mexico_City] Error al obtener configuración: SQLSTATE[42S22]: Column not found: 1054 Unknown column 'paypal_client_id' in 'field list'
[03-Sep-2026 17:11:58 America/Mexico_City] ✅ Caja encontrada por ID de sesión - ID: 6
[03-Sep-2026 17:11:59 America/Mexico_City] 📋 Datos empresa - Plan: premium, Org ID: , Timbres: 500
[03-Sep-2026 17:11:59 America/Mexico_City] ⚠️ No se puede obtener API Key - Org ID: 
[03-Sep-2026 17:11:59 America/Mexico_City] ✅ Configuración de Facturapi cargada - Plan: premium, API Key disponible: SÍ
[03-Sep-2026 17:11:59 America/Mexico_City] Error al obtener configuración: SQLSTATE[42S22]: Column not found: 1054 Unknown column 'paypal_client_id' in 'field list'
[03-Sep-2026 17:11:59 America/Mexico_City] ✅ Caja encontrada por ID de sesión - ID: 6
[03-Sep-2026 17:12:51 America/Mexico_City] 📋 Datos empresa - Plan: premium, Org ID: , Timbres: 500
[03-Sep-2026 17:12:51 America/Mexico_City] ⚠️ No se puede obtener API Key - Org ID: 
[03-Sep-2026 17:12:51 America/Mexico_City] ✅ Configuración de Facturapi cargada - Plan: premium, API Key disponible: SÍ
[03-Sep-2026 17:12:51 America/Mexico_City] Error al obtener configuración: SQLSTATE[42S22]: Column not found: 1054 Unknown column 'paypal_client_id' in 'field list'
[03-Sep-2026 17:12:51 America/Mexico_City] ✅ Caja encontrada por ID de sesión - ID: 6
[03-Sep-2026 17:12:51 America/Mexico_City] === INICIO PROCESAR PAGO ===
[03-Sep-2026 17:12:51 America/Mexico_City] Plan de empresa: premium
[03-Sep-2026 17:12:51 America/Mexico_City] Timbres disponibles: 500
[03-Sep-2026 17:12:51 America/Mexico_City] ✅ Venta insertada - ID: 113, Código: 20260903171251
[03-Sep-2026 17:12:51 America/Mexico_City] ✅ STOCK ACTUALIZADO - Producto: TRABAJO FINANCIERO ESPECIFICO, Cantidad descontada: 1
[03-Sep-2026 17:12:51 America/Mexico_City] ✅ Caja actualizada correctamente
[03-Sep-2026 17:12:51 America/Mexico_City] 🎯 Plan Premium detectado - Generando recibo Facturapi
[03-Sep-2026 17:12:51 America/Mexico_City] 🔑 Usando API Key: sk_test_3N...
[03-Sep-2026 17:12:51 America/Mexico_City] ⚠️ Producto ID 139 no tiene facturapi_producto_id
[03-Sep-2026 17:12:51 America/Mexico_City] ❌ Error al crear recibo Facturapi: No se encontraron productos válidos para Facturapi.
[03-Sep-2026 17:12:51 America/Mexico_City] 📋 Datos empresa - Plan: premium, Org ID: , Timbres: 500
[03-Sep-2026 17:12:51 America/Mexico_City] ⚠️ No se puede obtener API Key - Org ID: 
[03-Sep-2026 17:12:51 America/Mexico_City] ✅ Configuración de Facturapi cargada - Plan: premium, API Key disponible: SÍ
[03-Sep-2026 17:12:51 America/Mexico_City] Error al obtener configuración: SQLSTATE[42S22]: Column not found: 1054 Unknown column 'paypal_client_id' in 'field list'
[03-Sep-2026 17:12:51 America/Mexico_City] ✅ Caja encontrada por ID de sesión - ID: 6
[03-Sep-2026 17:13:29 America/Mexico_City] 📋 Datos empresa - Plan: premium, Org ID: , Timbres: 500
[03-Sep-2026 17:13:29 America/Mexico_City] ⚠️ No se puede obtener API Key - Org ID: 
[03-Sep-2026 17:13:29 America/Mexico_City] ✅ Configuración de Facturapi cargada - Plan: premium, API Key disponible: SÍ
[03-Sep-2026 17:13:29 America/Mexico_City] Error al obtener configuración: SQLSTATE[42S22]: Column not found: 1054 Unknown column 'paypal_client_id' in 'field list'
[03-Sep-2026 17:13:29 America/Mexico_City] ✅ Caja encontrada por ID de sesión - ID: 6
[03-Sep-2026 17:13:29 America/Mexico_City] 📋 Datos empresa - Plan: premium, Org ID: , Timbres: 500
[03-Sep-2026 17:13:29 America/Mexico_City] ⚠️ No se puede obtener API Key - Org ID: 
[03-Sep-2026 17:13:29 America/Mexico_City] ✅ Configuración de Facturapi cargada - Plan: premium, API Key disponible: SÍ
[03-Sep-2026 17:13:29 America/Mexico_City] Error al obtener configuración: SQLSTATE[42S22]: Column not found: 1054 Unknown column 'paypal_client_id' in 'field list'
[03-Sep-2026 17:13:29 America/Mexico_City] ✅ Caja encontrada por ID de sesión - ID: 6
[03-Sep-2026 17:13:44 America/Mexico_City] 📋 Datos empresa - Plan: premium, Org ID: , Timbres: 500
[03-Sep-2026 17:13:44 America/Mexico_City] ⚠️ No se puede obtener API Key - Org ID: 
[03-Sep-2026 17:13:44 America/Mexico_City] ✅ Configuración de Facturapi cargada - Plan: premium, API Key disponible: SÍ
[03-Sep-2026 17:13:44 America/Mexico_City] Error al obtener configuración: SQLSTATE[42S22]: Column not found: 1054 Unknown column 'paypal_client_id' in 'field list'
[03-Sep-2026 17:13:44 America/Mexico_City] ✅ Caja encontrada por ID de sesión - ID: 6
[03-Sep-2026 17:13:52 America/Mexico_City] 📋 Datos empresa - Plan: premium, Org ID: , Timbres: 500
[03-Sep-2026 17:13:52 America/Mexico_City] ⚠️ No se puede obtener API Key - Org ID: 
[03-Sep-2026 17:13:52 America/Mexico_City] ✅ Configuración de Facturapi cargada - Plan: premium, API Key disponible: SÍ
[03-Sep-2026 17:13:52 America/Mexico_City] Error al obtener configuración: SQLSTATE[42S22]: Column not found: 1054 Unknown column 'paypal_client_id' in 'field list'
[03-Sep-2026 17:13:52 America/Mexico_City] ✅ Caja encontrada por ID de sesión - ID: 6
[03-Sep-2026 17:13:53 America/Mexico_City] 📋 Datos empresa - Plan: premium, Org ID: , Timbres: 500
[03-Sep-2026 17:13:53 America/Mexico_City] ⚠️ No se puede obtener API Key - Org ID: 
[03-Sep-2026 17:13:53 America/Mexico_City] ✅ Configuración de Facturapi cargada - Plan: premium, API Key disponible: SÍ
[03-Sep-2026 17:13:53 America/Mexico_City] Error al obtener configuración: SQLSTATE[42S22]: Column not found: 1054 Unknown column 'paypal_client_id' in 'field list'
[03-Sep-2026 17:13:53 America/Mexico_City] ✅ Caja encontrada por ID de sesión - ID: 6
[03-Sep-2026 17:14:29 America/Mexico_City] 📋 Datos empresa - Plan: premium, Org ID: , Timbres: 500
[03-Sep-2026 17:14:29 America/Mexico_City] ⚠️ No se puede obtener API Key - Org ID: 
[03-Sep-2026 17:14:29 America/Mexico_City] ✅ Configuración de Facturapi cargada - Plan: premium, API Key disponible: SÍ
[03-Sep-2026 17:14:29 America/Mexico_City] Error al obtener configuración: SQLSTATE[42S22]: Column not found: 1054 Unknown column 'paypal_client_id' in 'field list'
[03-Sep-2026 17:14:29 America/Mexico_City] ✅ Caja encontrada por ID de sesión - ID: 6
[03-Sep-2026 17:14:29 America/Mexico_City] === INICIO PROCESAR PAGO ===
[03-Sep-2026 17:14:29 America/Mexico_City] Plan de empresa: premium
[03-Sep-2026 17:14:29 America/Mexico_City] Timbres disponibles: 500
[03-Sep-2026 17:14:29 America/Mexico_City] ✅ Venta insertada - ID: 114, Código: 20260903171429
[03-Sep-2026 17:14:29 America/Mexico_City] ✅ STOCK ACTUALIZADO - Producto: TRABAJO ESPECIFICO SERVICIO LEGAL, Cantidad descontada: 1
[03-Sep-2026 17:14:29 America/Mexico_City] ✅ Caja actualizada correctamente
[03-Sep-2026 17:14:29 America/Mexico_City] 🎯 Plan Premium detectado - Generando recibo Facturapi
[03-Sep-2026 17:14:29 America/Mexico_City] 🔑 Usando API Key: sk_test_3N...
[03-Sep-2026 17:14:29 America/Mexico_City] ⚠️ Producto ID 136 no tiene facturapi_producto_id
[03-Sep-2026 17:14:29 America/Mexico_City] ❌ Error al crear recibo Facturapi: No se encontraron productos válidos para Facturapi.
[03-Sep-2026 17:14:29 America/Mexico_City] 📋 Datos empresa - Plan: premium, Org ID: , Timbres: 500
[03-Sep-2026 17:14:29 America/Mexico_City] ⚠️ No se puede obtener API Key - Org ID: 
[03-Sep-2026 17:14:29 America/Mexico_City] ✅ Configuración de Facturapi cargada - Plan: premium, API Key disponible: SÍ
[03-Sep-2026 17:14:29 America/Mexico_City] Error al obtener configuración: SQLSTATE[42S22]: Column not found: 1054 Unknown column 'paypal_client_id' in 'field list'
[03-Sep-2026 17:14:29 America/Mexico_City] ✅ Caja encontrada por ID de sesión - ID: 6
[04-Sep-2026 15:50:25 America/Mexico_City] 📋 Datos empresa - Plan: premium, Org ID: , Timbres: 500
[04-Sep-2026 15:50:25 America/Mexico_City] ⚠️ No se puede obtener API Key - Org ID: 
[04-Sep-2026 15:50:25 America/Mexico_City] ✅ Configuración de Facturapi cargada - Plan: premium, API Key disponible: SÍ
[04-Sep-2026 15:50:25 America/Mexico_City] Error al obtener configuración: SQLSTATE[42S22]: Column not found: 1054 Unknown column 'paypal_client_id' in 'field list'
[04-Sep-2026 15:50:25 America/Mexico_City] Buscando caja por usuario/sucursal...
[04-Sep-2026 15:50:25 America/Mexico_City] ✅ Caja encontrada por usuario/sucursal - ID: 4
[04-Sep-2026 15:54:00 America/Mexico_City] 📋 Datos empresa - Plan: premium, Org ID: , Timbres: 500
[04-Sep-2026 15:54:00 America/Mexico_City] ⚠️ No se puede obtener API Key - Org ID: 
[04-Sep-2026 15:54:00 America/Mexico_City] ✅ Configuración de Facturapi cargada - Plan: premium, API Key disponible: SÍ
[04-Sep-2026 15:54:00 America/Mexico_City] Error al obtener configuración: SQLSTATE[42S22]: Column not found: 1054 Unknown column 'paypal_client_id' in 'field list'
[04-Sep-2026 15:54:00 America/Mexico_City] ✅ Caja encontrada por ID de sesión - ID: 4
[04-Sep-2026 15:54:07 America/Mexico_City] 📋 Datos empresa - Plan: premium, Org ID: 6986242e7c56a2008bcd3869, Timbres: 497
[04-Sep-2026 15:54:07 America/Mexico_City] 🔑 Obteniendo API Key de prueba para organización: 6986242e7c56a2008bcd3869
[04-Sep-2026 15:54:08 America/Mexico_City] ✅ API Key de prueba obtenida correctamente
[04-Sep-2026 15:54:08 America/Mexico_City] 💾 API Key de prueba guardada en sistema_config
[04-Sep-2026 15:54:08 America/Mexico_City] ✅ Configuración de Facturapi cargada - Plan: premium, API Key disponible: SÍ
[04-Sep-2026 15:54:08 America/Mexico_City] Buscando caja por usuario/sucursal...
[04-Sep-2026 15:54:08 America/Mexico_City] ✅ Caja encontrada por usuario/sucursal - ID: 8
[04-Sep-2026 15:54:10 America/Mexico_City] 📋 Datos empresa - Plan: premium, Org ID: 6986242e7c56a2008bcd3869, Timbres: 497
[04-Sep-2026 15:54:10 America/Mexico_City] 🔑 Obteniendo API Key de prueba para organización: 6986242e7c56a2008bcd3869
[04-Sep-2026 15:54:10 America/Mexico_City] ✅ API Key de prueba obtenida correctamente
[04-Sep-2026 15:54:10 America/Mexico_City] 💾 API Key de prueba guardada en sistema_config
[04-Sep-2026 15:54:10 America/Mexico_City] ✅ Configuración de Facturapi cargada - Plan: premium, API Key disponible: SÍ
[04-Sep-2026 15:54:10 America/Mexico_City] ✅ Caja encontrada por ID de sesión - ID: 8
[04-Sep-2026 15:54:16 America/Mexico_City] 📋 Datos empresa - Plan: premium, Org ID: 6986242e7c56a2008bcd3869, Timbres: 497
[04-Sep-2026 15:54:16 America/Mexico_City] 🔑 Obteniendo API Key de prueba para organización: 6986242e7c56a2008bcd3869
[04-Sep-2026 15:54:17 America/Mexico_City] ✅ API Key de prueba obtenida correctamente
[04-Sep-2026 15:54:17 America/Mexico_City] 💾 API Key de prueba guardada en sistema_config
[04-Sep-2026 15:54:17 America/Mexico_City] ✅ Configuración de Facturapi cargada - Plan: premium, API Key disponible: SÍ
[04-Sep-2026 15:54:17 America/Mexico_City] ✅ Caja encontrada por ID de sesión - ID: 8
[04-Sep-2026 15:58:33 America/Mexico_City] 📋 Datos empresa - Plan: premium, Org ID: 6986242e7c56a2008bcd3869, Timbres: 497
[04-Sep-2026 15:58:33 America/Mexico_City] 🔑 Obteniendo API Key de prueba para organización: 6986242e7c56a2008bcd3869
[04-Sep-2026 15:58:33 America/Mexico_City] ✅ API Key de prueba obtenida correctamente
[04-Sep-2026 15:58:33 America/Mexico_City] 💾 API Key de prueba guardada en sistema_config
[04-Sep-2026 15:58:33 America/Mexico_City] ✅ Configuración de Facturapi cargada - Plan: premium, API Key disponible: SÍ
[04-Sep-2026 15:58:33 America/Mexico_City] ✅ Caja encontrada por ID de sesión - ID: 8
[04-Sep-2026 15:58:53 America/Mexico_City] 📋 Datos empresa - Plan: premium, Org ID: 6986242e7c56a2008bcd3869, Timbres: 497
[04-Sep-2026 15:58:53 America/Mexico_City] 🔑 Obteniendo API Key de prueba para organización: 6986242e7c56a2008bcd3869
[04-Sep-2026 15:58:54 America/Mexico_City] ✅ API Key de prueba obtenida correctamente
[04-Sep-2026 15:58:54 America/Mexico_City] 💾 API Key de prueba guardada en sistema_config
[04-Sep-2026 15:58:54 America/Mexico_City] ✅ Configuración de Facturapi cargada - Plan: premium, API Key disponible: SÍ
[04-Sep-2026 15:58:54 America/Mexico_City] ✅ Caja encontrada por ID de sesión - ID: 8
[04-Sep-2026 15:58:54 America/Mexico_City] === INICIO PROCESAR PAGO ===
[04-Sep-2026 15:58:54 America/Mexico_City] Plan de empresa: premium
[04-Sep-2026 15:58:54 America/Mexico_City] Timbres disponibles: 497
[04-Sep-2026 15:58:54 America/Mexico_City] ✅ Venta insertada - ID: 201, Código: 20260904155854
[04-Sep-2026 15:58:54 America/Mexico_City] ✅ STOCK ACTUALIZADO - Producto: Bordados, Cantidad descontada: 1
[04-Sep-2026 15:58:54 America/Mexico_City] ❌ Error en venta: SQLSTATE[42S02]: Base table or view not found: 1146 Table 'juanc141_grupo_ideas_mx.venta_pagos' doesn't exist
[04-Sep-2026 15:58:54 America/Mexico_City] 📋 Datos empresa - Plan: premium, Org ID: 6986242e7c56a2008bcd3869, Timbres: 497
[04-Sep-2026 15:58:54 America/Mexico_City] 🔑 Obteniendo API Key de prueba para organización: 6986242e7c56a2008bcd3869
[04-Sep-2026 15:58:55 America/Mexico_City] ✅ API Key de prueba obtenida correctamente
[04-Sep-2026 15:58:55 America/Mexico_City] 💾 API Key de prueba guardada en sistema_config
[04-Sep-2026 15:58:55 America/Mexico_City] ✅ Configuración de Facturapi cargada - Plan: premium, API Key disponible: SÍ
[04-Sep-2026 15:58:55 America/Mexico_City] ✅ Caja encontrada por ID de sesión - ID: 8
[04-Sep-2026 16:06:05 America/Mexico_City] 📋 Datos empresa - Plan: premium, Org ID: 6986242e7c56a2008bcd3869, Timbres: 497
[04-Sep-2026 16:06:05 America/Mexico_City] 🔑 Obteniendo API Key de prueba para organización: 6986242e7c56a2008bcd3869
[04-Sep-2026 16:06:06 America/Mexico_City] ✅ API Key de prueba obtenida correctamente
[04-Sep-2026 16:06:06 America/Mexico_City] 💾 API Key de prueba guardada en sistema_config
[04-Sep-2026 16:06:06 America/Mexico_City] ✅ Configuración de Facturapi cargada - Plan: premium, API Key disponible: SÍ
[04-Sep-2026 16:06:06 America/Mexico_City] Buscando caja por usuario/sucursal...
[04-Sep-2026 16:06:06 America/Mexico_City] ✅ Caja encontrada por usuario/sucursal - ID: 8
[04-Sep-2026 16:06:08 America/Mexico_City] 📋 Datos empresa - Plan: premium, Org ID: 6986242e7c56a2008bcd3869, Timbres: 497
[04-Sep-2026 16:06:08 America/Mexico_City] 🔑 Obteniendo API Key de prueba para organización: 6986242e7c56a2008bcd3869
[04-Sep-2026 16:06:08 America/Mexico_City] ✅ API Key de prueba obtenida correctamente
[04-Sep-2026 16:06:08 America/Mexico_City] 💾 API Key de prueba guardada en sistema_config
[04-Sep-2026 16:06:08 America/Mexico_City] ✅ Configuración de Facturapi cargada - Plan: premium, API Key disponible: SÍ
[04-Sep-2026 16:06:08 America/Mexico_City] ✅ Caja encontrada por ID de sesión - ID: 8
[04-Sep-2026 16:06:13 America/Mexico_City] 📋 Datos empresa - Plan: premium, Org ID: 6986242e7c56a2008bcd3869, Timbres: 497
[04-Sep-2026 16:06:13 America/Mexico_City] 🔑 Obteniendo API Key de prueba para organización: 6986242e7c56a2008bcd3869
[04-Sep-2026 16:06:13 America/Mexico_City] ✅ API Key de prueba obtenida correctamente
[04-Sep-2026 16:06:13 America/Mexico_City] 💾 API Key de prueba guardada en sistema_config
[04-Sep-2026 16:06:13 America/Mexico_City] ✅ Configuración de Facturapi cargada - Plan: premium, API Key disponible: SÍ
[04-Sep-2026 16:06:13 America/Mexico_City] ✅ Caja encontrada por ID de sesión - ID: 8
[04-Sep-2026 16:06:24 America/Mexico_City] 📋 Datos empresa - Plan: premium, Org ID: 6986242e7c56a2008bcd3869, Timbres: 497
[04-Sep-2026 16:06:24 America/Mexico_City] 🔑 Obteniendo API Key de prueba para organización: 6986242e7c56a2008bcd3869
[04-Sep-2026 16:06:24 America/Mexico_City] ✅ API Key de prueba obtenida correctamente
[04-Sep-2026 16:06:24 America/Mexico_City] 💾 API Key de prueba guardada en sistema_config
[04-Sep-2026 16:06:24 America/Mexico_City] ✅ Configuración de Facturapi cargada - Plan: premium, API Key disponible: SÍ
[04-Sep-2026 16:06:24 America/Mexico_City] ✅ Caja encontrada por ID de sesión - ID: 8
[04-Sep-2026 16:06:24 America/Mexico_City] === INICIO PROCESAR PAGO ===
[04-Sep-2026 16:06:24 America/Mexico_City] Plan de empresa: premium
[04-Sep-2026 16:06:24 America/Mexico_City] Timbres disponibles: 497
[04-Sep-2026 16:06:24 America/Mexico_City] ✅ Venta insertada - ID: 202, Código: 20260904160624
[04-Sep-2026 16:06:24 America/Mexico_City] ✅ STOCK ACTUALIZADO - Producto: Bordados, Cantidad descontada: 1
[04-Sep-2026 16:06:24 America/Mexico_City] ❌ Error en venta: SQLSTATE[42S02]: Base table or view not found: 1146 Table 'juanc141_grupo_ideas_mx.venta_pagos' doesn't exist
[04-Sep-2026 16:06:25 America/Mexico_City] 📋 Datos empresa - Plan: premium, Org ID: 6986242e7c56a2008bcd3869, Timbres: 497
[04-Sep-2026 16:06:25 America/Mexico_City] 🔑 Obteniendo API Key de prueba para organización: 6986242e7c56a2008bcd3869
[04-Sep-2026 16:06:25 America/Mexico_City] ✅ API Key de prueba obtenida correctamente
[04-Sep-2026 16:06:25 America/Mexico_City] 💾 API Key de prueba guardada en sistema_config
[04-Sep-2026 16:06:25 America/Mexico_City] ✅ Configuración de Facturapi cargada - Plan: premium, API Key disponible: SÍ
[04-Sep-2026 16:06:25 America/Mexico_City] ✅ Caja encontrada por ID de sesión - ID: 8
[04-Sep-2026 16:06:32 America/Mexico_City] 📋 Datos empresa - Plan: premium, Org ID: 6986242e7c56a2008bcd3869, Timbres: 497
[04-Sep-2026 16:06:32 America/Mexico_City] 🔑 Obteniendo API Key de prueba para organización: 6986242e7c56a2008bcd3869
[04-Sep-2026 16:06:33 America/Mexico_City] ✅ API Key de prueba obtenida correctamente
[04-Sep-2026 16:06:33 America/Mexico_City] 💾 API Key de prueba guardada en sistema_config
[04-Sep-2026 16:06:33 America/Mexico_City] ✅ Configuración de Facturapi cargada - Plan: premium, API Key disponible: SÍ
[04-Sep-2026 16:06:33 America/Mexico_City] ✅ Caja encontrada por ID de sesión - ID: 8
[04-Sep-2026 16:06:33 America/Mexico_City] === INICIO PROCESAR PAGO ===
[04-Sep-2026 16:06:33 America/Mexico_City] Plan de empresa: premium
[04-Sep-2026 16:06:33 America/Mexico_City] Timbres disponibles: 497
[04-Sep-2026 16:06:33 America/Mexico_City] ✅ Venta insertada - ID: 203, Código: 20260904160633
[04-Sep-2026 16:06:33 America/Mexico_City] ✅ STOCK ACTUALIZADO - Producto: Bordados, Cantidad descontada: 1
[04-Sep-2026 16:06:33 America/Mexico_City] ❌ Error en venta: SQLSTATE[42S02]: Base table or view not found: 1146 Table 'juanc141_grupo_ideas_mx.venta_pagos' doesn't exist
[04-Sep-2026 16:06:33 America/Mexico_City] 📋 Datos empresa - Plan: premium, Org ID: 6986242e7c56a2008bcd3869, Timbres: 497
[04-Sep-2026 16:06:33 America/Mexico_City] 🔑 Obteniendo API Key de prueba para organización: 6986242e7c56a2008bcd3869
[04-Sep-2026 16:06:33 America/Mexico_City] ✅ API Key de prueba obtenida correctamente
[04-Sep-2026 16:06:33 America/Mexico_City] 💾 API Key de prueba guardada en sistema_config
[04-Sep-2026 16:06:33 America/Mexico_City] ✅ Configuración de Facturapi cargada - Plan: premium, API Key disponible: SÍ
[04-Sep-2026 16:06:33 America/Mexico_City] ✅ Caja encontrada por ID de sesión - ID: 8
[04-Sep-2026 16:08:48 America/Mexico_City] 📋 Datos empresa - Plan: premium, Org ID: 6986242e7c56a2008bcd3869, Timbres: 497
[04-Sep-2026 16:08:48 America/Mexico_City] 🔑 Obteniendo API Key de prueba para organización: 6986242e7c56a2008bcd3869
[04-Sep-2026 16:08:49 America/Mexico_City] ✅ API Key de prueba obtenida correctamente
[04-Sep-2026 16:08:49 America/Mexico_City] 💾 API Key de prueba guardada en sistema_config
[04-Sep-2026 16:08:49 America/Mexico_City] ✅ Configuración de Facturapi cargada - Plan: premium, API Key disponible: SÍ
[04-Sep-2026 16:08:49 America/Mexico_City] ✅ Caja encontrada por ID de sesión - ID: 8
[04-Sep-2026 16:08:49 America/Mexico_City] === INICIO PROCESAR PAGO ===
[04-Sep-2026 16:08:49 America/Mexico_City] Plan de empresa: premium
[04-Sep-2026 16:08:49 America/Mexico_City] Timbres disponibles: 497
[04-Sep-2026 16:08:49 America/Mexico_City] ✅ Venta insertada - ID: 204, Código: 20260904160849
[04-Sep-2026 16:08:49 America/Mexico_City] ✅ STOCK ACTUALIZADO - Producto: Bordados, Cantidad descontada: 1
[04-Sep-2026 16:08:49 America/Mexico_City] ✅ Pago registrado: 300 de 1200 (anticipo)
[04-Sep-2026 16:08:49 America/Mexico_City] ✅ Caja actualizada correctamente
[04-Sep-2026 16:08:49 America/Mexico_City] ✅ Gasto automático registrado para la venta 204 - Monto: 950
[04-Sep-2026 16:08:49 America/Mexico_City] 🎯 Plan Premium detectado - Generando recibo Facturapi
[04-Sep-2026 16:08:49 America/Mexico_City] 🔑 Usando API Key: sk_test_J6...
[04-Sep-2026 16:08:49 America/Mexico_City] ⚠️ Producto ID 7 no tiene facturapi_producto_id
[04-Sep-2026 16:08:49 America/Mexico_City] ❌ Error al crear recibo Facturapi: No se encontraron productos válidos para Facturapi.
[04-Sep-2026 16:08:49 America/Mexico_City] 📋 Datos empresa - Plan: premium, Org ID: 6986242e7c56a2008bcd3869, Timbres: 497
[04-Sep-2026 16:08:49 America/Mexico_City] 🔑 Obteniendo API Key de prueba para organización: 6986242e7c56a2008bcd3869
[04-Sep-2026 16:08:49 America/Mexico_City] ✅ API Key de prueba obtenida correctamente
[04-Sep-2026 16:08:49 America/Mexico_City] 💾 API Key de prueba guardada en sistema_config
[04-Sep-2026 16:08:49 America/Mexico_City] ✅ Configuración de Facturapi cargada - Plan: premium, API Key disponible: SÍ
[04-Sep-2026 16:08:49 America/Mexico_City] ✅ Caja encontrada por ID de sesión - ID: 8
[04-Sep-2026 16:51:34 America/Mexico_City] 📋 Datos empresa - Plan: premium, Org ID: , Timbres: 500
[04-Sep-2026 16:51:34 America/Mexico_City] ⚠️ No se puede obtener API Key - Org ID: 
[04-Sep-2026 16:51:34 America/Mexico_City] ✅ Configuración de Facturapi cargada - Plan: premium, API Key disponible: SÍ
[04-Sep-2026 16:51:34 America/Mexico_City] Error al obtener configuración: SQLSTATE[42S22]: Column not found: 1054 Unknown column 'paypal_client_id' in 'field list'
[04-Sep-2026 16:51:34 America/Mexico_City] Buscando caja por usuario/sucursal...
[04-Sep-2026 16:51:34 America/Mexico_City] ✅ Caja encontrada por usuario/sucursal - ID: 5
[04-Sep-2026 16:51:44 America/Mexico_City] 📋 Datos empresa - Plan: premium, Org ID: , Timbres: 500
[04-Sep-2026 16:51:44 America/Mexico_City] ⚠️ No se puede obtener API Key - Org ID: 
[04-Sep-2026 16:51:44 America/Mexico_City] ✅ Configuración de Facturapi cargada - Plan: premium, API Key disponible: SÍ
[04-Sep-2026 16:51:44 America/Mexico_City] Error al obtener configuración: SQLSTATE[42S22]: Column not found: 1054 Unknown column 'paypal_client_id' in 'field list'
[04-Sep-2026 16:51:44 America/Mexico_City] ✅ Caja encontrada por ID de sesión - ID: 5
[04-Sep-2026 16:51:47 America/Mexico_City] 📋 Datos empresa - Plan: premium, Org ID: , Timbres: 500
[04-Sep-2026 16:51:47 America/Mexico_City] ⚠️ No se puede obtener API Key - Org ID: 
[04-Sep-2026 16:51:47 America/Mexico_City] ✅ Configuración de Facturapi cargada - Plan: premium, API Key disponible: SÍ
[04-Sep-2026 16:51:47 America/Mexico_City] Error al obtener configuración: SQLSTATE[42S22]: Column not found: 1054 Unknown column 'paypal_client_id' in 'field list'
[04-Sep-2026 16:51:47 America/Mexico_City] ✅ Caja encontrada por ID de sesión - ID: 5
[04-Sep-2026 17:02:11 America/Mexico_City] 📋 Datos empresa - Plan: premium, Org ID: , Timbres: 500
[04-Sep-2026 17:02:11 America/Mexico_City] ⚠️ No se puede obtener API Key - Org ID: 
[04-Sep-2026 17:02:11 America/Mexico_City] ✅ Configuración de Facturapi cargada - Plan: premium, API Key disponible: SÍ
[04-Sep-2026 17:02:11 America/Mexico_City] Error al obtener configuración: SQLSTATE[42S22]: Column not found: 1054 Unknown column 'paypal_client_id' in 'field list'
[04-Sep-2026 17:02:11 America/Mexico_City] Buscando caja por usuario/sucursal...
[04-Sep-2026 17:02:11 America/Mexico_City] ✅ Caja encontrada por usuario/sucursal - ID: 4
[04-Sep-2026 17:02:44 America/Mexico_City] 📋 Datos empresa - Plan: premium, Org ID: , Timbres: 500
[04-Sep-2026 17:02:44 America/Mexico_City] ⚠️ No se puede obtener API Key - Org ID: 
[04-Sep-2026 17:02:44 America/Mexico_City] ✅ Configuración de Facturapi cargada - Plan: premium, API Key disponible: SÍ
[04-Sep-2026 17:02:44 America/Mexico_City] Error al obtener configuración: SQLSTATE[42S22]: Column not found: 1054 Unknown column 'paypal_client_id' in 'field list'
[04-Sep-2026 17:02:44 America/Mexico_City] ✅ Caja encontrada por ID de sesión - ID: 4
[04-Sep-2026 17:02:48 America/Mexico_City] 📋 Datos empresa - Plan: premium, Org ID: , Timbres: 500
[04-Sep-2026 17:02:48 America/Mexico_City] ⚠️ No se puede obtener API Key - Org ID: 
[04-Sep-2026 17:02:48 America/Mexico_City] ✅ Configuración de Facturapi cargada - Plan: premium, API Key disponible: SÍ
[04-Sep-2026 17:02:48 America/Mexico_City] Error al obtener configuración: SQLSTATE[42S22]: Column not found: 1054 Unknown column 'paypal_client_id' in 'field list'
[04-Sep-2026 17:02:48 America/Mexico_City] ✅ Caja encontrada por ID de sesión - ID: 4
[04-Sep-2026 17:02:56 America/Mexico_City] 📋 Datos empresa - Plan: premium, Org ID: , Timbres: 500
[04-Sep-2026 17:02:56 America/Mexico_City] ⚠️ No se puede obtener API Key - Org ID: 
[04-Sep-2026 17:02:56 America/Mexico_City] ✅ Configuración de Facturapi cargada - Plan: premium, API Key disponible: SÍ
[04-Sep-2026 17:02:56 America/Mexico_City] Error al obtener configuración: SQLSTATE[42S22]: Column not found: 1054 Unknown column 'paypal_client_id' in 'field list'
[04-Sep-2026 17:02:56 America/Mexico_City] ✅ Caja encontrada por ID de sesión - ID: 4
[04-Sep-2026 17:02:57 America/Mexico_City] 📋 Datos empresa - Plan: premium, Org ID: , Timbres: 500
[04-Sep-2026 17:02:57 America/Mexico_City] ⚠️ No se puede obtener API Key - Org ID: 
[04-Sep-2026 17:02:57 America/Mexico_City] ✅ Configuración de Facturapi cargada - Plan: premium, API Key disponible: SÍ
[04-Sep-2026 17:02:57 America/Mexico_City] Error al obtener configuración: SQLSTATE[42S22]: Column not found: 1054 Unknown column 'paypal_client_id' in 'field list'
[04-Sep-2026 17:02:57 America/Mexico_City] ✅ Caja encontrada por ID de sesión - ID: 4
[07-Sep-2026 10:10:47 America/Mexico_City] 📋 Datos empresa - Plan: premium, Org ID: , Timbres: 500
[07-Sep-2026 10:10:47 America/Mexico_City] ⚠️ No se puede obtener API Key - Org ID: 
[07-Sep-2026 10:10:47 America/Mexico_City] ✅ Configuración de Facturapi cargada - Plan: premium, API Key disponible: SÍ
[07-Sep-2026 10:10:47 America/Mexico_City] Error al obtener configuración: SQLSTATE[42S22]: Column not found: 1054 Unknown column 'paypal_client_id' in 'field list'
[07-Sep-2026 10:10:47 America/Mexico_City] Buscando caja por usuario/sucursal...
[07-Sep-2026 10:10:47 America/Mexico_City] ✅ Caja encontrada por usuario/sucursal - ID: 6
[07-Sep-2026 10:10:55 America/Mexico_City] 📋 Datos empresa - Plan: premium, Org ID: , Timbres: 500
[07-Sep-2026 10:10:55 America/Mexico_City] ⚠️ No se puede obtener API Key - Org ID: 
[07-Sep-2026 10:10:55 America/Mexico_City] ✅ Configuración de Facturapi cargada - Plan: premium, API Key disponible: SÍ
[07-Sep-2026 10:10:55 America/Mexico_City] Error al obtener configuración: SQLSTATE[42S22]: Column not found: 1054 Unknown column 'paypal_client_id' in 'field list'
[07-Sep-2026 10:10:55 America/Mexico_City] ✅ Caja encontrada por ID de sesión - ID: 6
[07-Sep-2026 10:14:34 America/Mexico_City] 📋 Datos empresa - Plan: premium, Org ID: , Timbres: 500
[07-Sep-2026 10:14:34 America/Mexico_City] ⚠️ No se puede obtener API Key - Org ID: 
[07-Sep-2026 10:14:34 America/Mexico_City] ✅ Configuración de Facturapi cargada - Plan: premium, API Key disponible: SÍ
[07-Sep-2026 10:14:34 America/Mexico_City] Error al obtener configuración: SQLSTATE[42S22]: Column not found: 1054 Unknown column 'paypal_client_id' in 'field list'
[07-Sep-2026 10:14:34 America/Mexico_City] Buscando caja por usuario/sucursal...
[07-Sep-2026 10:14:34 America/Mexico_City] ✅ Caja encontrada por usuario/sucursal - ID: 6
[07-Sep-2026 10:14:39 America/Mexico_City] 📋 Datos empresa - Plan: premium, Org ID: , Timbres: 500
[07-Sep-2026 10:14:39 America/Mexico_City] ⚠️ No se puede obtener API Key - Org ID: 
[07-Sep-2026 10:14:39 America/Mexico_City] ✅ Configuración de Facturapi cargada - Plan: premium, API Key disponible: SÍ
[07-Sep-2026 10:14:39 America/Mexico_City] Error al obtener configuración: SQLSTATE[42S22]: Column not found: 1054 Unknown column 'paypal_client_id' in 'field list'
[07-Sep-2026 10:14:39 America/Mexico_City] ✅ Caja encontrada por ID de sesión - ID: 6
[07-Sep-2026 10:15:29 America/Mexico_City] 📋 Datos empresa - Plan: premium, Org ID: 6986242e7c56a2008bcd3869, Timbres: 497
[07-Sep-2026 10:15:29 America/Mexico_City] 🔑 Obteniendo API Key de prueba para organización: 6986242e7c56a2008bcd3869
[07-Sep-2026 10:15:30 America/Mexico_City] ✅ API Key de prueba obtenida correctamente
[07-Sep-2026 10:15:30 America/Mexico_City] 💾 API Key de prueba guardada en sistema_config
[07-Sep-2026 10:15:30 America/Mexico_City] ✅ Configuración de Facturapi cargada - Plan: premium, API Key disponible: SÍ
[07-Sep-2026 10:15:30 America/Mexico_City] Buscando caja por usuario/sucursal...
[07-Sep-2026 10:15:30 America/Mexico_City] ✅ Caja encontrada por usuario/sucursal - ID: 8
[07-Sep-2026 10:15:32 America/Mexico_City] 📋 Datos empresa - Plan: premium, Org ID: 6986242e7c56a2008bcd3869, Timbres: 497
[07-Sep-2026 10:15:32 America/Mexico_City] 🔑 Obteniendo API Key de prueba para organización: 6986242e7c56a2008bcd3869
[07-Sep-2026 10:15:33 America/Mexico_City] ✅ API Key de prueba obtenida correctamente
[07-Sep-2026 10:15:33 America/Mexico_City] 💾 API Key de prueba guardada en sistema_config
[07-Sep-2026 10:15:33 America/Mexico_City] ✅ Configuración de Facturapi cargada - Plan: premium, API Key disponible: SÍ
[07-Sep-2026 10:15:33 America/Mexico_City] ✅ Caja encontrada por ID de sesión - ID: 8
[07-Sep-2026 10:24:22 America/Mexico_City] 📋 Datos empresa - Plan: premium, Org ID: 6986242e7c56a2008bcd3869, Timbres: 497
[07-Sep-2026 10:24:22 America/Mexico_City] 🔑 Obteniendo API Key de prueba para organización: 6986242e7c56a2008bcd3869
[07-Sep-2026 10:24:23 America/Mexico_City] ✅ API Key de prueba obtenida correctamente
[07-Sep-2026 10:24:23 America/Mexico_City] 💾 API Key de prueba guardada en sistema_config
[07-Sep-2026 10:24:23 America/Mexico_City] ✅ Configuración de Facturapi cargada - Plan: premium, API Key disponible: SÍ
[07-Sep-2026 10:24:23 America/Mexico_City] ✅ Caja encontrada por ID de sesión - ID: 8
[07-Sep-2026 10:25:07 America/Mexico_City] 📋 Datos empresa - Plan: premium, Org ID: 6986242e7c56a2008bcd3869, Timbres: 497
[07-Sep-2026 10:25:07 America/Mexico_City] 🔑 Obteniendo API Key de prueba para organización: 6986242e7c56a2008bcd3869
[07-Sep-2026 10:25:07 America/Mexico_City] ✅ API Key de prueba obtenida correctamente
[07-Sep-2026 10:25:07 America/Mexico_City] 💾 API Key de prueba guardada en sistema_config
[07-Sep-2026 10:25:07 America/Mexico_City] ✅ Configuración de Facturapi cargada - Plan: premium, API Key disponible: SÍ
[07-Sep-2026 10:25:07 America/Mexico_City] ✅ Caja encontrada por ID de sesión - ID: 8
[07-Sep-2026 10:25:07 America/Mexico_City] === INICIO PROCESAR PAGO ===
[07-Sep-2026 10:25:07 America/Mexico_City] Plan de empresa: premium
[07-Sep-2026 10:25:07 America/Mexico_City] Timbres disponibles: 497
[07-Sep-2026 10:25:07 America/Mexico_City] ✅ Venta insertada - ID: 205, Código: 20260907102507
[07-Sep-2026 10:25:07 America/Mexico_City] ✅ STOCK ACTUALIZADO - Producto: Bordados, Cantidad descontada: 1
[07-Sep-2026 10:25:07 America/Mexico_City] ✅ Pago registrado: 120 de 1200 (anticipo)
[07-Sep-2026 10:25:07 America/Mexico_City] ✅ Caja actualizada correctamente
[07-Sep-2026 10:25:07 America/Mexico_City] ✅ Gasto automático registrado para la venta 205 - Monto: 950
[07-Sep-2026 10:25:07 America/Mexico_City] 🎯 Plan Premium detectado - Generando recibo Facturapi
[07-Sep-2026 10:25:07 America/Mexico_City] 🔑 Usando API Key: sk_test_J6...
[07-Sep-2026 10:25:07 America/Mexico_City] ⚠️ Producto ID 7 no tiene facturapi_producto_id
[07-Sep-2026 10:25:07 America/Mexico_City] ❌ Error al crear recibo Facturapi: No se encontraron productos válidos para Facturapi.
[07-Sep-2026 10:25:07 America/Mexico_City] 📋 Datos empresa - Plan: premium, Org ID: 6986242e7c56a2008bcd3869, Timbres: 497
[07-Sep-2026 10:25:07 America/Mexico_City] 🔑 Obteniendo API Key de prueba para organización: 6986242e7c56a2008bcd3869
[07-Sep-2026 10:25:08 America/Mexico_City] ✅ API Key de prueba obtenida correctamente
[07-Sep-2026 10:25:08 America/Mexico_City] 💾 API Key de prueba guardada en sistema_config
[07-Sep-2026 10:25:08 America/Mexico_City] ✅ Configuración de Facturapi cargada - Plan: premium, API Key disponible: SÍ
[07-Sep-2026 10:25:08 America/Mexico_City] ✅ Caja encontrada por ID de sesión - ID: 8
[07-Sep-2026 10:25:17 America/Mexico_City] 📋 Datos empresa - Plan: premium, Org ID: 6986242e7c56a2008bcd3869, Timbres: 497
[07-Sep-2026 10:25:17 America/Mexico_City] 🔑 Obteniendo API Key de prueba para organización: 6986242e7c56a2008bcd3869
[07-Sep-2026 10:25:17 America/Mexico_City] ✅ API Key de prueba obtenida correctamente
[07-Sep-2026 10:25:17 America/Mexico_City] 💾 API Key de prueba guardada en sistema_config
[07-Sep-2026 10:25:17 America/Mexico_City] ✅ Configuración de Facturapi cargada - Plan: premium, API Key disponible: SÍ
[07-Sep-2026 10:25:17 America/Mexico_City] ✅ Caja encontrada por ID de sesión - ID: 8
[07-Sep-2026 11:18:27 America/Mexico_City] 📋 Datos empresa - Plan: premium, Org ID: 6986242e7c56a2008bcd3869, Timbres: 497
[07-Sep-2026 11:18:27 America/Mexico_City] 🔑 Obteniendo API Key de prueba para organización: 6986242e7c56a2008bcd3869
[07-Sep-2026 11:18:27 America/Mexico_City] ✅ API Key de prueba obtenida correctamente
[07-Sep-2026 11:18:27 America/Mexico_City] 💾 API Key de prueba guardada en sistema_config
[07-Sep-2026 11:18:27 America/Mexico_City] ✅ Configuración de Facturapi cargada - Plan: premium, API Key disponible: SÍ
[07-Sep-2026 11:18:27 America/Mexico_City] Buscando caja por usuario/sucursal...
[07-Sep-2026 11:18:27 America/Mexico_City] ✅ Caja encontrada por usuario/sucursal - ID: 8
